Workbook

Sheet Index A
A1: Tampa Bay Buccaneers | B1: Buccaneers | D1: MIA | E1: Dolphins
A2: Washington Commanders | B2: Commanders | D2: SFO | E2: 49ers
A3: Seattle Seahawks | B3: Seahawks | D3: DET | E3: Lions
A4: Carolina Panthers | B4: Panthers | D4: DAL | E4: Cowboys
A5: Kansas City Chiefs | B5: Chiefs | D5: KAN | E5: Chiefs
A6: Tennessee Titans | B6: Titans | D6: LAR | E6: Rams
A7: New York Jets | B7: Jets | D7: BUF | E7: Bills
A8: Arizona Cardinals | B8: Cardinals | D8: TAM | E8: Buccaneers
A9: San Francisco 49ers | B9: 49ers | D9: HOU | E9: Texans
A10: Houston Texans | B10: Texans | D10: GNB | E10: Packers
A11: Jacksonville Jaguars | B11: Jaguars | D11: PHI | E11: Eagles
A12: Buffalo Bills | B12: Bills | D12: WAS | E12: Commanders
... A32: Denver Broncos | B32: Broncos | D32: NYG | E32: Giants

Sheet Paste
A1: FUTURES | B1: Consensus | H1: https://www.actionnetwork.com/nfl/futures/win-totals-odds
B2: o8.5 | C2: N/A | D2: o8.5+150 | E2: o9.5+215 | F2: o7.5-132 | G2: o7.5-136 | H2: =A3 -> Tampa Bay Buccaneers | I2: =_xlfn.NUMBERVALUE(RIGHT(B2,LEN(B2)-1)) -> 8.5 | J2: Over | K2: =J2 -> Over | L2: =J3 -> 150 | M2: =INDEX('Index A'!$B$1:$B$32,MATCH($H2,'Index A'!$A$1:$A$32,0)) -> Buccaneers
A3: Tampa Bay Buccaneers | B3: 150 | C3: N/A | D3: u8.5-175 | E3: u9.5-275 | F3: u7.5+104 | G3: u7.5+112 | H3: =H2 -> Tampa Bay Buccaneers | I3: =I2 -> 8.5 | J3: =B3 -> 150 | K3: =K2 -> Over | L3: =L2 -> 150 | M3: =INDEX('Index A'!$B$1:$B$32,MATCH($H3,'Index A'!$A$1:$A$32,0)) -> Buccaneers
B4: u8.5 | H4: =H3 -> Tampa Bay Buccaneers | I4: =_xlfn.NUMBERVALUE(RIGHT(B4,LEN(B4)-1)) -> 8.5 | J4: Under | K4: =J4 -> Under | L4: =J5 -> -175 | M4: =INDEX('Index A'!$B$1:$B$32,MATCH($H4,'Index A'!$A$1:$A$32,0)) -> Buccaneers
B5: -175 | H5: =H4 -> Tampa Bay Buccaneers | I5: =I4 -> 8.5 | J5: =B5 -> -175 | K5: =K4 -> Under | L5: =L4 -> -175 | M5: =INDEX('Index A'!$B$1:$B$32,MATCH($H5,'Index A'!$A$1:$A$32,0)) -> Buccaneers
B6: o6.5 | C6: N/A | D6: o6.5-115 | E6: o6.5-130 | F6: o6.5-120 | G6: o6.5-121 | H6: =A7 -> Washington Commanders | I6: =_xlfn.NUMBERVALUE(RIGHT(B6,LEN(B6)-1)) -> 6.5 | J6: Over | K6: =J6 -> Over | L6: =J7 -> -130 | M6: =INDEX('Index A'!$B$1:$B$32,MATCH($H6,'Index A'!$A$1:$A$32,0)) -> Commanders
A7: Washington Commanders | B7: -130 | C7: N/A | D7: u6.5-105 | E7: u6.5+110 | F7: u6.5-102 | G7: u6.5+100 | H7: =H6 -> Washington Commanders | I7: =I6 -> 6.5 | J7: =B7 -> -130 | K7: =K6 -> Over | L7: =L6 -> -130 | M7: =INDEX('Index A'!$B$1:$B$32,MATCH($H7,'Index A'!$A$1:$A$32,0)) -> Commanders
B8: u6.5 | H8: =H7 -> Washington Commanders | I8: =_xlfn.NUMBERVALUE(RIGHT(B8,LEN(B8)-1)) -> 6.5 | J8: Under | K8: =J8 -> Under | L8: =J9 -> 110 | M8: =INDEX('Index A'!$B$1:$B$32,MATCH($H8,'Index A'!$A$1:$A$32,0)) -> Commanders
B9: 110 | H9: =H8 -> Washington Commanders | I9: =I8 -> 6.5 | J9: =B9 -> 110 | K9: =K8 -> Under | L9: =L8 -> 110 | M9: =INDEX('Index A'!$B$1:$B$32,MATCH($H9,'Index A'!$A$1:$A$32,0)) -> Commanders
B10: o7.5 | C10: N/A | D10: o8-130 | E10: o7.5-150 | F10: o7.5-158 | G10: o7.5-152 | H10: =A11 -> Seattle Seahawks | I10: =_xlfn.NUMBERVALUE(RIGHT(B10,LEN(B10)-1)) -> 7.5 | J10: Over | K10: =J10 -> Over | L10: =J11 -> -158 | M10: =INDEX('Index A'!$B$1:$B$32,MATCH($H10,'Index A'!$A$1:$A$32,0)) -> Seahawks
A11: Seattle Seahawks | B11: -158 | C11: N/A | D11: u8+110 | E11: u7.5+130 | F11: u7.5+128 | G11: u7.5+125 | H11: =H10 -> Seattle Seahawks | I11: =I10 -> 7.5 | J11: =B11 -> -158 | K11: =K10 -> Over | L11: =L10 -> -158 | M11: =INDEX('Index A'!$B$1:$B$32,MATCH($H11,'Index A'!$A$1:$A$32,0)) -> Seahawks
B12: u7.5 | H12: =H11 -> Seattle Seahawks | I12: =_xlfn.NUMBERVALUE(RIGHT(B12,LEN(B12)-1)) -> 7.5 | J12: Under | K12: =J12 -> Under | L12: =J13 -> 130 | M12: =INDEX('Index A'!$B$1:$B$32,MATCH($H12,'Index A'!$A$1:$A$32,0)) -> Seahawks
B13: 130 | H13: =H12 -> Seattle Seahawks | I13: =I12 -> 7.5 | J13: =B13 -> 130 | K13: =K12 -> Under | L13: =L12 -> 130 | M13: =INDEX('Index A'!$B$1:$B$32,MATCH($H13,'Index A'!$A$1:$A$32,0)) -> Seahawks
B14: o5 | C14: N/A | D14: o5.5-115 | E14: o4.5-225 | F14: o5.5-124 | G14: o5.5-118 | H14: =A15 -> Carolina Panthers | I14: =_xlfn.NUMBERVALUE(RIGHT(B14,LEN(B14)-1)) -> 5 | J14: Over | K14: =J14 -> Over | L14: =J15 -> -159 | M14: =INDEX('Index A'!$B$1:$B$32,MATCH($H14,'Index A'!$A$1:$A$32,0)) -> Panthers
A15: Carolina Panthers | B15: -159 | C15: N/A | D15: u5.5-105 | E15: u4.5+180 | F15: u5.5+102 | G15: u5.5-104 | H15: =H14 -> Carolina Panthers | I15: =I14 -> 5 | J15: =B15 -> -159 | K15: =K14 -> Over | L15: =L14 -> -159 | M15: =INDEX('Index A'!$B$1:$B$32,MATCH($H15,'Index A'!$A$1:$A$32,0)) -> Panthers
B16: u5 | H16: =H15 -> Carolina Panthers | I16: =_xlfn.NUMBERVALUE(RIGHT(B16,LEN(B16)-1)) -> 5 | J16: Under | K16: =J16 -> Under | L16: =J17 -> 137 | M16: =INDEX('Index A'!$B$1:$B$32,MATCH($H16,'Index A'!$A$1:$A$32,0)) -> Panthers
B17: 137 | H17: =H16 -> Carolina Panthers | I17: =I16 -> 5 | J17: =B17 -> 137 | K17: =K16 -> Under | L17: =L16 -> 137 | M17: =INDEX('Index A'!$B$1:$B$32,MATCH($H17,'Index A'!$A$1:$A$32,0)) -> Panthers
B18: o11.5 | C18: N/A | D18: o11.5-110 | E18: o10.5-245 | F18: o11.5-112 | G18: o11.5-118 | H18: =A19 -> Kansas City Chiefs | I18: =_xlfn.NUMBERVALUE(RIGHT(B18,LEN(B18)-1)) -> 11.5 | J18: Over | K18: =J18 -> Over | L18: =J19 -> -110 | M18: =INDEX('Index A'!$B$1:$B$32,MATCH($H18,'Index A'!$A$1:$A$32,0)) -> Chiefs
A19: Kansas City Chiefs | B19: -110 | C19: N/A | D19: u11.5-110 | E19: u10.5+190 | F19: u11.5-108 | G19: u11.5-104 | H19: =H18 -> Kansas City Chiefs | I19: =I18 -> 11.5 | J19: =B19 -> -110 | K19: =K18 -> Over | L19: =L18 -> -110 | M19: =INDEX('Index A'!$B$1:$B$32,MATCH($H19,'Index A'!$A$1:$A$32,0)) -> Chiefs
B20: u11.5 | H20: =H19 -> Kansas City Chiefs | I20: =_xlfn.NUMBERVALUE(RIGHT(B20,LEN(B20)-1)) -> 11.5 | J20: Under | K20: =J20 -> Under | L20: =J21 -> -105 | M20: =INDEX('Index A'!$B$1:$B$32,MATCH($H20,'Index A'!$A$1:$A$32,0)) -> Chiefs
B21: -105 | H21: =H20 -> Kansas City Chiefs | I21: =I20 -> 11.5 | J21: =B21 -> -105 | K21: =K20 -> Under | L21: =L20 -> -105 | M21: =INDEX('Index A'!$B$1:$B$32,MATCH($H21,'Index A'!$A$1:$A$32,0)) -> Chiefs
B22: o6.5 | C22: N/A | D22: o6.5+105 | E22: o4.5-290 | F22: o6.5+104 | G22: o6.5+110 | H22: =A23 -> Tennessee Titans | I22: =_xlfn.NUMBERVALUE(RIGHT(B22,LEN(B22)-1)) -> 6.5 | J22: Over | K22: =J22 -> Over | L22: =J23 -> 104 | M22: =INDEX('Index A'!$B$1:$B$32,MATCH($H22,'Index A'!$A$1:$A$32,0)) -> Titans
A23: Tennessee Titans | B23: 104 | C23: N/A | D23: u6.5-125 | E23: u4.5+220 | F23: u6.5-128 | G23: u6.5-134 | H23: =H22 -> Tennessee Titans | I23: =I22 -> 6.5 | J23: =B23 -> 104 | K23: =K22 -> Over | L23: =L22 -> 104 | M23: =INDEX('Index A'!$B$1:$B$32,MATCH($H23,'Index A'!$A$1:$A$32,0)) -> Titans
B24: u6.5 | H24: =H23 -> Tennessee Titans | I24: =_xlfn.NUMBERVALUE(RIGHT(B24,LEN(B24)-1)) -> 6.5 | J24: Under | K24: =J24 -> Under | L24: =J25 -> -125 | M24: =INDEX('Index A'!$B$1:$B$32,MATCH($H24,'Index A'!$A$1:$A$32,0)) -> Titans
B25: -125 | H25: =H24 -> Tennessee Titans | I25: =I24 -> 6.5 | J25: =B25 -> -125 | K25: =K24 -> Under | L25: =L24 -> -125 | M25: =INDEX('Index A'!$B$1:$B$32,MATCH($H25,'Index A'!$A$1:$A$32,0)) -> Titans
B26: o9.5 | C26: N/A | D26: o10+100 | E26: o9.5-155 | F26: o9.5-162 | G26: o9.5-155 | H26: =A27 -> New York Jets | I26: =_xlfn.NUMBERVALUE(RIGHT(B26,LEN(B26)-1)) -> 9.5 | J26: Over | K26: =J26 -> Over | L26: =J27 -> -162 | M26: =INDEX('Index A'!$B$1:$B$32,MATCH($H26,'Index A'!$A$1:$A$32,0)) -> Jets
A27: New York Jets | B27: -162 | C27: N/A | D27: u10-120 | E27: u9.5+130 | F27: u9.5+132 | G27: u9.5+127 | H27: =H26 -> New York Jets | I27: =I26 -> 9.5 | J27: =B27 -> -162 | K27: =K26 -> Over | L27: =L26 -> -162 | M27: =INDEX('Index A'!$B$1:$B$32,MATCH($H27,'Index A'!$A$1:$A$32,0)) -> Jets
B28: u9.5 | H28: =H27 -> New York Jets | I28: =_xlfn.NUMBERVALUE(RIGHT(B28,LEN(B28)-1)) -> 9.5 | J28: Under | K28: =J28 -> Under | L28: =J29 -> 132 | M28: =INDEX('Index A'!$B$1:$B$32,MATCH($H28,'Index A'!$A$1:$A$32,0)) -> Jets
B29: 132 | H29: =H28 -> New York Jets | I29: =I28 -> 9.5 | J29: =B29 -> 132 | K29: =K28 -> Under | L29: =L28 -> 132 | M29: =INDEX('Index A'!$B$1:$B$32,MATCH($H29,'Index A'!$A$1:$A$32,0)) -> Jets
B30: o7 | C30: N/A | D30: o7-125 | E30: o6.5-150 | F30: o7.5+124 | G30: o6.5-177 | H30: =A31 -> Arizona Cardinals | I30: =_xlfn.NUMBERVALUE(RIGHT(B30,LEN(B30)-1)) -> 7 | J30: Over | K30: =J30 -> Over | L30: =J31 -> -125 | M30: =INDEX('Index A'!$B$1:$B$32,MATCH($H30,'Index A'!$A$1:$A$32,0)) -> Cardinals
A31: Arizona Cardinals | B31: -125 | C31: N/A | D31: u7+105 | E31: u6.5+125 | F31: u7.5-152 | G31: u6.5+144 | H31: =H30 -> Arizona Cardinals | I31: =I30 -> 7 | J31: =B31 -> -125 | K31: =K30 -> Over | L31: =L30 -> -125 | M31: =INDEX('Index A'!$B$1:$B$32,MATCH($H31,'Index A'!$A$1:$A$32,0)) -> Cardinals
B32: u7 | H32: =H31 -> Arizona Cardinals | I32: =_xlfn.NUMBERVALUE(RIGHT(B32,LEN(B32)-1)) -> 7 | J32: Under | K32: =J32 -> Under | L32: =J33 -> 105 | M32: =INDEX('Index A'!$B$1:$B$32,MATCH($H32,'Index A'!$A$1:$A$32,0)) -> Cardinals
B33: 105 | H33: =H32 -> Arizona Cardinals | I33: =I32 -> 7 | J33: =B33 -> 105 | K33: =K32 -> Under | L33: =L32 -> 105 | M33: =INDEX('Index A'!$B$1:$B$32,MATCH($H33,'Index A'!$A$1:$A$32,0)) -> Cardinals
B34: o11.5 | C34: N/A | D34: o11-135 | E34: o11.5+125 | F34: o11.5+116 | G34: o11.5+118 | H34: =A35 -> San Francisco 49ers | I34: =_xlfn.NUMBERVALUE(RIGHT(B34,LEN(B34)-1)) -> 11.5 | J34: Over | K34: =J34 -> Over | L34: =J35 -> 125 | M34: =INDEX('Index A'!$B$1:$B$32,MATCH($H34,'Index A'!$A$1:$A$32,0)) -> 49ers
A35: San Francisco 49ers | B35: 125 | C35: N/A | D35: u11+115 | E35: u11.5-145 | F35: u11.5-142 | G35: u11.5-143 | H35: =H34 -> San Francisco 49ers | I35: =I34 -> 11.5 | J35: =B35 -> 125 | K35: =K34 -> Over | L35: =L34 -> 125 | M35: =INDEX('Index A'!$B$1:$B$32,MATCH($H35,'Index A'!$A$1:$A$32,0)) -> 49ers
B36: u11.5 | H36: =H35 -> San Francisco 49ers | I36: =_xlfn.NUMBERVALUE(RIGHT(B36,LEN(B36)-1)) -> 11.5 | J36: Under | K36: =J36 -> Under | L36: =J37 -> -145 | M36: =INDEX('Index A'!$B$1:$B$32,MATCH($H36,'Index A'!$A$1:$A$32,0)) -> 49ers
B37: -145 | H37: =H36 -> San Francisco 49ers | I37: =I36 -> 11.5 | J37: =B37 -> -145 | K37: =K36 -> Under | L37: =L36 -> -145 | M37: =INDEX('Index A'!$B$1:$B$32,MATCH($H37,'Index A'!$A$1:$A$32,0)) -> 49ers
B38: o9.5 | C38: N/A | D38: o9.5-140 | E38: o9.5-140 | F38: o9.5-158 | G38: o9.5-152 | H38: =A39 -> Houston Texans | I38: =_xlfn.NUMBERVALUE(RIGHT(B38,LEN(B38)-1)) -> 9.5 | J38: Over | K38: =J38 -> Over | L38: =J39 -> -140 | M38: =INDEX('Index A'!$B$1:$B$32,MATCH($H38,'Index A'!$A$1:$A$32,0)) -> Texans
A39: Houston Texans | B39: -140 | C39: N/A | D39: u9.5+120 | E39: u9.5+120 | F39: u9.5+128 | G39: u9.5+125 | H39: =H38 -> Houston Texans | I39: =I38 -> 9.5 | J39: =B39 -> -140 | K39: =K38 -> Over | L39: =L38 -> -140 | M39: =INDEX('Index A'!$B$1:$B$32,MATCH($H39,'Index A'!$A$1:$A$32,0)) -> Texans
B40: u9.5 | H40: =H39 -> Houston Texans | I40: =_xlfn.NUMBERVALUE(RIGHT(B40,LEN(B40)-1)) -> 9.5 | J40: Under | K40: =J40 -> Under | L40: =J41 -> 120 | M40: =INDEX('Index A'!$B$1:$B$32,MATCH($H40,'Index A'!$A$1:$A$32,0)) -> Texans
B41: 120 | H41: =H40 -> Houston Texans | I41: =I40 -> 9.5 | J41: =B41 -> 120 | K41: =K40 -> Under | L41: =L40 -> 120 | M41: =INDEX('Index A'!$B$1:$B$32,MATCH($H41,'Index A'!$A$1:$A$32,0)) -> Texans
B42: o8.5 | C42: N/A | D42: o8.5-120 | E42: o8.5-120 | F42: o8.5-115 | G42: o8.5-115 | H42: =A43 -> Jacksonville Jaguars | I42: =_xlfn.NUMBERVALUE(RIGHT(B42,LEN(B42)-1)) -> 8.5 | J42: Over | K42: =J42 -> Over | L42: =J43 -> -120 | M42: =INDEX('Index A'!$B$1:$B$32,MATCH($H42,'Index A'!$A$1:$A$32,0)) -> Jaguars
A43: Jacksonville Jaguars | B43: -120 | C43: N/A | D43: u8.5+100 | E43: u8.5+100 | F43: u8.5-105 | G43: u8.5-106 | H43: =H42 -> Jacksonville Jaguars | I43: =I42 -> 8.5 | J43: =B43 -> -120 | K43: =K42 -> Over | L43: =L42 -> -120 | M43: =INDEX('Index A'!$B$1:$B$32,MATCH($H43,'Index A'!$A$1:$A$32,0)) -> Jaguars
B44: u8.5 | H44: =H43 -> Jacksonville Jaguars | I44: =_xlfn.NUMBERVALUE(RIGHT(B44,LEN(B44)-1)) -> 8.5 | J44: Under | K44: =J44 -> Under | L44: =J45 -> 100 | M44: =INDEX('Index A'!$B$1:$B$32,MATCH($H44,'Index A'!$A$1:$A$32,0)) -> Jaguars
B45: 100 | H45: =H44 -> Jacksonville Jaguars | I45: =I44 -> 8.5 | J45: =B45 -> 100 | K45: =K44 -> Under | L45: =L44 -> 100 | M45: =INDEX('Index A'!$B$1:$B$32,MATCH($H45,'Index A'!$A$1:$A$32,0)) -> Jaguars
B46: o10.5 | C46: N/A | D46: o10.5+135 | E46: o10.5+130 | F46: o10.5+134 | G46: o9.5-155 | H46: =A47 -> Buffalo Bills | I46: =_xlfn.NUMBERVALUE(RIGHT(B46,LEN(B46)-1)) -> 10.5 | J46: Over | K46: =J46 -> Over | L46: =J47 -> 130 | M46: =INDEX('Index A'!$B$1:$B$32,MATCH($H46,'Index A'!$A$1:$A$32,0)) -> Bills
A47: Buffalo Bills | B47: 130 | C47: N/A | D47: u10.5-160 | E47: u10.5-155 | F47: u10.5-164 | G47: u9.5+126 | H47: =H46 -> Buffalo Bills | I47: =I46 -> 10.5 | J47: =B47 -> 130 | K47: =K46 -> Over | L47: =L46 -> 130 | M47: =INDEX('Index A'!$B$1:$B$32,MATCH($H47,'Index A'!$A$1:$A$32,0)) -> Bills
B48: u10.5 | H48: =H47 -> Buffalo Bills | I48: =_xlfn.NUMBERVALUE(RIGHT(B48,LEN(B48)-1)) -> 10.5 | J48: Under | K48: =J48 -> Under | L48: =J49 -> -155 | M48: =INDEX('Index A'!$B$1:$B$32,MATCH($H48,'Index A'!$A$1:$A$32,0)) -> Bills
B49: -155 | H49: =H48 -> Buffalo Bills | I49: =I48 -> 10.5 | J49: =B49 -> -155 | K49: =K48 -> Under | L49: =L48 -> -155 | M49: =INDEX('Index A'!$B$1:$B$32,MATCH($H49,'Index A'!$A$1:$A$32,0)) -> Bills
B50: o8.5 | C50: N/A | D50: o8.5+110 | E50: o8.5+110 | F50: o8.5+104 | G50: o8.5+105 | H50: =A51 -> Indianapolis Colts | I50: =_xlfn.NUMBERVALUE(RIGHT(B50,LEN(B50)-1)) -> 8.5 | J50: Over | K50: =J50 -> Over | L50: =J51 -> 110 | M50: =INDEX('Index A'!$B$1:$B$32,MATCH($H50,'Index A'!$A$1:$A$32,0)) -> Colts
A51: Indianapolis Colts | B51: 110 | C51: N/A | D51: u8.5-130 | E51: u8.5-130 | F51: u8.5-128 | G51: u8.5-129 | H51: =H50 -> Indianapolis Colts | I51: =I50 -> 8.5 | J51: =B51 -> 110 | K51: =K50 -> Over | L51: =L50 -> 110 | M51: =INDEX('Index A'!$B$1:$B$32,MATCH($H51,'Index A'!$A$1:$A$32,0)) -> Colts
B52: u8.5 | H52: =H51 -> Indianapolis Colts | I52: =_xlfn.NUMBERVALUE(RIGHT(B52,LEN(B52)-1)) -> 8.5 | J52: Under | K52: =J52 -> Under | L52: =J53 -> -130 | M52: =INDEX('Index A'!$B$1:$B$32,MATCH($H52,'Index A'!$A$1:$A$32,0)) -> Colts
B53: -130 | H53: =H52 -> Indianapolis Colts | I53: =I52 -> 8.5 | J53: =B53 -> -130 | K53: =K52 -> Under | L53: =L52 -> -130 | M53: =INDEX('Index A'!$B$1:$B$32,MATCH($H53,'Index A'!$A$1:$A$32,0)) -> Colts
B54: o4.5 | C54: N/A | D54: o4.5-115 | E54: o9.5+1000 | F54: o4.5-132 | G54: o4.5-125 | H54: =A55 -> New England Patriots | I54: =_xlfn.NUMBERVALUE(RIGHT(B54,LEN(B54)-1)) -> 4.5 | J54: Over | K54: =J54 -> Over | L54: =J55 -> -135 | M54: =INDEX('Index A'!$B$1:$B$32,MATCH($H54,'Index A'!$A$1:$A$32,0)) -> Patriots
A55: New England Patriots | B55: -135 | C55: N/A | D55: u4.5-105 | E55: u9.5-2500 | F55: u4.5+106 | G55: u4.5+104 | H55: =H54 -> New England Patriots | I55: =I54 -> 4.5 | J55: =B55 -> -135 | K55: =K54 -> Over | L55: =L54 -> -135 | M55: =INDEX('Index A'!$B$1:$B$32,MATCH($H55,'Index A'!$A$1:$A$32,0)) -> Patriots
B56: u4.5 | H56: =H55 -> New England Patriots | I56: =_xlfn.NUMBERVALUE(RIGHT(B56,LEN(B56)-1)) -> 4.5 | J56: Under | K56: =J56 -> Under | L56: =J57 -> 110 | M56: =INDEX('Index A'!$B$1:$B$32,MATCH($H56,'Index A'!$A$1:$A$32,0)) -> Patriots
B57: 110 | H57: =H56 -> New England Patriots | I57: =I56 -> 4.5 | J57: =B57 -> 110 | K57: =K56 -> Under | L57: =L56 -> 110 | M57: =INDEX('Index A'!$B$1:$B$32,MATCH($H57,'Index A'!$A$1:$A$32,0)) -> Patriots
B58: o6.5 | C58: N/A | D58: o6.5+120 | E58: o6.5+115 | F58: o6.5+104 | G58: o6.5+120 | H58: =A59 -> New York Giants | I58: =_xlfn.NUMBERVALUE(RIGHT(B58,LEN(B58)-1)) -> 6.5 | J58: Over | K58: =J58 -> Over | L58: =J59 -> 115 | M58: =INDEX('Index A'!$B$1:$B$32,MATCH($H58,'Index A'!$A$1:$A$32,0)) -> Giants
A59: New York Giants | B59: 115 | C59: N/A | D59: u6.5-140 | E59: u6.5-135 | F59: u6.5-128 | G59: u6.5-150 | H59: =H58 -> New York Giants | I59: =I58 -> 6.5 | J59: =B59 -> 115 | K59: =K58 -> Over | L59: =L58 -> 115 | M59: =INDEX('Index A'!$B$1:$B$32,MATCH($H59,'Index A'!$A$1:$A$32,0)) -> Giants
B60: u6.5 | H60: =H59 -> New York Giants | I60: =_xlfn.NUMBERVALUE(RIGHT(B60,LEN(B60)-1)) -> 6.5 | J60: Under | K60: =J60 -> Under | L60: =J61 -> -135 | M60: =INDEX('Index A'!$B$1:$B$32,MATCH($H60,'Index A'!$A$1:$A$32,0)) -> Giants
B61: -135 | H61: =H60 -> New York Giants | I61: =I60 -> 6.5 | J61: =B61 -> -135 | K61: =K60 -> Under | L61: =L60 -> -135 | M61: =INDEX('Index A'!$B$1:$B$32,MATCH($H61,'Index A'!$A$1:$A$32,0)) -> Giants
B62: o10.5 | C62: N/A | D62: o10.5-120 | E62: o9.5-250 | F62: o10.5-120 | G62: o10.5-134 | H62: =A63 -> Cincinnati Bengals | I62: =_xlfn.NUMBERVALUE(RIGHT(B62,LEN(B62)-1)) -> 10.5 | J62: Over | K62: =J62 -> Over | L62: =J63 -> -120 | M62: =INDEX('Index A'!$B$1:$B$32,MATCH($H62,'Index A'!$A$1:$A$32,0)) -> Bengals
A63: Cincinnati Bengals | B63: -120 | C63: N/A | D63: u10.5+100 | E63: u9.5+200 | F63: u10.5-102 | G63: u10.5+110 | H63: =H62 -> Cincinnati Bengals | I63: =I62 -> 10.5 | J63: =B63 -> -120 | K63: =K62 -> Over | L63: =L62 -> -120 | M63: =INDEX('Index A'!$B$1:$B$32,MATCH($H63,'Index A'!$A$1:$A$32,0)) -> Bengals
B64: u10.5 | H64: =H63 -> Cincinnati Bengals | I64: =_xlfn.NUMBERVALUE(RIGHT(B64,LEN(B64)-1)) -> 10.5 | J64: Under | K64: =J64 -> Under | L64: =J65 -> 100 | M64: =INDEX('Index A'!$B$1:$B$32,MATCH($H64,'Index A'!$A$1:$A$32,0)) -> Bengals
B65: 100 | H65: =H64 -> Cincinnati Bengals | I65: =I64 -> 10.5 | J65: =B65 -> 100 | K65: =K64 -> Under | L65: =L64 -> 100 | M65: =INDEX('Index A'!$B$1:$B$32,MATCH($H65,'Index A'!$A$1:$A$32,0)) -> Bengals
B66: o9.5 | C66: N/A | D66: o9.5-150 | E66: o10.5+150 | F66: o9.5-144 | G66: o10.5+162 | H66: =A67 -> Dallas Cowboys | I66: =_xlfn.NUMBERVALUE(RIGHT(B66,LEN(B66)-1)) -> 9.5 | J66: Over | K66: =J66 -> Over | L66: =J67 -> -150 | M66: =INDEX('Index A'!$B$1:$B$32,MATCH($H66,'Index A'!$A$1:$A$32,0)) -> Cowboys
A67: Dallas Cowboys | B67: -150 | C67: N/A | D67: u9.5+125 | E67: u10.5-180 | F67: u9.5+118 | G67: u10.5-200 | H67: =H66 -> Dallas Cowboys | I67: =I66 -> 9.5 | J67: =B67 -> -150 | K67: =K66 -> Over | L67: =L66 -> -150 | M67: =INDEX('Index A'!$B$1:$B$32,MATCH($H67,'Index A'!$A$1:$A$32,0)) -> Cowboys
B68: u9.5 | H68: =H67 -> Dallas Cowboys | I68: =_xlfn.NUMBERVALUE(RIGHT(B68,LEN(B68)-1)) -> 9.5 | J68: Under | K68: =J68 -> Under | L68: =J69 -> 125 | M68: =INDEX('Index A'!$B$1:$B$32,MATCH($H68,'Index A'!$A$1:$A$32,0)) -> Cowboys
B69: 125 | H69: =H68 -> Dallas Cowboys | I69: =I68 -> 9.5 | J69: =B69 -> 125 | K69: =K68 -> Under | L69: =L68 -> 125 | M69: =INDEX('Index A'!$B$1:$B$32,MATCH($H69,'Index A'!$A$1:$A$32,0)) -> Cowboys
B70: o6.5 | C70: N/A | D70: o7+115 | E70: o6.5-140 | F70: o7.5+134 | G70: o6.5-155 | H70: =A71 -> Minnesota Vikings | I70: =_xlfn.NUMBERVALUE(RIGHT(B70,LEN(B70)-1)) -> 6.5 | J70: Over | K70: =J70 -> Over | L70: =J71 -> -150 | M70: =INDEX('Index A'!$B$1:$B$32,MATCH($H70,'Index A'!$A$1:$A$32,0)) -> Vikings
A71: Minnesota Vikings | B71: -150 | C71: N/A | D71: u7-135 | E71: u6.5+120 | F71: u7.5-168 | G71: u6.5+127 | H71: =H70 -> Minnesota Vikings | I71: =I70 -> 6.5 | J71: =B71 -> -150 | K71: =K70 -> Over | L71: =L70 -> -150 | M71: =INDEX('Index A'!$B$1:$B$32,MATCH($H71,'Index A'!$A$1:$A$32,0)) -> Vikings
B72: u6.5 | H72: =H71 -> Minnesota Vikings | I72: =_xlfn.NUMBERVALUE(RIGHT(B72,LEN(B72)-1)) -> 6.5 | J72: Under | K72: =J72 -> Under | L72: =J73 -> 125 | M72: =INDEX('Index A'!$B$1:$B$32,MATCH($H72,'Index A'!$A$1:$A$32,0)) -> Vikings
B73: 125 | H73: =H72 -> Minnesota Vikings | I73: =I72 -> 6.5 | J73: =B73 -> 125 | K73: =K72 -> Under | L73: =L72 -> 125 | M73: =INDEX('Index A'!$B$1:$B$32,MATCH($H73,'Index A'!$A$1:$A$32,0)) -> Vikings
B74: o9.5 | C74: N/A | D74: o9.5-140 | E74: o10.5+145 | F74: o9.5-134 | G74: o9.5-137 | H74: =A75 -> Miami Dolphins | I74: =_xlfn.NUMBERVALUE(RIGHT(B74,LEN(B74)-1)) -> 9.5 | J74: Over | K74: =J74 -> Over | L74: =J75 -> -140 | M74: =INDEX('Index A'!$B$1:$B$32,MATCH($H74,'Index A'!$A$1:$A$32,0)) -> Dolphins
A75: Miami Dolphins | B75: -140 | C75: N/A | D75: u9.5+118 | E75: u10.5-180 | F75: u9.5+110 | G75: u9.5+113 | H75: =H74 -> Miami Dolphins | I75: =I74 -> 9.5 | J75: =B75 -> -140 | K75: =K74 -> Over | L75: =L74 -> -140 | M75: =INDEX('Index A'!$B$1:$B$32,MATCH($H75,'Index A'!$A$1:$A$32,0)) -> Dolphins
B76: u9.5 | H76: =H75 -> Miami Dolphins | I76: =_xlfn.NUMBERVALUE(RIGHT(B76,LEN(B76)-1)) -> 9.5 | J76: Under | K76: =J76 -> Under | L76: =J77 -> 118 | M76: =INDEX('Index A'!$B$1:$B$32,MATCH($H76,'Index A'!$A$1:$A$32,0)) -> Dolphins
B77: 118 | H77: =H76 -> Miami Dolphins | I77: =I76 -> 9.5 | J77: =B77 -> 118 | K77: =K76 -> Under | L77: =L76 -> 118 | M77: =INDEX('Index A'!$B$1:$B$32,MATCH($H77,'Index A'!$A$1:$A$32,0)) -> Dolphins
B78: o8.5 | C78: N/A | D78: o9-110 | E78: o8.5-160 | F78: o8.5-160 | G78: o9.5+125 | H78: =A79 -> Chicago Bears | I78: =_xlfn.NUMBERVALUE(RIGHT(B78,LEN(B78)-1)) -> 8.5 | J78: Over | K78: =J78 -> Over | L78: =J79 -> -160 | M78: =INDEX('Index A'!$B$1:$B$32,MATCH($H78,'Index A'!$A$1:$A$32,0)) -> Bears
A79: Chicago Bears | B79: -160 | C79: N/A | D79: u9-110 | E79: u8.5+130 | F79: u8.5+130 | G79: u9.5-162 | H79: =H78 -> Chicago Bears | I79: =I78 -> 8.5 | J79: =B79 -> -160 | K79: =K78 -> Over | L79: =L78 -> -160 | M79: =INDEX('Index A'!$B$1:$B$32,MATCH($H79,'Index A'!$A$1:$A$32,0)) -> Bears
B80: u8.5 | H80: =H79 -> Chicago Bears | I80: =_xlfn.NUMBERVALUE(RIGHT(B80,LEN(B80)-1)) -> 8.5 | J80: Under | K80: =J80 -> Under | L80: =J81 -> 130 | M80: =INDEX('Index A'!$B$1:$B$32,MATCH($H80,'Index A'!$A$1:$A$32,0)) -> Bears
B81: 130 | H81: =H80 -> Chicago Bears | I81: =I80 -> 8.5 | J81: =B81 -> 130 | K81: =K80 -> Under | L81: =L80 -> 130 | M81: =INDEX('Index A'!$B$1:$B$32,MATCH($H81,'Index A'!$A$1:$A$32,0)) -> Bears
B82: o8.5 | C82: N/A | D82: o9+115 | E82: o8.5-155 | F82: o8.5-128 | G82: o8.5-129 | H82: =A83 -> Los Angeles Chargers | I82: =_xlfn.NUMBERVALUE(RIGHT(B82,LEN(B82)-1)) -> 8.5 | J82: Over | K82: =J82 -> Over | L82: =J83 -> -155 | M82: =INDEX('Index A'!$B$1:$B$32,MATCH($H82,'Index A'!$A$1:$A$32,0)) -> Chargers
A83: Los Angeles Chargers | B83: -155 | C83: N/A | D83: u9-135 | E83: u8.5+130 | F83: u8.5+104 | G83: u8.5+105 | H83: =H82 -> Los Angeles Chargers | I83: =I82 -> 8.5 | J83: =B83 -> -155 | K83: =K82 -> Over | L83: =L82 -> -155 | M83: =INDEX('Index A'!$B$1:$B$32,MATCH($H83,'Index A'!$A$1:$A$32,0)) -> Chargers
B84: u8.5 | H84: =H83 -> Los Angeles Chargers | I84: =_xlfn.NUMBERVALUE(RIGHT(B84,LEN(B84)-1)) -> 8.5 | J84: Under | K84: =J84 -> Under | L84: =J85 -> 130 | M84: =INDEX('Index A'!$B$1:$B$32,MATCH($H84,'Index A'!$A$1:$A$32,0)) -> Chargers
B85: 130 | H85: =H84 -> Los Angeles Chargers | I85: =I84 -> 8.5 | J85: =B85 -> 130 | K85: =K84 -> Under | L85: =L84 -> 130 | M85: =INDEX('Index A'!$B$1:$B$32,MATCH($H85,'Index A'!$A$1:$A$32,0)) -> Chargers
B86: o7.5 | C86: N/A | D86: o7.5-110 | E86: o7.5-120 | F86: o7.5-122 | G86: o7.5-118 | H86: =A87 -> New Orleans Saints | I86: =_xlfn.NUMBERVALUE(RIGHT(B86,LEN(B86)-1)) -> 7.5 | J86: Over | K86: =J86 -> Over | L86: =J87 -> -120 | M86: =INDEX('Index A'!$B$1:$B$32,MATCH($H86,'Index A'!$A$1:$A$32,0)) -> Saints
A87: New Orleans Saints | B87: -120 | C87: N/A | D87: u7.5-110 | E87: u7.5+100 | F87: u7.5+100 | G87: u7.5-104 | H87: =H86 -> New Orleans Saints | I87: =I86 -> 7.5 | J87: =B87 -> -120 | K87: =K86 -> Over | L87: =L86 -> -120 | M87: =INDEX('Index A'!$B$1:$B$32,MATCH($H87,'Index A'!$A$1:$A$32,0)) -> Saints
B88: u7.5 | H88: =H87 -> New Orleans Saints | I88: =_xlfn.NUMBERVALUE(RIGHT(B88,LEN(B88)-1)) -> 7.5 | J88: Under | K88: =J88 -> Under | L88: =J89 -> 100 | M88: =INDEX('Index A'!$B$1:$B$32,MATCH($H88,'Index A'!$A$1:$A$32,0)) -> Saints
B89: 100 | H89: =H88 -> New Orleans Saints | I89: =I88 -> 7.5 | J89: =B89 -> 100 | K89: =K88 -> Under | L89: =L88 -> 100 | M89: =INDEX('Index A'!$B$1:$B$32,MATCH($H89,'Index A'!$A$1:$A$32,0)) -> Saints
B90: o8.5 | C90: N/A | D90: o8.5+130 | E90: o7.5-155 | F90: o8.5+136 | G90: o8.5+135 | H90: =A91 -> Pittsburgh Steelers | I90: =_xlfn.NUMBERVALUE(RIGHT(B90,LEN(B90)-1)) -> 8.5 | J90: Over | K90: =J90 -> Over | L90: =J91 -> 125 | M90: =INDEX('Index A'!$B$1:$B$32,MATCH($H90,'Index A'!$A$1:$A$32,0)) -> Steelers
A91: Pittsburgh Steelers | B91: 125 | C91: N/A | D91: u8.5-160 | E91: u7.5+125 | F91: u8.5-170 | G91: u8.5-167 | H91: =H90 -> Pittsburgh Steelers | I91: =I90 -> 8.5 | J91: =B91 -> 125 | K91: =K90 -> Over | L91: =L90 -> 125 | M91: =INDEX('Index A'!$B$1:$B$32,MATCH($H91,'Index A'!$A$1:$A$32,0)) -> Steelers
B92: u8.5 | H92: =H91 -> Pittsburgh Steelers | I92: =_xlfn.NUMBERVALUE(RIGHT(B92,LEN(B92)-1)) -> 8.5 | J92: Under | K92: =J92 -> Under | L92: =J93 -> -155 | M92: =INDEX('Index A'!$B$1:$B$32,MATCH($H92,'Index A'!$A$1:$A$32,0)) -> Steelers
B93: -155 | H93: =H92 -> Pittsburgh Steelers | I93: =I92 -> 8.5 | J93: =B93 -> -155 | K93: =K92 -> Under | L93: =L92 -> -155 | M93: =INDEX('Index A'!$B$1:$B$32,MATCH($H93,'Index A'!$A$1:$A$32,0)) -> Steelers
B94: o10.5 | C94: N/A | D94: o10.5-110 | E94: o9.5-245 | F94: o10.5-122 | G94: o10.5-125 | H94: =A95 -> Baltimore Ravens | I94: =_xlfn.NUMBERVALUE(RIGHT(B94,LEN(B94)-1)) -> 10.5 | J94: Over | K94: =J94 -> Over | L94: =J95 -> -110 | M94: =INDEX('Index A'!$B$1:$B$32,MATCH($H94,'Index A'!$A$1:$A$32,0)) -> Ravens
A95: Baltimore Ravens | B95: -110 | C95: N/A | D95: u10.5-110 | E95: u9.5+185 | F95: u10.5+100 | G95: u10.5+103 | H95: =H94 -> Baltimore Ravens | I95: =I94 -> 10.5 | J95: =B95 -> -110 | K95: =K94 -> Over | L95: =L94 -> -110 | M95: =INDEX('Index A'!$B$1:$B$32,MATCH($H95,'Index A'!$A$1:$A$32,0)) -> Ravens
B96: u10.5 | H96: =H95 -> Baltimore Ravens | I96: =_xlfn.NUMBERVALUE(RIGHT(B96,LEN(B96)-1)) -> 10.5 | J96: Under | K96: =J96 -> Under | L96: =J97 -> 100 | M96: =INDEX('Index A'!$B$1:$B$32,MATCH($H96,'Index A'!$A$1:$A$32,0)) -> Ravens
B97: 100 | H97: =H96 -> Baltimore Ravens | I97: =I96 -> 10.5 | J97: =B97 -> 100 | K97: =K96 -> Under | L97: =L96 -> 100 | M97: =INDEX('Index A'!$B$1:$B$32,MATCH($H97,'Index A'!$A$1:$A$32,0)) -> Ravens
B98: o9.5 | C98: N/A | D98: o9.5-150 | E98: o9.5-150 | F98: o9.5-154 | G98: o9.5-139 | H98: =A99 -> Atlanta Falcons | I98: =_xlfn.NUMBERVALUE(RIGHT(B98,LEN(B98)-1)) -> 9.5 | J98: Over | K98: =J98 -> Over | L98: =J99 -> -150 | M98: =INDEX('Index A'!$B$1:$B$32,MATCH($H98,'Index A'!$A$1:$A$32,0)) -> Falcons
A99: Atlanta Falcons | B99: -150 | C99: N/A | D99: u9.5+125 | E99: u9.5+125 | F99: u9.5+124 | G99: u9.5+115 | H99: =H98 -> Atlanta Falcons | I99: =I98 -> 9.5 | J99: =B99 -> -150 | K99: =K98 -> Over | L99: =L98 -> -150 | M99: =INDEX('Index A'!$B$1:$B$32,MATCH($H99,'Index A'!$A$1:$A$32,0)) -> Falcons
B100: u9.5 | H100: =H99 -> Atlanta Falcons | I100: =_xlfn.NUMBERVALUE(RIGHT(B100,LEN(B100)-1)) -> 9.5 | J100: Under | K100: =J100 -> Under | L100: =J101 -> 125 | M100: =INDEX('Index A'!$B$1:$B$32,MATCH($H100,'Index A'!$A$1:$A$32,0)) -> Falcons
...

Sheet Auction
A1: Team | B1: Division | C1: Vegas | D1: Athletic | E1: Gut Feeling | F1: New Score | G1: Avg | H1: VBD | I1: Avg I | J1: VBD I | K1: Exp. | L1: Exp. I | M1: Tier | N1: Drafted by | O1: Paid | P1: Team | Q1: Value | R1: Value % | U1: Initial | W1: Inflation Adj.
A2: Ravens | B2: AFC North | C2: 11.5 | D2: 10.9 | E2: 0 | F2: =IFERROR(AVERAGE(D2,C2)+E2,"") -> 11.2 | G2: =F2 -> 11.2 | H2: =G2-MIN($G$2:$G$33) -> 6.75 | I2: =IF(N2<>"","-",G2) -> - | J2: =IF(N2<>"","-",G2-MIN($I$2:$I$33)) -> - | K2: =IFERROR(H2*$V$7,"") -> 21.310182 | L2: =IFERROR(IF(N2<>"","-",J2*$X$7),"") -> - | M2: 1 | N2: Sean | O2: 22 | P2: Ravens | Q2: =IF(N2<>"",K2-O2,"") -> -0.68981847 | R2: =IFERROR(IF(N2<>"",O2/K2-1,""),"") -> 0.03237037 | U2: Budget | V2: 50 | W2: Avg. Left | X2: =AVERAGE($Z$14:$Z$21) -> 0.375
A3: Seahawks | B3: NFC West | C3: 10.5 | D3: 10.8 | E3: 0.5 | F3: =IFERROR(AVERAGE(D3,C3)+E3,"") -> 11.15 | G3: =F3 -> 11.15 | H3: =G3-MIN($G$2:$G$33) -> 6.7 | I3: =IF(N3<>"","-",G3) -> - | J3: =IF(N3<>"","-",G3-MIN($I$2:$I$33)) -> - | K3: =IFERROR(H3*$V$7,"") -> 21.152328 | L3: =IFERROR(IF(N3<>"","-",J3*$X$7),"") -> - | M3: 1 | N3: Evan | O3: 19 | P3: Seahawks | Q3: =IF(N3<>"",K3-O3,"") -> 2.1523283 | R3: =IFERROR(IF(N3<>"",O3/K3-1,""),"") -> -0.10175373 | U3: Players | V3: 8 | W3: Players | X3: =V3 -> 8
A4: Lions | B4: NFC North | C4: 10.5 | D4: 10.2 | E4: 0.5 | F4: =IFERROR(AVERAGE(D4,C4)+E4,"") -> 10.85 | G4: =F4 -> 10.85 | H4: =G4-MIN($G$2:$G$33) -> 6.4 | I4: =IF(N4<>"","-",G4) -> - | J4: =IF(N4<>"","-",G4-MIN($I$2:$I$33)) -> - | K4: =IFERROR(H4*$V$7,"") -> 20.205209 | L4: =IFERROR(IF(N4<>"","-",J4*$X$7),"") -> - | M4: 2 | N4: Leo | O4: 23 | P4: Lions | Q4: =IF(N4<>"",K4-O4,"") -> -2.7947908 | R4: =IFERROR(IF(N4<>"",O4/K4-1,""),"") -> 0.13832031 | U4: Teams | V4: 4 | W4: Teams | X4: =AVERAGE($X$14:$X$21) -> 0
A5: Bills | B5: AFC East | C5: 10.5 | D5: 10.7 | E5: 0 | F5: =IFERROR(AVERAGE(D5,C5)+E5,"") -> 10.6 | G5: =F5 -> 10.6 | H5: =G5-MIN($G$2:$G$33) -> 6.15 | I5: =IF(N5<>"","-",G5) -> - | J5: =IF(N5<>"","-",G5-MIN($I$2:$I$33)) -> - | K5: =IFERROR(H5*$V$7,"") -> 19.415943 | L5: =IFERROR(IF(N5<>"","-",J5*$X$7),"") -> - | M5: 2 | N5: Barry | O5: 23 | P5: Bills | Q5: =IF(N5<>"",K5-O5,"") -> -3.5840568 | R5: =IFERROR(IF(N5<>"",O5/K5-1,""),"") -> 0.1845935 | U5: Total | V5: =V3*V2 -> 400 | W5: Total | X5: =SUM($Z$14:$Z$21) -> 3
A6: Rams | B6: NFC West | C6: 10.5 | D6: 11.6 | E6: -0.5 | F6: =IFERROR(AVERAGE(D6,C6)+E6,"") -> 10.55 | G6: =F6 -> 10.55 | H6: =G6-MIN($G$2:$G$33) -> 6.1 | I6: =IF(N6<>"","-",G6) -> - | J6: =IF(N6<>"","-",G6-MIN($I$2:$I$33)) -> - | K6: =IFERROR(H6*$V$7,"") -> 19.25809 | L6: =IFERROR(IF(N6<>"","-",J6*$X$7),"") -> - | M6: 2 | N6: Leo | O6: 24 | P6: Rams | Q6: =IF(N6<>"",K6-O6,"") -> -4.74191 | R6: =IFERROR(IF(N6<>"",O6/K6-1,""),"") -> 0.24622951 | U6: Baseline | V6: =MIN($G$2:$G$33) -> 4.45 | W6: Baseline | X6: =_xlfn.MINIFS($G$2:$G$33,$N$2:$N$33,"=""") -> 0
A7: Bears | B7: NFC North | C7: 9.5 | D7: 9.6 | E7: 0.5 | F7: =IFERROR(AVERAGE(D7,C7)+E7,"") -> 10.05 | G7: =F7 -> 10.05 | H7: =G7-MIN($G$2:$G$33) -> 5.6 | I7: =IF(N7<>"","-",G7) -> - | J7: =IF(N7<>"","-",G7-MIN($I$2:$I$33)) -> - | K7: =IFERROR(H7*$V$7,"") -> 17.679558 | L7: =IFERROR(IF(N7<>"","-",J7*$X$7),"") -> - | M7: 3 | N7: John | O7: 13 | P7: Bears | Q7: =IF(N7<>"",K7-O7,"") -> 4.679558 | R7: =IFERROR(IF(N7<>"",O7/K7-1,""),"") -> -0.2646875 | U7: Multi | V7: =V5/V8 -> 3.1570639 | W7: Multi | X7: =X5/X8 -> #DIV/0!
A8: Eagles | B8: NFC East | C8: 10.5 | D8: 10.4 | E8: -0.5 | F8: =IFERROR(AVERAGE(D8,C8)+E8,"") -> 9.95 | G8: =F8 -> 9.95 | H8: =G8-MIN($G$2:$G$33) -> 5.5 | I8: =IF(N8<>"","-",G8) -> - | J8: =IF(N8<>"","-",G8-MIN($I$2:$I$33)) -> - | K8: =IFERROR(H8*$V$7,"") -> 17.363852 | L8: =IFERROR(IF(N8<>"","-",J8*$X$7),"") -> - | M8: 3 | N8: Liam | O8: 19 | P8: Eagles | Q8: =IF(N8<>"",K8-O8,"") -> -1.6361484 | R8: =IFERROR(IF(N8<>"",O8/K8-1,""),"") -> 0.094227273 | U8: Total VBD | V8: =SUM($H$2:$H$33) -> 126.7 | W8: Total VBD | X8: =SUM($J$2:$J$33) -> 0
A9: 49ers | B9: NFC West | C9: 10.5 | D9: 10.2 | E9: -0.5 | F9: =IFERROR(AVERAGE(D9,C9)+E9,"") -> 9.85 | G9: =F9 -> 9.85 | H9: =G9-MIN($G$2:$G$33) -> 5.4 | I9: =IF(N9<>"","-",G9) -> - | J9: =IF(N9<>"","-",G9-MIN($I$2:$I$33)) -> - | K9: =IFERROR(H9*$V$7,"") -> 17.048145 | L9: =IFERROR(IF(N9<>"","-",J9*$X$7),"") -> - | M9: 3 | N9: Evan | O9: 11 | P9: 49ers | Q9: =IF(N9<>"",K9-O9,"") -> 6.0481452 | R9: =IFERROR(IF(N9<>"",O9/K9-1,""),"") -> -0.35476852 | U9: Total Wins | V9: =SUM($G$2:$G$33) -> 269.1 | W9: Wins Left | X9: =SUM($I$2:$I$33) -> 0
A10: Broncos | B10: AFC West | C10: 9.5 | D10: 9.1 | E10: 0.5 | F10: =IFERROR(AVERAGE(D10,C10)+E10,"") -> 9.8 | G10: =F10 -> 9.8 | H10: =G10-MIN($G$2:$G$33) -> 5.35 | I10: =IF(N10<>"","-",G10) -> - | J10: =IF(N10<>"","-",G10-MIN($I$2:$I$33)) -> - | K10: =IFERROR(H10*$V$7,"") -> 16.890292 | L10: =IFERROR(IF(N10<>"","-",J10*$X$7),"") -> - | M10: 3 | N10: Rich | O10: 16 | P10: Broncos | Q10: =IF(N10<>"",K10-O10,"") -> 0.89029203 | R10: =IFERROR(IF(N10<>"",O10/K10-1,""),"") -> -0.05271028
A11: Texans | B11: AFC South | C11: 9.5 | D11: 9.8 | E11: 0 | F11: =IFERROR(AVERAGE(D11,C11)+E11,"") -> 9.65 | G11: =F11 -> 9.65 | H11: =G11-MIN($G$2:$G$33) -> 5.2 | I11: =IF(N11<>"","-",G11) -> - | J11: =IF(N11<>"","-",G11-MIN($I$2:$I$33)) -> - | K11: =IFERROR(H11*$V$7,"") -> 16.416732 | L11: =IFERROR(IF(N11<>"","-",J11*$X$7),"") -> - | M11: 3 | N11: Barry | O11: 17 | P11: Texans | Q11: =IF(N11<>"",K11-O11,"") -> -0.58326756 | R11: =IFERROR(IF(N11<>"",O11/K11-1,""),"") -> 0.035528846 | U11: Inflation | V11: =IFERROR(1+AVERAGE($R$2:$R$33),100%) -> 1.1770174
A12: Packers | B12: NFC North | C12: 10.5 | D12: 9.7 | E12: -0.5 | F12: =IFERROR(AVERAGE(D12,C12)+E12,"") -> 9.6 | G12: =F12 -> 9.6 | H12: =G12-MIN($G$2:$G$33) -> 5.15 | I12: =IF(N12<>"","-",G12) -> - | J12: =IF(N12<>"","-",G12-MIN($I$2:$I$33)) -> - | K12: =IFERROR(H12*$V$7,"") -> 16.258879 | L12: =IFERROR(IF(N12<>"","-",J12*$X$7),"") -> - | M12: 3 | N12: Sean | O12: 11 | P12: Packers | Q12: =IF(N12<>"",K12-O12,"") -> 5.2588792 | R12: =IFERROR(IF(N12<>"",O12/K12-1,""),"") -> -0.3234466
A13: Chiefs | B13: AFC West | C13: 10.5 | D13: 9.6 | E13: -0.5 | F13: =IFERROR(AVERAGE(D13,C13)+E13,"") -> 9.55 | G13: =F13 -> 9.55 | H13: =G13-MIN($G$2:$G$33) -> 5.1 | I13: =IF(N13<>"","-",G13) -> - | J13: =IF(N13<>"","-",G13-MIN($I$2:$I$33)) -> - | K13: =IFERROR(H13*$V$7,"") -> 16.101026 | L13: =IFERROR(IF(N13<>"","-",J13*$X$7),"") -> - | M13: 3 | N13: Liam | O13: 19 | P13: Chiefs | Q13: =IF(N13<>"",K13-O13,"") -> -2.898974 | R13: =IFERROR(IF(N13<>"",O13/K13-1,""),"") -> 0.18004902 | U13: Player | V13: Teams | W13: Drafted | X13: Rem | Y13: Spent | Z13: Rem | AA13: Max | AB13: Proj.
A14: Patriots | B14: AFC East | C14: 9.5 | D14: 10.3 | E14: -0.5 | F14: =IFERROR(AVERAGE(D14,C14)+E14,"") -> 9.4 | G14: =F14 -> 9.4 | H14: =G14-MIN($G$2:$G$33) -> 4.95 | I14: =IF(N14<>"","-",G14) -> - | J14: =IF(N14<>"","-",G14-MIN($I$2:$I$33)) -> - | K14: =IFERROR(H14*$V$7,"") -> 15.627466 | L14: =IFERROR(IF(N14<>"","-",J14*$X$7),"") -> - | M14: 3 | N14: Tyler | O14: 19 | P14: Patriots | Q14: =IF(N14<>"",K14-O14,"") -> -3.3725335 | R14: =IFERROR(IF(N14<>"",O14/K14-1,""),"") -> 0.21580808 | U14: Sean | V14: 4 | W14: =COUNTIFS($N$2:$N$33,$U14) -> 4 | X14: =V14-W14 -> 0 | Y14: =SUMIFS($O$2:$O$33,$N$2:$N$33,$U14) -> 50 | Z14: =$V$2-Y14 -> 0 | AA14: =IF(X14=0,0,Z14-(X14-1)) -> 0 | AB14: =SUMIFS($G$2:$G$33,$N$2:$N$33,$U14) -> 36.45
A15: Bengals | B15: AFC North | C15: 9.5 | D15: 10.3 | E15: -0.5 | F15: =IFERROR(AVERAGE(D15,C15)+E15,"") -> 9.4 | G15: =F15 -> 9.4 | H15: =G15-MIN($G$2:$G$33) -> 4.95 | I15: =IF(N15<>"","-",G15) -> - | J15: =IF(N15<>"","-",G15-MIN($I$2:$I$33)) -> - | K15: =IFERROR(H15*$V$7,"") -> 15.627466 | L15: =IFERROR(IF(N15<>"","-",J15*$X$7),"") -> - | M15: 3 | N15: Rich | O15: 17 | P15: Bengals | Q15: =IF(N15<>"",K15-O15,"") -> -1.3725335 | R15: =IFERROR(IF(N15<>"",O15/K15-1,""),"") -> 0.087828283 | U15: Rich | V15: 4 | W15: =COUNTIFS($N$2:$N$33,$U15) -> 4 | X15: =V15-W15 -> 0 | Y15: =SUMIFS($O$2:$O$33,$N$2:$N$33,$U15) -> 50 | Z15: =$V$2-Y15 -> 0 | AA15: =IF(X15=0,0,Z15-(X15-1)) -> 0 | AB15: =SUMIFS($G$2:$G$33,$N$2:$N$33,$U15) -> 33.1
A16: Jaguars | B16: AFC South | C16: 8.5 | D16: 9 | E16: 0.5 | F16: =IFERROR(AVERAGE(D16,C16)+E16,"") -> 9.25 | G16: =F16 -> 9.25 | H16: =G16-MIN($G$2:$G$33) -> 4.8 | I16: =IF(N16<>"","-",G16) -> - | J16: =IF(N16<>"","-",G16-MIN($I$2:$I$33)) -> - | K16: =IFERROR(H16*$V$7,"") -> 15.153907 | L16: =IFERROR(IF(N16<>"","-",J16*$X$7),"") -> - | M16: 4 | N16: John | O16: 14 | P16: Jaguars | Q16: =IF(N16<>"",K16-O16,"") -> 1.1539069 | R16: =IFERROR(IF(N16<>"",O16/K16-1,""),"") -> -0.076145833 | U16: Tyler | V16: 4 | W16: =COUNTIFS($N$2:$N$33,$U16) -> 4 | X16: =V16-W16 -> 0 | Y16: =SUMIFS($O$2:$O$33,$N$2:$N$33,$U16) -> 50 | Z16: =$V$2-Y16 -> 0 | AA16: =IF(X16=0,0,Z16-(X16-1)) -> 0 | AB16: =SUMIFS($G$2:$G$33,$N$2:$N$33,$U16) -> 31.1
A17: Chargers | B17: AFC West | C17: 9.5 | D17: 9.4 | E17: -0.5 | F17: =IFERROR(AVERAGE(D17,C17)+E17,"") -> 8.95 | G17: =F17 -> 8.95 | H17: =G17-MIN($G$2:$G$33) -> 4.5 | I17: =IF(N17<>"","-",G17) -> - | J17: =IF(N17<>"","-",G17-MIN($I$2:$I$33)) -> - | K17: =IFERROR(H17*$V$7,"") -> 14.206788 | L17: =IFERROR(IF(N17<>"","-",J17*$X$7),"") -> - | M17: 4 | N17: John | O17: 11 | P17: Chargers | Q17: =IF(N17<>"",K17-O17,"") -> 3.2067877 | R17: =IFERROR(IF(N17<>"",O17/K17-1,""),"") -> -0.22572222 | U17: Liam | V17: 4 | W17: =COUNTIFS($N$2:$N$33,$U17) -> 4 | X17: =V17-W17 -> 0 | Y17: =SUMIFS($O$2:$O$33,$N$2:$N$33,$U17) -> 50 | Z17: =$V$2-Y17 -> 0 | AA17: =IF(X17=0,0,Z17-(X17-1)) -> 0 | AB17: =SUMIFS($G$2:$G$33,$N$2:$N$33,$U17) -> 33
A18: Cowboys | B18: NFC East | C18: 9.5 | D18: 9.2 | E18: -0.5 | F18: =IFERROR(AVERAGE(D18,C18)+E18,"") -> 8.85 | G18: =F18 -> 8.85 | H18: =G18-MIN($G$2:$G$33) -> 4.4 | I18: =IF(N18<>"","-",G18) -> - | J18: =IF(N18<>"","-",G18-MIN($I$2:$I$33)) -> - | K18: =IFERROR(H18*$V$7,"") -> 13.891081 | L18: =IFERROR(IF(N18<>"","-",J18*$X$7),"") -> - | M18: 4 | N18: Sean | O18: 7 | P18: Cowboys | Q18: =IF(N18<>"",K18-O18,"") -> 6.8910813 | R18: =IFERROR(IF(N18<>"",O18/K18-1,""),"") -> -0.49607955 | U18: Evan | V18: 4 | W18: =COUNTIFS($N$2:$N$33,$U18) -> 4 | X18: =V18-W18 -> 0 | Y18: =SUMIFS($O$2:$O$33,$N$2:$N$33,$U18) -> 50 | Z18: =$V$2-Y18 -> 0 | AA18: =IF(X18=0,0,Z18-(X18-1)) -> 0 | AB18: =SUMIFS($G$2:$G$33,$N$2:$N$33,$U18) -> 35.15
A19: Vikings | B19: NFC North | C19: 8.5 | D19: 8.7 | E19: 0 | F19: =IFERROR(AVERAGE(D19,C19)+E19,"") -> 8.6 | G19: =F19 -> 8.6 | H19: =G19-MIN($G$2:$G$33) -> 4.15 | I19: =IF(N19<>"","-",G19) -> - | J19: =IF(N19<>"","-",G19-MIN($I$2:$I$33)) -> - | K19: =IFERROR(H19*$V$7,"") -> 13.101815 | L19: =IFERROR(IF(N19<>"","-",J19*$X$7),"") -> - | M19: 4 | N19: Evan | O19: 13 | P19: Vikings | Q19: =IF(N19<>"",K19-O19,"") -> 0.10181531 | R19: =IFERROR(IF(N19<>"",O19/K19-1,""),"") -> -0.0077710843 | U19: John | V19: 4 | W19: =COUNTIFS($N$2:$N$33,$U19) -> 4 | X19: =V19-W19 -> 0 | Y19: =SUMIFS($O$2:$O$33,$N$2:$N$33,$U19) -> 50 | Z19: =$V$2-Y19 -> 0 | AA19: =IF(X19=0,0,Z19-(X19-1)) -> 0 | AB19: =SUMIFS($G$2:$G$33,$N$2:$N$33,$U19) -> 35.9
A20: Steelers | B20: AFC North | C20: 8.5 | D20: 8.4 | E20: -0.5 | F20: =IFERROR(AVERAGE(D20,C20)+E20,"") -> 7.95 | G20: =F20 -> 7.95 | H20: =G20-MIN($G$2:$G$33) -> 3.5 | I20: =IF(N20<>"","-",G20) -> - | J20: =IF(N20<>"","-",G20-MIN($I$2:$I$33)) -> - | K20: =IFERROR(H20*$V$7,"") -> 11.049724 | L20: =IFERROR(IF(N20<>"","-",J20*$X$7),"") -> - | M20: 5 | N20: Barry | O20: 5 | P20: Steelers | Q20: =IF(N20<>"",K20-O20,"") -> 6.0497238 | R20: =IFERROR(IF(N20<>"",O20/K20-1,""),"") -> -0.5475 | U20: Barry | V20: 4 | W20: =COUNTIFS($N$2:$N$33,$U20) -> 4 | X20: =V20-W20 -> 0 | Y20: =SUMIFS($O$2:$O$33,$N$2:$N$33,$U20) -> 48 | Z20: =$V$2-Y20 -> 2 | AA20: =IF(X20=0,0,Z20-(X20-1)) -> 0 | AB20: =SUMIFS($G$2:$G$33,$N$2:$N$33,$U20) -> 34.05
A21: Buccaneers | B21: NFC South | C21: 8.5 | D21: 8 | E21: -0.5 | F21: =IFERROR(AVERAGE(D21,C21)+E21,"") -> 7.75 | G21: =F21 -> 7.75 | H21: =G21-MIN($G$2:$G$33) -> 3.3 | I21: =IF(N21<>"","-",G21) -> - | J21: =IF(N21<>"","-",G21-MIN($I$2:$I$33)) -> - | K21: =IFERROR(H21*$V$7,"") -> 10.418311 | L21: =IFERROR(IF(N21<>"","-",J21*$X$7),"") -> - | M21: 5 | N21: Rich | O21: 11 | P21: Buccaneers | Q21: =IF(N21<>"",K21-O21,"") -> -0.58168903 | R21: =IFERROR(IF(N21<>"",O21/K21-1,""),"") -> 0.055833333 | U21: Leo | V21: 4 | W21: =COUNTIFS($N$2:$N$33,$U21) -> 4 | X21: =V21-W21 -> 0 | Y21: =SUMIFS($O$2:$O$33,$N$2:$N$33,$U21) -> 49 | Z21: =$V$2-Y21 -> 1 | AA21: =IF(X21=0,0,Z21-(X21-1)) -> 0 | AB21: =SUMIFS($G$2:$G$33,$N$2:$N$33,$U21) -> 30.35
A22: Saints | B22: NFC South | C22: 7.5 | D22: 7.8 | E22: 0 | F22: =IFERROR(AVERAGE(D22,C22)+E22,"") -> 7.65 | G22: =F22 -> 7.65 | H22: =G22-MIN($G$2:$G$33) -> 3.2 | I22: =IF(N22<>"","-",G22) -> - | J22: =IF(N22<>"","-",G22-MIN($I$2:$I$33)) -> - | K22: =IFERROR(H22*$V$7,"") -> 10.102605 | L22: =IFERROR(IF(N22<>"","-",J22*$X$7),"") -> - | M22: 5 | N22: John | O22: 12 | P22: Saints | Q22: =IF(N22<>"",K22-O22,"") -> -1.8973954 | R22: =IFERROR(IF(N22<>"",O22/K22-1,""),"") -> 0.1878125
A23: Panthers | B23: NFC South | C23: 7.5 | D23: 6.7 | E23: 0.5 | F23: =IFERROR(AVERAGE(D23,C23)+E23,"") -> 7.6 | G23: =F23 -> 7.6 | H23: =G23-MIN($G$2:$G$33) -> 3.15 | I23: =IF(N23<>"","-",G23) -> - | J23: =IF(N23<>"","-",G23-MIN($I$2:$I$33)) -> - | K23: =IFERROR(H23*$V$7,"") -> 9.9447514 | L23: =IFERROR(IF(N23<>"","-",J23*$X$7),"") -> - | M23: 5 | N23: Liam | O23: 10 | P23: Panthers | Q23: =IF(N23<>"",K23-O23,"") -> -0.055248619 | R23: =IFERROR(IF(N23<>"",O23/K23-1,""),"") -> 0.0055555556
A24: Colts | B24: AFC South | C24: 7.5 | D24: 8.2 | E24: -0.5 | F24: =IFERROR(AVERAGE(D24,C24)+E24,"") -> 7.35 | G24: =F24 -> 7.35 | H24: =G24-MIN($G$2:$G$33) -> 2.9 | I24: =IF(N24<>"","-",G24) -> - | J24: =IF(N24<>"","-",G24-MIN($I$2:$I$33)) -> - | K24: =IFERROR(H24*$V$7,"") -> 9.1554854 | L24: =IFERROR(IF(N24<>"","-",J24*$X$7),"") -> - | M24: 6 | N24: Tyler | O24: 11 | P24: Colts | Q24: =IF(N24<>"",K24-O24,"") -> -1.8445146 | R24: =IFERROR(IF(N24<>"",O24/K24-1,""),"") -> 0.20146552
A25: Giants | B25: NFC East | C25: 7.5 | D25: 7.1 | E25: 0 | F25: =IFERROR(AVERAGE(D25,C25)+E25,"") -> 7.3 | G25: =F25 -> 7.3 | H25: =G25-MIN($G$2:$G$33) -> 2.85 | I25: =IF(N25<>"","-",G25) -> - | J25: =IF(N25<>"","-",G25-MIN($I$2:$I$33)) -> - | K25: =IFERROR(H25*$V$7,"") -> 8.9976322 | L25: =IFERROR(IF(N25<>"","-",J25*$X$7),"") -> - | M25: 6 | N25: Tyler | O25: 9 | P25: Giants | Q25: =IF(N25<>"",K25-O25,"") -> -0.0023677979 | R25: =IFERROR(IF(N25<>"",O25/K25-1,""),"") -> 0.00026315789
A26: Commanders | B26: NFC East | C26: 7.5 | D26: 7.6 | E26: -0.5 | F26: =IFERROR(AVERAGE(D26,C26)+E26,"") -> 7.05 | G26: =F26 -> 7.05 | H26: =G26-MIN($G$2:$G$33) -> 2.6 | I26: =IF(N26<>"","-",G26) -> - | J26: =IF(N26<>"","-",G26-MIN($I$2:$I$33)) -> - | K26: =IFERROR(H26*$V$7,"") -> 8.2083662 | L26: =IFERROR(IF(N26<>"","-",J26*$X$7),"") -> - | M26: 6 | N26: Tyler | O26: 11 | P26: Commanders | Q26: =IF(N26<>"",K26-O26,"") -> -2.7916338 | R26: =IFERROR(IF(N26<>"",O26/K26-1,""),"") -> 0.34009615
A27: Falcons | B27: NFC South | C27: 6.5 | D27: 7.1 | E27: 0 | F27: =IFERROR(AVERAGE(D27,C27)+E27,"") -> 6.8 | G27: =F27 -> 6.8 | H27: =G27-MIN($G$2:$G$33) -> 2.35 | I27: =IF(N27<>"","-",G27) -> - | J27: =IF(N27<>"","-",G27-MIN($I$2:$I$33)) -> - | K27: =IFERROR(H27*$V$7,"") -> 7.4191002 | L27: =IFERROR(IF(N27<>"","-",J27*$X$7),"") -> - | M27: 6 | N27: Sean | O27: 10 | P27: Falcons | Q27: =IF(N27<>"",K27-O27,"") -> -2.5808998 | R27: =IFERROR(IF(N27<>"",O27/K27-1,""),"") -> 0.34787234
A28: Titans | B28: AFC South | C28: 6.5 | D28: 5.8 | E28: 0 | F28: =IFERROR(AVERAGE(D28,C28)+E28,"") -> 6.15 | G28: =F28 -> 6.15 | H28: =G28-MIN($G$2:$G$33) -> 1.7 | I28: =IF(N28<>"","-",G28) -> - | J28: =IF(N28<>"","-",G28-MIN($I$2:$I$33)) -> - | K28: =IFERROR(H28*$V$7,"") -> 5.3670087 | L28: =IFERROR(IF(N28<>"","-",J28*$X$7),"") -> - | M28: 7 | N28: Rich | O28: 6 | P28: Titans | Q28: =IF(N28<>"",K28-O28,"") -> -0.63299132 | R28: =IFERROR(IF(N28<>"",O28/K28-1,""),"") -> 0.11794118
A29: Browns | B29: AFC North | C29: 6.5 | D29: 5.3 | E29: 0 | F29: =IFERROR(AVERAGE(D29,C29)+E29,"") -> 5.9 | G29: =F29 -> 5.9 | H29: =G29-MIN($G$2:$G$33) -> 1.45 | I29: =IF(N29<>"","-",G29) -> - | J29: =IF(N29<>"","-",G29-MIN($I$2:$I$33)) -> - | K29: =IFERROR(H29*$V$7,"") -> 4.5777427 | L29: =IFERROR(IF(N29<>"","-",J29*$X$7),"") -> - | M29: 7 | N29: Liam | O29: 2 | P29: Browns | Q29: =IF(N29<>"",K29-O29,"") -> 2.5777427 | R29: =IFERROR(IF(N29<>"",O29/K29-1,""),"") -> -0.56310345
A30: Raiders | B30: AFC West | C30: 5.5 | D30: 6.2 | E30: 0 | F30: =IFERROR(AVERAGE(D30,C30)+E30,"") -> 5.85 | G30: =F30 -> 5.85 | H30: =G30-MIN($G$2:$G$33) -> 1.4 | I30: =IF(N30<>"","-",G30) -> - | J30: =IF(N30<>"","-",G30-MIN($I$2:$I$33)) -> - | K30: =IFERROR(H30*$V$7,"") -> 4.4198895 | L30: =IFERROR(IF(N30<>"","-",J30*$X$7),"") -> - | M30: 7 | N30: Barry | O30: 3 | P30: Raiders | Q30: =IF(N30<>"",K30-O30,"") -> 1.4198895 | R30: =IFERROR(IF(N30<>"",O30/K30-1,""),"") -> -0.32125
A31: Jets | B31: AFC East | C31: 5.5 | D31: 5.6 | E31: 0 | F31: =IFERROR(AVERAGE(D31,C31)+E31,"") -> 5.55 | G31: =F31 -> 5.55 | H31: =G31-MIN($G$2:$G$33) -> 1.1 | I31: =IF(N31<>"","-",G31) -> - | J31: =IF(N31<>"","-",G31-MIN($I$2:$I$33)) -> - | K31: =IFERROR(H31*$V$7,"") -> 3.4727703 | L31: =IFERROR(IF(N31<>"","-",J31*$X$7),"") -> - | M31: 7 | N31: Evan | O31: 7 | P31: Jets | Q31: =IF(N31<>"",K31-O31,"") -> -3.5272297 | R31: =IFERROR(IF(N31<>"",O31/K31-1,""),"") -> 1.0156818
A32: Dolphins | B32: AFC East | C32: 4.5 | D32: 4.5 | E32: 0 | F32: =IFERROR(AVERAGE(D32,C32)+E32,"") -> 4.5 | G32: =F32 -> 4.5 | H32: =G32-MIN($G$2:$G$33) -> 0.05 | I32: =IF(N32<>"","-",G32) -> - | J32: =IF(N32<>"","-",G32-MIN($I$2:$I$33)) -> - | K32: =IFERROR(H32*$V$7,"") -> 0.1578532 | L32: =IFERROR(IF(N32<>"","-",J32*$X$7),"") -> - | M32: 8 | N32: Leo | O32: 1 | P32: Dolphins | Q32: =IF(N32<>"",K32-O32,"") -> -0.8421468 | R32: =IFERROR(IF(N32<>"",O32/K32-1,""),"") -> 5.335
A33: Cardinals | B33: NFC West | C33: 4.5 | D33: 4.4 | E33: 0 | F33: =IFERROR(AVERAGE(D33,C33)+E33,"") -> 4.45 | G33: =F33 -> 4.45 | H33: =G33-MIN($G$2:$G$33) -> 0 | I33: =IF(N33<>"","-",G33) -> - | J33: =IF(N33<>"","-",G33-MIN($I$2:$I$33)) -> - | K33: =IFERROR(H33*$V$7,"") -> 0 | L33: =IFERROR(IF(N33<>"","-",J33*$X$7),"") -> - | M33: 8 | N33: Leo | O33: 1 | P33: Cardinals | Q33: =IF(N33<>"",K33-O33,"") -> -1 | R33: =IFERROR(IF(N33<>"",O33/K33-1,""),"")

Sheet SOS
A1: Abb | B1: Season | C1: Original Rating | D1: Current Rating | E1: Win Total | F1: Total Result | G1: Projected SoS | H1: Proj Rank | I1: Played SoS | J1: Played Rank | K1: Avg. Opp. Rating | L1: Rank | M1: Team | N1: Week
A2: DET | B2: 2025 | C2: 3.91255 | D2: 3.60974 | E2: 9.5 | F2: Active | G2: 2.05598 | H2: 1 | I2: 4.75637 | J2: 5 | M2: =IF(A2<>"",IF($A2="OAK","LV",$A2),"") -> DET | N2: 1
A3: NYG | B3: 2025 | C3: -3.38349 | D3: -3.5968 | E3: 5.5 | F3: Active | G3: 1.7733 | H3: 2 | I3: 2.87775 | J3: 8 | M3: =IF(A3<>"",IF($A3="OAK","LV",$A3),"") -> NYG | N3: 1
A4: PHI | B4: 2025 | C4: 5.46796 | D4: 5.28946 | E4: 10.5 | F4: Active | G4: 1.73482 | H4: 3 | I4: -0.490711 | J4: 20 | M4: =IF(A4<>"",IF($A4="OAK","LV",$A4),"") -> PHI | N4: 1
A5: CLE | B5: 2025 | C5: -5.55016 | D5: -5.59889 | E5: 4.5 | F5: Active | G5: 1.6965 | H5: 4 | I5: 2.52532 | J5: 11 | M5: =IF(A5<>"",IF($A5="OAK","LV",$A5),"") -> CLE | N5: 1
A6: MIN | B6: 2025 | C6: 3.12496 | D6: 3.02809 | E6: 9.5 | F6: Active | G6: 1.58147 | H6: 5 | I6: -0.186668 | J6: 18 | M6: =IF(A6<>"",IF($A6="OAK","LV",$A6),"") -> MIN | N6: 1
A7: CHI | B7: 2025 | C7: -0.0390495 | D7: -0.186668 | E7: 7.5 | F7: Active | G7: 1.45756 | H7: 6 | I7: 3.02809 | J7: 7 | M7: =IF(A7<>"",IF($A7="OAK","LV",$A7),"") -> CHI | N7: 1
A8: KC | B8: 2025 | C8: 6.58069 | D8: 6.36061 | E8: 11.5 | F8: Active | G8: 1.39165 | H8: 7 | I8: 2.64577 | J8: 10 | M8: =IF(A8<>"",IF($A8="OAK","LV",$A8),"") -> KC | N8: 1
A9: DAL | B9: 2025 | C9: -0.437955 | D9: -0.490711 | E9: 7.5 | F9: Active | G9: 1.37612 | H9: 8 | I9: 5.28946 | J9: 4 | M9: =IF(A9<>"",IF($A9="OAK","LV",$A9),"") -> DAL | N9: 1
A10: GB | B10: 2025 | C10: 4.71442 | D10: 4.75637 | E10: 10.5 | F10: Active | G10: 1.32143 | H10: 9 | I10: 3.60974 | J10: 6 | M10: =IF(A10<>"",IF($A10="OAK","LV",$A10),"") -> GB | N10: 1
A11: WAS | B11: 2025 | C11: 2.896 | D11: 2.87775 | E11: 9.5 | F11: Active | G11: 1.18953 | H11: 10 | I11: -3.5968 | J11: 27 | M11: =IF(A11<>"",IF($A11="OAK","LV",$A11),"") -> WAS | N11: 1
A12: PIT | B12: 2025 | C12: 1.27518 | D12: 1.12078 | E12: 8.5 | F12: Active | G12: 1.18564 | H12: 11 | I12: -4.04083 | J12: 29 | M12: =IF(A12<>"",IF($A12="OAK","LV",$A12),"") -> PIT | N12: 1
A13: BAL | B13: 2025 | C13: 6.70286 | D13: 6.56626 | E13: 11.5 | F13: Active | G13: 1.14725 | H13: 12 | I13: 6.60627 | J13: 1 | M13: =IF(A13<>"",IF($A13="OAK","LV",$A13),"") -> BAL | N13: 1
... A33: SF | B33: 2025 | C33: 1.95396 | D33: 1.90722 | E33: 10.5 | F33: Active | G33: -1.39298 | H33: 32 | I33: -0.37984 | J33: 19 | M33: =IF(A33<>"",IF($A33="OAK","LV",$A33),"") -> SF | N33: 1
A34: DET | B34: 2025 | C34: 3.91255 | D34: 3.99942 | E34: 9.5 | F34: Active | G34: 2.05598 | H34: 1 | I34: 1.86076 | J34: 8 | M34: =IF(A34<>"",IF($A34="OAK","LV",$A34),"") -> DET | N34: =IF(A34<>"",N2+1,"") -> 2
A35: NYG | B35: 2025 | C35: -3.38349 | D35: -3.78261 | E35: 5.5 | F35: Active | G35: 1.7733 | H35: 2 | I35: 1.02052 | J35: 14 | M35: =IF(A35<>"",IF($A35="OAK","LV",$A35),"") -> NYG | N35: =IF(A35<>"",N3+1,"") -> 2
A36: PHI | B36: 2025 | C36: 5.46796 | D36: 5.26347 | E36: 10.5 | F36: Active | G36: 1.73482 | H36: 3 | I36: 2.65603 | J36: 6 | M36: =IF(A36<>"",IF($A36="OAK","LV",$A36),"") -> PHI | N36: =IF(A36<>"",N4+1,"") -> 2
A37: CLE | B37: 2025 | C37: -5.55016 | D37: -6.03012 | E37: 4.5 | F37: Active | G37: 1.6965 | H37: 4 | I37: 4.43942 | J37: 1 | M37: =IF(A37<>"",IF($A37="OAK","LV",$A37),"") -> CLE | N37: =IF(A37<>"",N5+1,"") -> 2
A38: MIN | B38: 2025 | C38: 3.12496 | D38: 2.17622 | E38: 9.5 | F38: Active | G38: 1.58147 | H38: 5 | I38: -1.56299 | J38: 26 | M38: =IF(A38<>"",IF($A38="OAK","LV",$A38),"") -> MIN | N38: =IF(A38<>"",N6+1,"") -> 2
A39: CHI | B39: 2025 | C39: -0.0390495 | D39: -1.17929 | E39: 7.5 | F39: Active | G39: 1.45756 | H39: 6 | I39: 3.08782 | J39: 5 | M39: =IF(A39<>"",IF($A39="OAK","LV",$A39),"") -> CHI | N39: =IF(A39<>"",N7+1,"") -> 2
A40: KC | B40: 2025 | C40: 6.58069 | D40: 5.97802 | E40: 11.5 | F40: Active | G40: 1.39165 | H40: 7 | I40: 4.05546 | J40: 2 | M40: =IF(A40<>"",IF($A40="OAK","LV",$A40),"") -> KC | N40: =IF(A40<>"",N8+1,"") -> 2
A41: DAL | B41: 2025 | C41: -0.437955 | D41: -0.665967 | E41: 7.5 | F41: Active | G41: 1.37612 | H41: 8 | I41: 0.740427 | J41: 15 | M41: =IF(A41<>"",IF($A41="OAK","LV",$A41),"") -> DAL | N41: =IF(A41<>"",N9+1,"") -> 2
A42: GB | B42: 2025 | C42: 4.71442 | D42: 4.90081 | E42: 10.5 | F42: Active | G42: 1.32143 | H42: 9 | I42: 3.35321 | J42: 4 | M42: =IF(A42<>"",IF($A42="OAK","LV",$A42),"") -> GB | N42: =IF(A42<>"",N10+1,"") -> 2
A43: WAS | B43: 2025 | C43: 2.896 | D43: 2.707 | E43: 9.5 | F43: Active | G43: 1.18953 | H43: 10 | I43: 0.5591 | J43: 17 | M43: =IF(A43<>"",IF($A43="OAK","LV",$A43),"") -> WAS | N43: =IF(A43<>"",N11+1,"") -> 2
A44: PIT | B44: 2025 | C44: 1.27518 | D44: 0.388884 | E44: 8.5 | F44: Active | G44: 1.18564 | H44: 11 | I44: -2.24011 | J44: 27 | M44: =IF(A44<>"",IF($A44="OAK","LV",$A44),"") -> PIT | N44: =IF(A44<>"",N12+1,"") -> 2
A45: BAL | B45: 2025 | C45: 6.70286 | D45: 6.68215 | E45: 11.5 | F45: Active | G45: 1.14725 | H45: 12 | I45: 0.376736 | J45: 18 | M45: =IF(A45<>"",IF($A45="OAK","LV",$A45),"") -> BAL | N45: =IF(A45<>"",N13+1,"") -> 2
... A65: SF | B65: 2025 | C65: 1.95396 | D65: 1.93297 | E65: 10.5 | F65: Active | G65: -1.39298 | H65: 32 | I65: -4.12265 | J65: 31 | M65: =IF(A65<>"",IF($A65="OAK","LV",$A65),"") -> SF | N65: =IF(A65<>"",N33+1,"") -> 2
M66: =IF(A66<>"",IF($A66="OAK","LV",$A66),"") | N66: =IF(A66<>"",N34+1,"")
M67: =IF(A67<>"",IF($A67="OAK","LV",$A67),"") | N67: =IF(A67<>"",N35+1,"")
M68: =IF(A68<>"",IF($A68="OAK","LV",$A68),"") | N68: =IF(A68<>"",N36+1,"")
M69: =IF(A69<>"",IF($A69="OAK","LV",$A69),"") | N69: =IF(A69<>"",N37+1,"")
M70: =IF(A70<>"",IF($A70="OAK","LV",$A70),"") | N70: =IF(A70<>"",N38+1,"")
M71: =IF(A71<>"",IF($A71="OAK","LV",$A71),"") | N71: =IF(A71<>"",N39+1,"")
M72: =IF(A72<>"",IF($A72="OAK","LV",$A72),"") | N72: =IF(A72<>"",N40+1,"")
M73: =IF(A73<>"",IF($A73="OAK","LV",$A73),"") | N73: =IF(A73<>"",N41+1,"")
M74: =IF(A74<>"",IF($A74="OAK","LV",$A74),"") | N74: =IF(A74<>"",N42+1,"")
M75: =IF(A75<>"",IF($A75="OAK","LV",$A75),"") | N75: =IF(A75<>"",N43+1,"")
M76: =IF(A76<>"",IF($A76="OAK","LV",$A76),"") | N76: =IF(A76<>"",N44+1,"")
M77: =IF(A77<>"",IF($A77="OAK","LV",$A77),"") | N77: =IF(A77<>"",N45+1,"")
... M225: =IF(A225<>"",IF($A225="OAK","LV",$A225),"") | N225: =IF(A225<>"",N193+1,"")

Sheet Value
A1: Team | B1: Ab | C1: Division | D1: O/U | E1: Projected | F1: Drafted by | G1: Round | H1: Paid | I1: Value | J1: Wins | K1: Losses | L1: Ties | M1: Current Value | N1: New VOR | O1: Bye? | P1: Check | R1: Check | U1: Player | V1: W | W1: L | X1: T | Y1: %
A2: Broncos | B2: DEN | C2: AFC West | D2: 9.5 | E2: 15.625 | F2: John | G2: 1 | H2: 17 | I2: =M2-H2 -> 8.1428571 | J2: 14 | K2: 3 | L2: 0 | M2: =IFERROR(IF(N2*($S$7/SUM($N$2:$N$33))>47,47,N2*($S$7/SUM($N$2:$N$33))),"") -> 25.142857 | N2: =J2-MIN($J$2:$J$33) -> 11 | O2: Yes | P2: =SUM(J2:L2) -> 17 | R2: Wins | S2: =SUM(J2:J33) -> 271 | U2: John | V2: =SUMIFS(J$2:J$33,$F$2:$F$33,$U2) -> 43 | W2: =SUMIFS(K$2:K$33,$F$2:$F$33,$U2) -> 25 | X2: =SUMIFS(L$2:L$33,$F$2:$F$33,$U2) -> 0 | Y2: =V2/SUM(V2:W2) -> 0.63235294
A3: Patriots | B3: NE | C3: AFC East | D3: 8.5 | E3: 12.5 | F3: John | G3: 3 | H3: 10 | I3: =M3-H3 -> 15.142857 | J3: 14 | K3: 3 | L3: 0 | M3: =IFERROR(IF(N3*($S$7/SUM($N$2:$N$33))>47,47,N3*($S$7/SUM($N$2:$N$33))),"") -> 25.142857 | N3: =J3-MIN($J$2:$J$33) -> 11 | O3: Yes | P3: =SUM(J3:L3) -> 17 | R3: Losses | S3: =SUM(K2:K33) -> 271 | U3: Sean | V3: =SUMIFS(J$2:J$33,$F$2:$F$33,$U3) -> 42 | W3: =SUMIFS(K$2:K$33,$F$2:$F$33,$U3) -> 26 | X3: =SUMIFS(L$2:L$33,$F$2:$F$33,$U3) -> 0 | Y3: =V3/SUM(V3:W3) -> 0.61764706
A4: Seahawks | B4: SEA | C4: NFC West | D4: 8.5 | E4: 12.5 | F4: Sean | G4: 4 | H4: 11 | I4: =M4-H4 -> 14.142857 | J4: 14 | K4: 3 | L4: 0 | M4: =IFERROR(IF(N4*($S$7/SUM($N$2:$N$33))>47,47,N4*($S$7/SUM($N$2:$N$33))),"") -> 25.142857 | N4: =J4-MIN($J$2:$J$33) -> 11 | O4: Yes | P4: =SUM(J4:L4) -> 17 | U4: Barry | V4: =SUMIFS(J$2:J$33,$F$2:$F$33,$U4) -> 41 | W4: =SUMIFS(K$2:K$33,$F$2:$F$33,$U4) -> 25 | X4: =SUMIFS(L$2:L$33,$F$2:$F$33,$U4) -> 2 | Y4: =V4/SUM(V4:W4) -> 0.62121212
A5: Jaguars | B5: JAX | C5: AFC South | D5: 7.5 | E5: 9.375 | F5: Barry | G5: 3 | H5: 10 | I5: =M5-H5 -> 12.857143 | J5: 13 | K5: 4 | L5: 0 | M5: =IFERROR(IF(N5*($S$7/SUM($N$2:$N$33))>47,47,N5*($S$7/SUM($N$2:$N$33))),"") -> 22.857143 | N5: =J5-MIN($J$2:$J$33) -> 10 | O5: Yes | P5: =SUM(J5:L5) -> 17 | R5: Teams | S5: 8 | U5: Liam | V5: =SUMIFS(J$2:J$33,$F$2:$F$33,$U5) -> 0 | W5: =SUMIFS(K$2:K$33,$F$2:$F$33,$U5) -> 0 | X5: =SUMIFS(L$2:L$33,$F$2:$F$33,$U5) -> 0 | Y5: =V5/SUM(V5:W5) -> #DIV/0!
A6: 49ers | B6: SF | C6: NFC West | D6: 10.5 | E6: 18.75 | F6: Evan | G6: 1 | H6: 18 | I6: =M6-H6 -> 2.5714286 | J6: 12 | K6: 5 | L6: 0 | M6: =IFERROR(IF(N6*($S$7/SUM($N$2:$N$33))>47,47,N6*($S$7/SUM($N$2:$N$33))),"") -> 20.571429 | N6: =J6-MIN($J$2:$J$33) -> 9 | O6: Yes | P6: =SUM(J6:L6) -> 17 | R6: Budget | S6: 50 | U6: Evan | V6: =SUMIFS(J$2:J$33,$F$2:$F$33,$U6) -> 35 | W6: =SUMIFS(K$2:K$33,$F$2:$F$33,$U6) -> 33 | X6: =SUMIFS(L$2:L$33,$F$2:$F$33,$U6) -> 0 | Y6: =V6/SUM(V6:W6) -> 0.51470588
A7: Rams | B7: LAR | C7: NFC West | D7: 9.5 | E7: 15.625 | F7: Barry | G7: 2 | H7: 15 | I7: =M7-H7 -> 5.5714286 | J7: 12 | K7: 5 | L7: 0 | M7: =IFERROR(IF(N7*($S$7/SUM($N$2:$N$33))>47,47,N7*($S$7/SUM($N$2:$N$33))),"") -> 20.571429 | N7: =J7-MIN($J$2:$J$33) -> 9 | O7: Yes | P7: =SUM(J7:L7) -> 17 | R7: Total | S7: =S5*S6 -> 400 | U7: Leo | V7: =SUMIFS(J$2:J$33,$F$2:$F$33,$U7) -> 33 | W7: =SUMIFS(K$2:K$33,$F$2:$F$33,$U7) -> 35 | X7: =SUMIFS(L$2:L$33,$F$2:$F$33,$U7) -> 0 | Y7: =V7/SUM(V7:W7) -> 0.48529412
A8: Texans | B8: HOU | C8: AFC South | D8: 9.5 | E8: 15.625 | F8: Evan | G8: 2 | H8: 17 | I8: =M8-H8 -> 3.5714286 | J8: 12 | K8: 5 | L8: 0 | M8: =IFERROR(IF(N8*($S$7/SUM($N$2:$N$33))>47,47,N8*($S$7/SUM($N$2:$N$33))),"") -> 20.571429 | N8: =J8-MIN($J$2:$J$33) -> 9 | O8: Yes | P8: =SUM(J8:L8) -> 17 | U8: Tyler | V8: =SUMIFS(J$2:J$33,$F$2:$F$33,$U8) -> 31 | W8: =SUMIFS(K$2:K$33,$F$2:$F$33,$U8) -> 37 | X8: =SUMIFS(L$2:L$33,$F$2:$F$33,$U8) -> 0 | Y8: =V8/SUM(V8:W8) -> 0.45588235
A9: Bills | B9: BUF | C9: AFC East | D9: 11.5 | E9: 21.875 | F9: Leo | G9: 1 | H9: 24 | I9: =M9-H9 -> -3.4285714 | J9: 12 | K9: 5 | L9: 0 | M9: =IFERROR(IF(N9*($S$7/SUM($N$2:$N$33))>47,47,N9*($S$7/SUM($N$2:$N$33))),"") -> 20.571429 | N9: =J9-MIN($J$2:$J$33) -> 9 | O9: Yes | P9: =SUM(J9:L9) -> 17 | U9: Rich | V9: =SUMIFS(J$2:J$33,$F$2:$F$33,$U9) -> 21 | W9: =SUMIFS(K$2:K$33,$F$2:$F$33,$U9) -> 47 | X9: =SUMIFS(L$2:L$33,$F$2:$F$33,$U9) -> 0 | Y9: =V9/SUM(V9:W9) -> 0.30882353
A10: Bears | B10: CHI | C10: NFC North | D10: 8.5 | E10: 12.5 | F10: Niels | G10: 3 | H10: 4 | I10: =M10-H10 -> 14.285714 | J10: 11 | K10: 6 | L10: 0 | M10: =IFERROR(IF(N10*($S$7/SUM($N$2:$N$33))>47,47,N10*($S$7/SUM($N$2:$N$33))),"") -> 18.285714 | N10: =J10-MIN($J$2:$J$33) -> 8 | O10: Yes | P10: =SUM(J10:L10) -> 17 | V10: =SUM(V2:V9) -> 246 | W10: =SUM(W2:W9) -> 228 | X10: =SUM(X2:X9) -> 2
A11: Chargers | B11: LAC | C11: AFC West | D11: 9.5 | E11: 15.625 | F11: Sean | G11: 2 | H11: 13 | I11: =M11-H11 -> 5.2857143 | J11: 11 | K11: 6 | L11: 0 | M11: =IFERROR(IF(N11*($S$7/SUM($N$2:$N$33))>47,47,N11*($S$7/SUM($N$2:$N$33))),"") -> 18.285714 | N11: =J11-MIN($J$2:$J$33) -> 8 | O11: Yes | P11: =SUM(J11:L11) -> 17
A12: Eagles | B12: PHI | C12: NFC East | D12: 11.5 | E12: 21.875 | F12: Tyler | G12: 1 | H12: 23 | I12: =M12-H12 -> -4.7142857 | J12: 11 | K12: 6 | L12: 0 | M12: =IFERROR(IF(N12*($S$7/SUM($N$2:$N$33))>47,47,N12*($S$7/SUM($N$2:$N$33))),"") -> 18.285714 | N12: =J12-MIN($J$2:$J$33) -> 8 | O12: Yes | P12: =SUM(J12:L12) -> 17
A13: Packers | B13: GB | C13: NFC North | D13: 10.5 | E13: 18.75 | F13: Barry | G13: 1 | H13: 17 | I13: =M13-H13 -> -3.2857143 | J13: 9 | K13: 7 | L13: 1 | M13: =IFERROR(IF(N13*($S$7/SUM($N$2:$N$33))>47,47,N13*($S$7/SUM($N$2:$N$33))),"") -> 13.714286 | N13: =J13-MIN($J$2:$J$33) -> 6 | O13: Yes | P13: =SUM(J13:L13) -> 17
A14: Steelers | B14: PIT | C14: AFC North | D14: 8.5 | E14: 12.5 | F14: Leo | G14: 2 | H14: 14 | I14: =M14-H14 -> 2 | J14: 10 | K14: 7 | L14: 0 | M14: =IFERROR(IF(N14*($S$7/SUM($N$2:$N$33))>47,47,N14*($S$7/SUM($N$2:$N$33))),"") -> 16 | N14: =J14-MIN($J$2:$J$33) -> 7 | O14: Yes | P14: =SUM(J14:L14) -> 17
A15: Panthers | B15: CAR | C15: NFC South | D15: 6.5 | E15: 6.25 | F15: Leo | G15: 3 | H15: 3 | I15: =M15-H15 -> 8.4285714 | J15: 8 | K15: 9 | L15: 0 | M15: =IFERROR(IF(N15*($S$7/SUM($N$2:$N$33))>47,47,N15*($S$7/SUM($N$2:$N$33))),"") -> 11.428571 | N15: =J15-MIN($J$2:$J$33) -> 5 | O15: Yes | P15: =SUM(J15:L15) -> 17
A16: Vikings | B16: MIN | C16: NFC North | D16: 8.5 | E16: 12.5 | F16: Sean | G16: 1 | H16: 14 | I16: =M16-H16 -> -0.28571429 | J16: 9 | K16: 8 | L16: 0 | M16: =IFERROR(IF(N16*($S$7/SUM($N$2:$N$33))>47,47,N16*($S$7/SUM($N$2:$N$33))),"") -> 13.714286 | N16: =J16-MIN($J$2:$J$33) -> 6 | O16: Yes | P16: =SUM(J16:L16) -> 17
A17: Colts | B17: IND | C17: AFC South | D17: 7.5 | E17: 9.375 | F17: Tyler | G17: 3 | H17: 1 | I17: =M17-H17 -> 10.428571 | J17: 8 | K17: 9 | L17: 0 | M17: =IFERROR(IF(N17*($S$7/SUM($N$2:$N$33))>47,47,N17*($S$7/SUM($N$2:$N$33))),"") -> 11.428571 | N17: =J17-MIN($J$2:$J$33) -> 5 | O17: Yes | P17: =SUM(J17:L17) -> 17
A18: Lions | B18: DET | C18: NFC North | D18: 10.5 | E18: 18.75 | F18: Tyler | G18: 2 | H18: 19 | I18: =M18-H18 -> -5.2857143 | J18: 9 | K18: 8 | L18: 0 | M18: =IFERROR(IF(N18*($S$7/SUM($N$2:$N$33))>47,47,N18*($S$7/SUM($N$2:$N$33))),"") -> 13.714286 | N18: =J18-MIN($J$2:$J$33) -> 6 | O18: Yes | P18: =SUM(J18:L18) -> 17
A19: Ravens | B19: BAL | C19: AFC North | D19: 11.5 | E19: 21.875 | F19: Niels | G19: 1 | H19: 25 | I19: =M19-H19 -> -13.571429 | J19: 8 | K19: 9 | L19: 0 | M19: =IFERROR(IF(N19*($S$7/SUM($N$2:$N$33))>47,47,N19*($S$7/SUM($N$2:$N$33))),"") -> 11.428571 | N19: =J19-MIN($J$2:$J$33) -> 5 | O19: Yes | P19: =SUM(J19:L19) -> 17
A20: Cowboys | B20: DAL | C20: NFC East | D20: 7.5 | E20: 9.375 | F20: Barry | G20: 4 | H20: 8 | I20: =M20-H20 -> 1.1428571 | J20: 7 | K20: 9 | L20: 1 | M20: =IFERROR(IF(N20*($S$7/SUM($N$2:$N$33))>47,47,N20*($S$7/SUM($N$2:$N$33))),"") -> 9.1428571 | N20: =J20-MIN($J$2:$J$33) -> 4 | O20: Yes | P20: =SUM(J20:L20) -> 17
A21: Buccaneers | B21: TB | C21: NFC South | D21: 9.5 | E21: 15.625 | F21: John | G21: 2 | H21: 15 | I21: =M21-H21 -> -3.5714286 | J21: 8 | K21: 9 | L21: 0 | M21: =IFERROR(IF(N21*($S$7/SUM($N$2:$N$33))>47,47,N21*($S$7/SUM($N$2:$N$33))),"") -> 11.428571 | N21: =J21-MIN($J$2:$J$33) -> 5 | O21: Yes | P21: =SUM(J21:L21) -> 17
A22: Dolphins | B22: MIA | C22: AFC East | D22: 7.5 | E22: 9.375 | F22: John | G22: 4 | H22: 8 | I22: =M22-H22 -> 1.1428571 | J22: 7 | K22: 10 | L22: 0 | M22: =IFERROR(IF(N22*($S$7/SUM($N$2:$N$33))>47,47,N22*($S$7/SUM($N$2:$N$33))),"") -> 9.1428571 | N22: =J22-MIN($J$2:$J$33) -> 4 | O22: Yes | P22: =SUM(J22:L22) -> 17
... A33: Raiders | B33: LV | C33: AFC West | D33: 6.5 | E33: 6.25 | F33: Leo | G33: 4 | H33: 9 | I33: =M33-H33 -> -9 | J33: 3 | K33: 14 | L33: 0 | M33: =IFERROR(IF(N33*($S$7/SUM($N$2:$N$33))>47,47,N33*($S$7/SUM($N$2:$N$33))),"") -> 0 | N33: =J33-MIN($J$2:$J$33) -> 0 | O33: Yes | P33: =SUM(J33:L33) -> 17

Sheet Timeline
A1: Team | B1: Ab | C1: Division | D1: O/U | E1: Projected | F1: Drafted by | G1: Round | H1: Paid | I1: Value | J1: Wins | K1: Losses | L1: Ties | M1: Current Value | N1: New VOR | O1: Bye? | P1: Check | Q1: Week
A2: 49ers | B2: SF | C2: NFC West | D2: 10.5 | E2: 18.75 | F2: Evan | G2: 1 | H2: 18 | I2: 0.75 | J2: 0 | K2: 0 | L2: 0 | N2: 0 | O2: No | P2: 0 | Q2: 0
A3: Bears | B3: CHI | C3: NFC North | D3: 8.5 | E3: 12.5 | F3: Niels | G3: 3 | H3: 4 | I3: 8.5 | J3: 0 | K3: 0 | L3: 0 | N3: 0 | O3: No | P3: 0 | Q3: 0
A4: Bengals | B4: CIN | C4: AFC North | D4: 9.5 | E4: 15.625 | F4: Evan | G4: 3 | H4: 14 | I4: 1.625 | J4: 0 | K4: 0 | L4: 0 | N4: 0 | O4: No | P4: 0 | Q4: 0
A5: Bills | B5: BUF | C5: AFC East | D5: 11.5 | E5: 21.875 | F5: Leo | G5: 1 | H5: 24 | I5: -2.125 | J5: 0 | K5: 0 | L5: 0 | N5: 0 | O5: No | P5: 0 | Q5: 0
A6: Broncos | B6: DEN | C6: AFC West | D6: 9.5 | E6: 15.625 | F6: John | G6: 1 | H6: 17 | I6: -1.375 | J6: 0 | K6: 0 | L6: 0 | N6: 0 | O6: No | P6: 0 | Q6: 0
A7: Browns | B7: CLE | C7: AFC North | D7: 4.5 | E7: 0 | F7: Evan | G7: 4 | H7: 1 | I7: -1 | J7: 0 | K7: 0 | L7: 0 | N7: 0 | O7: No | P7: 0 | Q7: 0
A8: Buccaneers | B8: TB | C8: NFC South | D8: 9.5 | E8: 15.625 | F8: John | G8: 2 | H8: 15 | I8: 0.625 | J8: 0 | K8: 0 | L8: 0 | N8: 0 | O8: No | P8: 0 | Q8: 0
A9: Cardinals | B9: ARI | C9: NFC West | D9: 8.5 | E9: 12.5 | F9: Niels | G9: 2 | H9: 12 | I9: 0.5 | J9: 0 | K9: 0 | L9: 0 | N9: 0 | O9: No | P9: 0 | Q9: 0
A10: Chargers | B10: LAC | C10: AFC West | D10: 9.5 | E10: 15.625 | F10: Sean | G10: 2 | H10: 13 | I10: 2.625 | J10: 0 | K10: 0 | L10: 0 | N10: 0 | O10: No | P10: 0 | Q10: 0
A11: Chiefs | B11: KC | C11: AFC West | D11: 11.5 | E11: 21.875 | F11: Rich | G11: 1 | H11: 24 | I11: -2.125 | J11: 0 | K11: 0 | L11: 0 | N11: 0 | O11: No | P11: 0 | Q11: 0
A12: Colts | B12: IND | C12: AFC South | D12: 7.5 | E12: 9.375 | F12: Tyler | G12: 3 | H12: 1 | I12: 8.375 | J12: 0 | K12: 0 | L12: 0 | N12: 0 | O12: No | P12: 0 | Q12: 0
A13: Commanders | B13: WAS | C13: NFC East | D13: 9.5 | E13: 15.625 | F13: Rich | G13: 2 | H13: 19 | I13: -3.375 | J13: 0 | K13: 0 | L13: 0 | N13: 0 | O13: No | P13: 0 | Q13: 0
... A33: Vikings | B33: MIN | C33: NFC North | D33: 8.5 | E33: 12.5 | F33: Sean | G33: 1 | H33: 14 | I33: -1.5 | J33: 0 | K33: 0 | L33: 0 | N33: 0 | O33: No | P33: 0 | Q33: 0
A34: Jaguars | B34: JAX | C34: AFC South | D34: 7.5 | E34: 9.375 | F34: Barry | G34: 3 | H34: 10 | I34: -0.625 | J34: 1 | K34: 0 | L34: 0 | M34: 25 | N34: 1 | O34: No | P34: 1 | Q34: 1
A35: Packers | B35: GB | C35: NFC North | D35: 10.5 | E35: 18.75 | F35: Barry | G35: 1 | H35: 17 | I35: 1.75 | J35: 1 | K35: 0 | L35: 0 | M35: 25 | N35: 1 | O35: No | P35: 1 | Q35: 1
A36: Rams | B36: LAR | C36: NFC West | D36: 9.5 | E36: 15.625 | F36: Barry | G36: 2 | H36: 15 | I36: 0.625 | J36: 1 | K36: 0 | L36: 0 | M36: 25 | N36: 1 | O36: No | P36: 1 | Q36: 1
A37: 49ers | B37: SF | C37: NFC West | D37: 10.5 | E37: 18.75 | F37: Evan | G37: 1 | H37: 18 | I37: 0.75 | J37: 1 | K37: 0 | L37: 0 | M37: 25 | N37: 1 | O37: No | P37: 1 | Q37: 1
A38: Bengals | B38: CIN | C38: AFC North | D38: 9.5 | E38: 15.625 | F38: Evan | G38: 3 | H38: 14 | I38: 1.625 | J38: 1 | K38: 0 | L38: 0 | M38: 25 | N38: 1 | O38: No | P38: 1 | Q38: 1
A39: Broncos | B39: DEN | C39: AFC West | D39: 9.5 | E39: 15.625 | F39: John | G39: 1 | H39: 17 | I39: -1.375 | J39: 1 | K39: 0 | L39: 0 | M39: 25 | N39: 1 | O39: No | P39: 1 | Q39: 1
A40: Buccaneers | B40: TB | C40: NFC South | D40: 9.5 | E40: 15.625 | F40: John | G40: 2 | H40: 15 | I40: 0.625 | J40: 1 | K40: 0 | L40: 0 | M40: 25 | N40: 1 | O40: No | P40: 1 | Q40: 1
A41: Bills | B41: BUF | C41: AFC East | D41: 11.5 | E41: 21.875 | F41: Leo | G41: 1 | H41: 24 | I41: -2.125 | J41: 1 | K41: 0 | L41: 0 | M41: 25 | N41: 1 | O41: No | P41: 1 | Q41: 1
A42: Raiders | B42: LV | C42: AFC West | D42: 6.5 | E42: 6.25 | F42: Leo | G42: 4 | H42: 9 | I42: -2.75 | J42: 1 | K42: 0 | L42: 0 | M42: 25 | N42: 1 | O42: No | P42: 1 | Q42: 1
A43: Steelers | B43: PIT | C43: AFC North | D43: 8.5 | E43: 12.5 | F43: Leo | G43: 2 | H43: 14 | I43: -1.5 | J43: 1 | K43: 0 | L43: 0 | M43: 25 | N43: 1 | O43: No | P43: 1 | Q43: 1
A44: Cardinals | B44: ARI | C44: NFC West | D44: 8.5 | E44: 12.5 | F44: Niels | G44: 2 | H44: 12 | I44: 0.5 | J44: 1 | K44: 0 | L44: 0 | M44: 25 | N44: 1 | O44: No | P44: 1 | Q44: 1
A45: Commanders | B45: WAS | C45: NFC East | D45: 9.5 | E45: 15.625 | F45: Rich | G45: 2 | H45: 19 | I45: -3.375 | J45: 1 | K45: 0 | L45: 0 | M45: 25 | N45: 1 | O45: No | P45: 1 | Q45: 1
... A609: Raiders | B609: LV | C609: AFC West | D609: 6.5 | E609: 6.25 | F609: Leo | G609: 4 | H609: 9 | I609: -9 | J609: 3 | K609: 14 | L609: 0 | M609: 0 | N609: 0 | O609: Yes | P609: 17 | Q609: 18

Sheet EPA
A1: Team | B1: Old Season | C1: nfelo | D1: QB Adj | E1: Value | F1: WoW | G1: YTD | H1: Off Play | I1: Off Pass | J1: Off Rush | K1: Def Play | L1: Def Pass | M1: Def Rush | N1: EPA | O1: For | P1: Against | Q1: Dif | R1: Wins | S1: Pythag | T1: Elo | U1: Film | V1: Abb | W1: Week | X1: Season
A2: PHI | B2: 2024 | C2: 1711.34 | D2: 3.2932 | E2: 7.69187 | F2: 1.74355 | G2: 7.15094 | H2: 0.111 | I2: 0.1479 | J2: 0.0808176 | K2: -0.0928 | L2: -0.1084 | M2: -0.117191 | N2: 0.2038 | O2: 28.9524 | P2: 18.0952 | Q2: 10.8571 | R2: 18 | S2: 15.81 | T2: 13.2864 | U2: 15 | V2: =IF(A2="OAK","LV",A2) -> PHI | W2: 0 | X2: 2025
A3: DET | B3: 2024 | C3: 1735.27 | D3: 27.5373 | E3: 8.64903 | F3: 0 | G3: 5.53132 | H3: 0.1706 | I3: 0.2562 | J3: 0.0378555 | K3: -0.0265 | L3: -0.0577 | M3: -0.0157102 | N3: 0.1971 | O3: 33.0556 | P3: 21.5 | Q3: 11.5556 | R3: 15 | S3: 13.2275 | T3: 12.4417 | U3: 16 | V3: =IF(A3="OAK","LV",A3) -> DET | W3: 0 | X3: 2025
A4: BUF | B4: 2024 | C4: 1695.14 | D4: 27.423 | E4: 7.04388 | F4: 0 | G4: 2.41738 | H4: 0.1857 | I4: 0.2549 | J4: 0.0973198 | K4: 0.0099 | L4: 0.0652 | M4: -0.0747704 | N4: 0.1758 | O4: 30.6 | P4: 21.6 | Q4: 9 | R4: 15 | S4: 13.908 | T4: 13.7286 | U4: 11 | V4: =IF(A4="OAK","LV",A4) -> BUF | W4: 0 | X4: 2025
A5: BAL | B5: 2024 | C5: 1781.94 | D5: 43.1511 | E5: 10.5159 | F5: 0 | G5: 6.3018 | H5: 0.1863 | I5: 0.3325 | J5: 0.103777 | K5: 0.0215 | L5: 0.0045 | M5: -0.11665 | N5: 0.1648 | O5: 30.0526 | P5: 21.1579 | Q5: 8.8947 | R5: 13 | S5: 13.2377 | T5: 12.3142 | U5: 13 | V5: =IF(A5="OAK","LV",A5) -> BAL | W5: 0 | X5: 2025
A6: GB | B6: 2024 | C6: 1634.51 | D6: -6.775 | E6: 4.61835 | F6: 0 | G6: 2.98089 | H6: 0.076 | I6: 0.122 | J6: 0.00912193 | K6: -0.0504 | L6: -0.0604 | M6: -0.0790944 | N6: 0.1264 | O6: 26.1111 | P6: 20 | Q6: 6.1111 | R6: 11 | S6: 11.7526 | T6: 10.6101 | U6: 8 | V6: =IF(A6="OAK","LV",A6) -> GB | W6: 0 | X6: 2025
A7: TB | B7: 2024 | C7: 1581.23 | D7: 41.1344 | E7: 2.48733 | F7: 0 | G7: 3.4315 | H7: 0.133 | I7: 0.204 | J7: 0.0234498 | K7: 0.0169 | L7: 0.0623 | M7: -0.0529915 | N7: 0.1161 | O7: 29 | P7: 22.6667 | Q7: 6.3333 | R7: 10 | S7: 11.5556 | T7: 10.3865 | U7: 10 | V7: =IF(A7="OAK","LV",A7) -> TB | W7: 0 | X7: 2025
A8: MIN | B8: 2024 | C8: 1610.35 | D8: 10.6549 | E8: 3.6523 | F8: 0 | G8: 4.85298 | H8: 0.0103 | I8: 0.0226 | J8: -0.0679919 | K8: -0.0909 | L8: -0.0455 | M8: -0.159888 | N8: 0.1013 | O8: 24.5 | P8: 19.9444 | Q8: 4.5556 | R8: 14 | S8: 11.1516 | T8: 10.8361 | U8: 13 | V8: =IF(A8="OAK","LV",A8) -> MIN | W8: 0 | X8: 2025
A9: DEN | B9: 2024 | C9: 1659.29 | D9: 39.3647 | E9: 5.60983 | F9: 0 | G9: 8.95976 | H9: 0.026 | I9: 0.0324 | J9: -0.0328018 | K9: -0.0713 | L9: -0.1035 | M9: -0.0992789 | N9: 0.0973 | O9: 24 | P9: 19 | Q9: 5 | R9: 10 | S9: 11.4297 | T9: 8.96083 | U9: 11 | V9: =IF(A9="OAK","LV",A9) -> DEN | W9: 0 | X9: 2025
A10: LAC | B10: 2024 | C10: 1624.07 | D10: 14.5642 | E10: 4.20095 | F10: 0 | G10: 6.20302 | H10: 0.0232 | I10: 0.0543 | J10: -0.0615606 | K10: -0.0699 | L10: -0.08 | M10: -0.0686461 | N10: 0.093 | O10: 23 | P10: 18.5 | Q10: 4.5 | R10: 11 | S10: 11.2718 | T10: 9.37053 | U10: 12 | V10: =IF(A10="OAK","LV",A10) -> LAC | W10: 0 | X10: 2025
A11: WAS | B11: 2024 | C11: 1599.8 | D11: 36.3812 | E11: 3.2303 | F11: 0 | G11: 8.04575 | H11: 0.1482 | I11: 0.1483 | J11: 0.100921 | K11: 0.0779 | L11: 0.0583 | M11: 0.00228313 | N11: 0.0703 | O11: 28.8 | P11: 24.85 | Q11: 3.95 | R11: 14 | S11: 11.7305 | T11: 8.81049 | U11: 10 | V11: =IF(A11="OAK","LV",A11) -> WAS | W11: 0 | X11: 2025
A12: KC | B12: 2024 | C12: 1626.31 | D12: 16.2141 | E12: 4.29031 | F12: 1.34927 | G12: -1.30601 | H12: 0.061 | I12: 0.0882 | J12: -0.00245096 | K12: 0.0139 | L12: 0.0696 | M12: -0.0344761 | N12: 0.0471 | O12: 23.1 | P12: 20.45 | Q12: 2.65 | R12: 17 | S12: 11.434 | T12: 14.5173 | U12: 13 | V12: =IF(A12="OAK","LV",A12) -> KC | W12: 0 | X12: 2025
A13: CIN | B13: 2024 | C13: 1617.08 | D13: 38.3564 | E13: 3.92137 | F13: 0 | G13: 1.7206 | H13: 0.1173 | I13: 0.1525 | J13: -0.0249703 | K13: 0.0725 | L13: 0.041 | M13: 0.0157217 | N13: 0.0448 | O13: 27.7647 | P13: 25.5294 | Q13: 2.2353 | R13: 9 | S13: 9.3427 | T13: 8.85417 | U13: 8 | V13: =IF(A13="OAK","LV",A13) -> CIN | W13: 0 | X13: 2025
... A65: MIA | B65: 2025 | C65: 1454.49 | D65: -4.4272 | E65: -1.46983 | F65: -1.23306 | G65: -1.23306 | H65: -0.1894 | I65: -0.5045 | J65: 0.33932 | K65: 0.3053 | L65: 0.4482 | M65: 0.138052 | N65: -0.4946 | O65: 8 | P65: 33 | Q65: -25 | R65: 0 | S65: 0.0336 | T65: 1.13016 | U65: 0 | V65: =IF(A65="OAK","LV",A65) -> MIA | W65: 1 | X65: 2025
A66: BAL | B66: 2025 | C66: 1686.87 | D66: 12.4181 | E66: 7.86033 | F66: 0.44977 | G66: 1.38142 | H66: 0.31 | I66: 0.3779 | J66: 0.147785 | K66: 0.0047 | L66: -0.0936 | M66: 0.120225 | N66: 0.3053 | O66: 40.5 | P66: 29 | Q66: 11.5 | R66: 1 | S66: 1.3763 | T66: 1.88097 | U66: 1 | V66: =IF(A66<>"",IF(A66="OAK","LV",A66),"") -> BAL | W66: =W34+1 -> 2 | X66: 2025
A67: IND | B67: 2025 | C67: 1490.73 | D67: 16.342 | E67: 0.014917 | F67: 0.571499 | G67: 3.08736 | H67: 0.2546 | I67: 0.3802 | J67: 0.0642644 | K67: 0.0353 | L67: -0.1258 | M67: 0.169023 | N67: 0.2193 | O67: 31 | P67: 18 | Q67: 13 | R67: 2 | S67: 1.5677 | T67: 1.60998 | U67: 1 | V67: =IF(A67<>"",IF(A67="OAK","LV",A67),"") -> IND | W67: =W35+1 -> 2 | X67: 2025
A68: GB | B68: 2025 | C68: 1605.54 | D68: 1.9294 | E68: 4.60737 | F68: 0.534072 | G68: 2.43722 | H68: 0.1367 | I68: 0.3156 | J68: -0.0214233 | K68: -0.0805 | L68: -0.0961 | M68: -0.194533 | N68: 0.2171 | O68: 27 | P68: 15.5 | Q68: 11.5 | R68: 2 | S68: 1.5768 | T68: 1.88908 | U68: 1 | V68: =IF(A68<>"",IF(A68="OAK","LV",A68),"") -> GB | W68: =W36+1 -> 2 | X68: 2025
A69: ATL | B69: 2025 | C69: 1485.72 | D69: -9.1881 | E69: -0.185391 | F69: 0.296235 | G69: 0.893931 | H69: 0.0147 | I69: 0.002 | J69: 0.00533364 | K69: -0.1799 | L69: -0.2302 | M69: -0.0532805 | N69: 0.1946 | O69: 21 | P69: 14.5 | Q69: 6.5 | R69: 1 | S69: 1.4127 | T69: 1.29522 | U69: 1 | V69: =IF(A69<>"",IF(A69="OAK","LV",A69),"") -> ATL | W69: =W37+1 -> 2 | X69: 2025
A70: LAR | B70: 2025 | C70: 1564.46 | D70: 3.0912 | E70: 2.96383 | F70: 1.08712 | G70: 1.85837 | H70: 0.0871 | I70: 0.1898 | J70: 0.00316698 | K70: -0.094 | L70: -0.2555 | M70: -0.00248344 | N70: 0.1811 | O70: 23.5 | P70: 14 | Q70: 9.5 | R70: 2 | S70: 1.5468 | T70: 1.58849 | U70: 1 | V70: =IF(A70<>"",IF(A70="OAK","LV",A70),"") -> LAR | W70: =W38+1 -> 2 | X70: 2025
A71: OAK | B71: 2025 | C71: 1434.77 | D71: -0.929 | E71: -2.22367 | F71: -0.94144 | G71: 0.213784 | H71: 0.1054 | I71: 0.4396 | J71: -0.306992 | K71: -0.0662 | L71: -0.0071 | M71: -0.231529 | N71: 0.1716 | O71: 29 | P71: 33 | Q71: -4 | R71: 1 | S71: 0.8481 | T71: 1.02247 | U71: 1 | V71: =IF(A71<>"",IF(A71="OAK","LV",A71),"") -> LV | W71: =W39+1 -> 2 | X71: 2025
A72: DET | B72: 2025 | C72: 1619.92 | D72: 11.6646 | E72: 5.18249 | F72: 1.19722 | G72: 0.509092 | H72: 0.154 | I72: 0.3803 | J72: -0.109868 | K72: 0.005 | L72: 0.1817 | M72: -0.249484 | N72: 0.149 | O72: 32.5 | P72: 24 | Q72: 8.5 | R72: 1 | S72: 1.3446 | T72: 1.68279 | U72: 0 | V72: =IF(A72<>"",IF(A72="OAK","LV",A72),"") -> DET | W72: =W40+1 -> 2 | X72: 2025
A73: SF | B73: 2025 | C73: 1493.49 | D73: -52.618 | E73: 0.125342 | F73: 0.600723 | G73: -0.639502 | H73: 0.0244 | I73: 0.2165 | J73: -0.143833 | K73: -0.1064 | L73: -0.3089 | M73: -0.0123585 | N73: 0.1308 | O73: 21.5 | P73: 17 | Q73: 4.5 | R73: 2 | S73: 1.2713 | T73: 1.58584 | U73: 0 | V73: =IF(A73<>"",IF(A73="OAK","LV",A73),"") -> SF | W73: =W41+1 -> 2 | X73: 2025
A74: JAX | B74: 2025 | C74: 1471.77 | D74: -0.4173 | E74: -0.743623 | F74: 0.327266 | G74: 1.20412 | H74: 0.1043 | I74: 0.0853 | J74: 0.136989 | K74: -0.0112 | L74: -0.2154 | M74: 0.0329128 | N74: 0.1154 | O74: 26.5 | P74: 20.5 | Q74: 6 | R74: 1 | S74: 1.2952 | T74: 1.34824 | U74: 1 | V74: =IF(A74<>"",IF(A74="OAK","LV",A74),"") -> JAX | W74: =W42+1 -> 2 | X74: 2025
A75: BUF | B75: 2025 | C75: 1635.64 | D75: 12.6341 | E75: 5.81111 | F75: 0.242115 | G75: 1.4075 | H75: 0.2471 | I75: 0.1909 | J75: 0.158284 | K75: 0.137 | L75: 0.1139 | M75: 0.0146766 | N75: 0.1101 | O75: 35.5 | P75: 25 | Q75: 10.5 | R75: 2 | S75: 1.3932 | T75: 2.06971 | U75: 0 | V75: =IF(A75<>"",IF(A75="OAK","LV",A75),"") -> BUF | W75: =W43+1 -> 2 | X75: 2025
A76: ARI | B76: 2025 | C76: 1503.15 | D76: 0.5137 | E76: 0.511636 | F76: -0.759873 | G76: 0.321182 | H76: 0.0381 | I76: 0.1418 | J76: 0.0203618 | K76: -0.0624 | L76: -0.007 | M76: -0.0896799 | N76: 0.1005 | O76: 23.5 | P76: 17.5 | Q76: 6 | R76: 2 | S76: 1.3358 | T76: 1.68302 | U76: 1 | V76: =IF(A76<>"",IF(A76="OAK","LV",A76),"") -> ARI | W76: =W44+1 -> 2 | X76: 2025
A77: LAC | B77: 2025 | C77: 1559.46 | D77: 11.368 | E77: 2.76385 | F77: 0.645371 | G77: 1.99715 | H77: 0.2758 | I77: 0.5167 | J77: -0.00925587 | K77: 0.1757 | L77: 0.0862 | M77: 0.523908 | N77: 0.1 | O77: 47 | P77: 30 | Q77: 17 | R77: 2 | S77: 1.4869 | T77: 1.563 | U77: 1 | V77: =IF(A77<>"",IF(A77="OAK","LV",A77),"") -> LAC | W77: =W45+1 -> 2 | X77: 2025
... A481: TEN | B481: 2025 | C481: 1311.66 | D481: -11.7022 | E481: -7.77547 | F481: 0.514663 | G481: -3.03185 | H481: -0.1775 | I481: -0.2673 | J481: -0.0977037 | K481: 0.0633 | L481: 0.1533 | M481: -0.0247067 | N481: -0.2408 | O481: 15.4615 | P481: 27.4615 | Q481: -12 | R481: 2 | S481: 2.6522 | T481: 3.43429 | U481: 1 | V481: =IF(A481<>"",IF(A481="OAK","LV",A481),"") -> TEN | W481: =W449+1 -> 14 | X481: 2025
A482: LAR | B482: 2025 | C482: 1701.78 | D482: 24.1721 | E482: 7.68803 | F482: 0.325205 | G482: 6.62389 | H482: 0.134 | I482: 0.2165 | J482: 0.0104725 | K482: -0.075 | L482: -0.0926 | M482: -0.0789134 | N482: 0.209 | O482: 30 | P482: 18.6429 | Q482: 11.3571 | R482: 11 | S482: 10.5753 | T482: 9.56405 | U482: 14 | V482: =IF(A482<>"",IF(A482="OAK","LV",A482),"") -> LAR | W482: 15 | X482: 2025
A483: SEA | B483: 2025 | C483: 1674.24 | D483: -1.3273 | E483: 6.58639 | F483: -0.366416 | G483: 6.65315 | H483: 0.0754 | I483: 0.1691 | J483: -0.107926 | K483: -0.1539 | L483: -0.1116 | M483: -0.145323 | N483: 0.2293 | O483: 28.9286 | P483: 17.2857 | Q483: 11.6429 | R483: 11 | S483: 10.8099 | T483: 9.41435 | U483: 13 | V483: =IF(A483<>"",IF(A483="OAK","LV",A483),"") -> SEA | W483: 15 | X483: 2025
A484: DET | B484: 2025 | C484: 1630.48 | D484: 8.2563 | E484: 4.83599 | F484: -0.0931888 | G484: 0.311504 | H484: 0.1269 | I484: 0.1988 | J484: 0.00369666 | K484: 0.0237 | L484: 0.0191 | M484: -0.0685829 | N484: 0.1032 | O484: 30.5714 | P484: 24.6429 | Q484: 5.9286 | R484: 8 | S484: 8.7503 | T484: 9.39623 | U484: 8 | V484: =IF(A484<>"",IF(A484="OAK","LV",A484),"") -> DET | W484: 15 | X484: 2025
A485: BUF | B485: 2025 | C485: 1627.35 | D485: 4.7403 | E485: 4.71086 | F485: 0.702598 | G485: 0.431333 | H485: 0.1703 | I485: 0.1966 | J485: 0.072966 | K485: 0.064 | L485: -0.0801 | M485: 0.108305 | N485: 0.1063 | O485: 29.3571 | P485: 23.1429 | Q485: 6.2143 | R485: 10 | S485: 8.9223 | T485: 10.2461 | U485: 8 | V485: =IF(A485<>"",IF(A485="OAK","LV",A485),"") -> BUF | W485: 15 | X485: 2025
A486: GB | B486: 2025 | C486: 1618.46 | D486: 6.1985 | E486: 4.35528 | F486: -0.534282 | G486: 2.33293 | H486: 0.1464 | I486: 0.2621 | J486: -0.00552629 | K486: 0.0433 | L486: 0.0649 | M486: -0.073186 | N486: 0.1031 | O486: 24.8571 | P486: 20.0714 | Q486: 4.7857 | R486: 9 | S486: 8.7368 | T486: 9.39935 | U486: 10 | V486: =IF(A486<>"",IF(A486="OAK","LV",A486),"") -> GB | W486: 15 | X486: 2025
A487: PHI | B487: 2025 | C487: 1618.29 | D487: -1.2003 | E487: 4.34842 | F487: 0.656679 | G487: -0.275156 | H487: 0.0173 | I487: 0.0661 | J487: -0.0444533 | K487: -0.0488 | L487: -0.126 | M487: -0.0334959 | N487: 0.0661 | O487: 22.8571 | P487: 19.3571 | Q487: 3.5 | R487: 9 | S487: 8.3611 | T487: 10.5485 | U487: 10 | V487: =IF(A487<>"",IF(A487="OAK","LV",A487),"") -> PHI | W487: 15 | X487: 2025
A488: HOU | B488: 2025 | C488: 1582.56 | D488: 4.467 | E488: 2.91896 | F488: 0.79227 | G488: 3.09638 | H488: -0.0055 | I488: 0.0522 | J488: -0.0603681 | K488: -0.1565 | L488: -0.2224 | M488: -0.0342647 | N488: 0.151 | O488: 23.0714 | P488: 16.2857 | Q488: 6.7857 | R488: 9 | S488: 9.7356 | T488: 8.45396 | U488: 9 | V488: =IF(A488<>"",IF(A488="OAK","LV",A488),"") -> HOU | W488: 15 | X488: 2025
A489: DEN | B489: 2025 | C489: 1572.55 | D489: 13.8492 | E489: 2.51878 | F489: 0.69166 | G489: 1.01608 | H489: 0.0501 | I489: 0.1108 | J489: -0.0161833 | K489: -0.0439 | L489: -0.0936 | M489: -0.0520167 | N489: 0.094 | O489: 24.4286 | P489: 18.6429 | Q489: 5.7857 | R489: 12 | S489: 9.1684 | T489: 9.83597 | U489: 11 | V489: =IF(A489<>"",IF(A489="OAK","LV",A489),"") -> DEN | W489: 15 | X489: 2025
A490: SF | B490: 2025 | C490: 1571.44 | D490: 6.4869 | E490: 2.4742 | F490: 0.185767 | G490: 1.65327 | H490: 0.0992 | I490: 0.1561 | J490: -0.0629186 | K490: 0.0255 | L490: 0.093 | M490: -0.0144299 | N490: 0.0737 | O490: 24.5714 | P490: 20.9286 | Q490: 3.6429 | R490: 10 | S490: 8.3153 | T490: 8.26108 | U490: 8 | V490: =IF(A490<>"",IF(A490="OAK","LV",A490),"") -> SF | W490: 15 | X490: 2025
A491: BAL | B491: 2025 | C491: 1563.64 | D491: -24.173 | E491: 2.16237 | F491: 0.453276 | G491: -4.17003 | H491: 0.0264 | I491: -0.0981 | J491: 0.0588538 | K491: 0.015 | L491: 0.0324 | M491: -0.0593488 | N491: 0.0113 | O491: 23.9286 | P491: 22.8571 | Q491: 1.0714 | R491: 7 | S491: 7.3796 | T491: 9.06446 | U491: 8 | V491: =IF(A491<>"",IF(A491="OAK","LV",A491),"") -> BAL | W491: 15 | X491: 2025
A492: IND | B492: 2025 | C492: 1556.52 | D492: 16.2731 | E492: 1.87757 | F492: 0.0101905 | G492: 4.93417 | H492: 0.1472 | I492: 0.1041 | J492: 0.101569 | K492: 0.0113 | L492: 0.0131 | M492: -0.0827625 | N492: 0.1359 | O492: 28 | P492: 21.6429 | Q492: 6.3571 | R492: 8 | S492: 9.0723 | T492: 7.73893 | U492: 9 | V492: =IF(A492<>"",IF(A492="OAK","LV",A492),"") -> IND | W492: 15 | X492: 2025
A493: NE | B493: 2025 | C493: 1555.15 | D493: 16.6377 | E493: 1.82265 | F493: -0.722778 | G493: 4.88457 | H493: 0.1074 | I493: 0.2629 | J493: -0.0463946 | K493: -0.0309 | L493: -0.0292 | M493: -0.0311908 | N493: 0.1384 | O493: 27.2857 | P493: 19.7143 | Q493: 7.5714 | R493: 11 | S493: 9.5702 | T493: 8.21569 | U493: 8 | V493: =IF(A493<>"",IF(A493="OAK","LV",A493),"") -> NE | W493: 15 | X493: 2025
... A577: NYJ | B577: 2025 | C577: 1222.2 | D577: -76.9274 | E577: -10.8334 | F577: -0.479556 | G577: -7.85125 | H577: -0.0626 | I577: -0.1986 | J577: -0.0578676 | K577: 0.149 | L577: 0.2362 | M577: 0.0090552 | N577: -0.2116 | O577: 18.25 | P577: 29.25 | Q577: -11 | R577: 3 | S577: 3.9422 | T577: 5.95531 | U577: 3 | V577: =IF(A577<>"",IF(A577="OAK","LV",A577),"") -> NYJ | W577: 17 | X577: 2025
A578: LAR | B578: 2025 | C578: 1682.99 | D578: 22.9052 | E578: 7.59804 | F578: -1.18884 | G578: 6.5339 | H578: 0.1193 | I578: 0.2247 | J578: -0.00997425 | K578: -0.0643 | L578: -0.0875 | M578: -0.0430814 | N578: 0.1836 | O578: 30.0625 | P578: 20.375 | Q578: 9.6875 | R578: 11 | S578: 11.4467 | T578: 11.1145 | U578: 15 | V578: LAR | W578: 18 | X578: 2025
A579: SEA | B579: 2025 | C579: 1675.22 | D579: -11.2292 | E579: 7.28737 | F579: 0.0353956 | G579: 7.35414 | H579: 0.0671 | I579: 0.1133 | J579: -0.0730886 | K579: -0.1486 | L579: -0.0888 | M579: -0.152505 | N579: 0.2158 | O579: 29.375 | P579: 18.0625 | Q579: 11.3125 | R579: 13 | S579: 12.1596 | T579: 10.7989 | U579: 14 | V579: SEA | W579: 18 | X579: 2025
A580: SF | B580: 2025 | C580: 1648.63 | D580: 25.7293 | E580: 6.22362 | F580: 0.155181 | G580: 5.40269 | H580: 0.1315 | I580: 0.1974 | J580: -0.0361705 | K580: 0.0397 | L580: 0.1112 | M580: -0.00519773 | N580: 0.0918 | O580: 27.125 | P580: 22.375 | Q580: 4.75 | R580: 12 | S580: 9.794 | T580: 9.30441 | U580: 10 | V580: SF | W580: 18 | X580: 2025
A581: PHI | B581: 2025 | C581: 1624.49 | D581: -7.3047 | E581: 5.25799 | F581: -0.103364 | G581: 0.634419 | H581: 0.0226 | I581: 0.0633 | J581: -0.0229169 | K581: -0.0533 | L581: -0.1451 | M581: -0.0242107 | N581: 0.0759 | O581: 22.625 | P581: 18.8125 | Q581: 3.8125 | R581: 11 | S581: 9.722 | T581: 11.8182 | U581: 12 | V581: PHI | W581: 18 | X581: 2025
A582: BUF | B582: 2025 | C582: 1606.38 | D582: -3.0739 | E582: 4.53373 | F582: -0.309438 | G582: 0.254194 | H582: 0.1423 | I582: 0.1359 | J582: 0.0842754 | K582: 0.0447 | L582: -0.1145 | M582: 0.110274 | N582: 0.0976 | O582: 27.875 | P582: 22.3125 | Q582: 5.5625 | R582: 11 | S582: 10.0625 | T582: 11.7737 | U582: 9 | V582: BUF | W582: 18 | X582: 2025
A583: DET | B583: 2025 | C583: 1600.22 | D583: -0.9129 | E583: 4.28729 | F583: -1.01188 | G583: -0.237187 | H583: 0.0863 | I583: 0.1736 | J583: -0.0584506 | K583: 0.0193 | L583: -0.0048 | M583: -0.0314732 | N583: 0.067 | O583: 28.875 | P583: 24.8125 | Q583: 4.0625 | R583: 8 | S583: 9.4222 | T583: 10.4144 | U583: 9 | V583: DET | W583: 18 | X583: 2025
A584: NE | B584: 2025 | C584: 1590.54 | D584: 31.7862 | E584: 3.90018 | F584: 0.883057 | G584: 6.96209 | H584: 0.1343 | I584: 0.3093 | J584: -0.0459674 | K584: -0.0315 | L584: -0.0426 | M584: -0.022712 | N584: 0.1658 | O584: 28.25 | P584: 19.375 | Q584: 8.875 | R584: 13 | S584: 11.3546 | T584: 9.80839 | U584: 10 | V584: NE | W584: 18 | X584: 2025
A585: HOU | B585: 2025 | C585: 1583.54 | D585: 4.7545 | E585: 3.62005 | F585: 0.395537 | G585: 3.79747 | H585: -0.012 | I585: 0.0429 | J585: -0.102426 | K585: -0.1567 | L585: -0.2126 | M585: -0.0504986 | N585: 0.1446 | O585: 22.875 | P585: 16.5625 | Q585: 6.3125 | R585: 11 | S585: 10.92 | T585: 9.74244 | U585: 11 | V585: HOU | W585: 18 | X585: 2025
A586: CHI | B586: 2025 | C586: 1580.86 | D586: 24.5485 | E586: 3.51291 | F586: 0.533828 | G586: 4.87201 | H586: 0.0706 | I586: 0.0906 | J586: 0.066728 | K586: 0.0301 | L586: 0.0159 | M586: -0.000283656 | N586: 0.0405 | O586: 26.5625 | P586: 24.75 | Q586: 1.8125 | R586: 11 | S586: 8.6684 | T586: 7.45488 | U586: 10 | V586: CHI | W586: 18 | X586: 2025
A587: JAX | B587: 2025 | C587: 1578.26 | D587: 21.5948 | E587: 3.40869 | F587: 0.564888 | G587: 5.33979 | H587: 0.0568 | I587: 0.0418 | J587: -0.0120576 | K587: -0.0637 | L587: -0.1234 | M587: -0.0590098 | N587: 0.1204 | O587: 27.0625 | P587: 20.5625 | Q587: 6.5 | R587: 12 | S587: 10.5157 | T587: 8.4755 | U587: 11 | V587: JAX | W587: 18 | X587: 2025
A588: DEN | B588: 2025 | C588: 1568.02 | D588: 13.0654 | E588: 2.99925 | F588: 0.254199 | G588: 1.49654 | H588: 0.0491 | I588: 0.1004 | J588: -0.0110581 | K588: -0.024 | L588: -0.0825 | M588: -0.0536783 | N588: 0.0731 | O588: 23.875 | P588: 19.25 | Q588: 4.625 | R588: 13 | S588: 9.9981 | T588: 11.3338 | U588: 13 | V588: DEN | W588: 18 | X588: 2025
A589: LAC | B589: 2025 | C589: 1539.36 | D589: -9.8254 | E589: 1.85295 | F589: -0.507783 | G589: 1.20274 | H589: 0.0095 | I589: -0.0066 | J589: -0.0216477 | K589: -0.0434 | L589: -0.0907 | M589: -0.0748331 | N589: 0.0529 | O589: 22.8125 | P589: 20.0625 | Q589: 2.75 | R589: 11 | S589: 9.2084 | T589: 9.64258 | U589: 8 | V589: LAC | W589: 18 | X589: 2025
... A609: NYJ | B609: 2025 | C609: 1222.2 | D609: -76.9274 | E609: -10.8334 | F609: -0.479556 | G609: -7.85125 | H609: -0.0626 | I609: -0.1986 | J609: -0.0578676 | K609: 0.149 | L609: 0.2362 | M609: 0.0090552 | N609: -0.2116 | O609: 18.25 | P609: 29.25 | Q609: -11 | R609: 3 | S609: 3.9422 | T609: 5.95531 | U609: 3 | V609: NYJ | W609: 18 | X609: 2025

Sheet Playoffs
A1: NFC East | O1: Week
A2: Team | B2: W-L | C2: DAVE | D2: Mean Wins | E2: TOT | F2: #1 | G2: #2 | H2: #3 | I2: #4 | J2: #5 | K2: #6 | L2: #7 | M2: DIV | N2: WC | O2: 1
A3: WAS | B3: 36526 | C3: 0.181 | D3: 11 | E3: 0.785 | F3: 0.185 | G3: 0.144 | H3: 0.106 | I3: 0.061 | J3: 0.127 | K3: 0.092 | L3: 0.07 | M3: 0.496 | N3: 0.289 | O3: 1
A4: PHI | B4: 36526 | C4: 0.169 | D4: 10.6 | E4: 0.741 | F4: 0.148 | G4: 0.122 | H4: 0.095 | I4: 0.056 | J4: 0.14 | K4: 0.099 | L4: 0.081 | M4: 0.421 | N4: 0.32 | O4: 1
A5: DAL | B5: 0-1 | C5: 0.003 | D5: 7.8 | E5: 0.275 | F5: 0.016 | G5: 0.021 | H5: 0.021 | I5: 0.018 | J5: 0.054 | K5: 0.067 | L5: 0.078 | M5: 0.076 | N5: 0.2 | O5: 1
A6: NYG | B6: 0-1 | C6: -0.172 | D6: 4.9 | E6: 0.039 | F6: 0.001 | G6: 0.001 | H6: 0.002 | I6: 0.003 | J6: 0.006 | K6: 0.009 | L6: 0.016 | M6: 0.007 | N6: 0.032 | O6: 1
A7: NFC North | O7: 1
A8: Team | B8: W-L | C8: DAVE | D8: Mean Wins | E8: TOT | F8: #1 | G8: #2 | H8: #3 | I8: #4 | J8: #5 | K8: #6 | L8: #7 | M8: DIV | N8: WC | O8: 1
A9: GB | B9: 36526 | C9: 0.123 | D9: 10.3 | E9: 0.697 | F9: 0.123 | G9: 0.126 | H9: 0.147 | I9: 0.096 | J9: 0.064 | K9: 0.07 | L9: 0.071 | M9: 0.492 | N9: 0.205 | O9: 1
A10: DET | B10: 0-1 | C10: 0.091 | D10: 8.6 | E10: 0.406 | F10: 0.028 | G10: 0.045 | H10: 0.068 | I10: 0.047 | J10: 0.063 | K10: 0.074 | L10: 0.082 | M10: 0.187 | N10: 0.219 | O10: 1
A11: MIN | B11: 0-0 | C11: 0.026 | D11: 8.1 | E11: 0.352 | F11: 0.032 | G11: 0.04 | H11: 0.058 | I11: 0.045 | J11: 0.048 | K11: 0.059 | L11: 0.071 | M11: 0.174 | N11: 0.177 | O11: 1
A12: CHI | B12: 0-0 | C12: 0.01 | D12: 7.9 | E12: 0.309 | F12: 0.021 | G12: 0.031 | H12: 0.052 | I12: 0.043 | J12: 0.04 | K12: 0.054 | L12: 0.069 | M12: 0.147 | N12: 0.162 | O12: 1
A13: NFC South | O13: 1
A14: Team | B14: W-L | C14: DAVE | D14: Mean Wins | E14: TOT | F14: #1 | G14: #2 | H14: #3 | I14: #4 | J14: #5 | K14: #6 | L14: #7 | M14: DIV | N14: WC | O14: 1
A15: TB | B15: 36526 | C15: 0.033 | D15: 9.9 | E15: 0.716 | F15: 0.081 | G15: 0.112 | H15: 0.156 | I15: 0.29 | J15: 0.018 | K15: 0.027 | L15: 0.033 | M15: 0.639 | N15: 0.077 | O15: 1
A16: ATL | B16: 0-1 | C16: -0.051 | D16: 7.7 | E16: 0.307 | F16: 0.014 | G16: 0.024 | H16: 0.047 | I16: 0.104 | J16: 0.026 | K16: 0.04 | L16: 0.051 | M16: 0.19 | N16: 0.117 | O16: 1
A17: NO | B17: 0-1 | C17: -0.132 | D17: 7 | E17: 0.206 | F17: 0.004 | G17: 0.014 | H17: 0.031 | I17: 0.095 | J17: 0.01 | K17: 0.021 | L17: 0.031 | M17: 0.144 | N17: 0.063 | O17: 1
A18: CAR | B18: 0-1 | C18: -0.261 | D18: 4.7 | E18: 0.043 | F18: 0 | G18: 0.002 | H18: 0.005 | I18: 0.022 | J18: 0.002 | K18: 0.005 | L18: 0.008 | M18: 0.028 | N18: 0.015 | O18: 1
A19: NFC West | O19: 1
A20: Team | B20: W-L | C20: DAVE | D20: Mean Wins | E20: TOT | F20: #1 | G20: #2 | H20: #3 | I20: #4 | J20: #5 | K20: #6 | L20: #7 | M20: DIV | N20: WC | O20: 1
A21: SF | B21: 36526 | C21: 0.119 | D21: 11.3 | E21: 0.81 | F21: 0.2 | G21: 0.161 | H21: 0.094 | I21: 0.051 | J21: 0.129 | K21: 0.101 | L21: 0.073 | M21: 0.506 | N21: 0.304 | O21: 1
A22: LAR | B22: 36526 | C22: 0.057 | D22: 9.7 | E22: 0.576 | F22: 0.078 | G22: 0.077 | H22: 0.058 | I22: 0.032 | J22: 0.121 | K22: 0.111 | L22: 0.098 | M22: 0.245 | N22: 0.33 | O22: 1
A23: ARI | B23: 36526 | C23: 0.011 | D23: 9.4 | E23: 0.526 | F23: 0.061 | G23: 0.066 | H23: 0.047 | I23: 0.027 | J23: 0.108 | K23: 0.115 | L23: 0.101 | M23: 0.202 | N23: 0.324 | O23: 1
A24: SEA | B24: 0-1 | C24: -0.058 | D24: 7.4 | E24: 0.214 | F24: 0.009 | G24: 0.015 | H24: 0.013 | I24: 0.01 | J24: 0.043 | K24: 0.056 | L24: 0.067 | M24: 0.047 | N24: 0.167 | O24: 1
A25: AFC East | O25: 1
A26: Team | B26: W-L | C26: DAVE | D26: Mean Wins | E26: TOT | F26: #1 | G26: #2 | H26: #3 | I26: #4 | J26: #5 | K26: #6 | L26: #7 | M26: DIV | N26: WC | O26: 1
A27: BUF | B27: 36526 | C27: 0.195 | D27: 12.4 | E27: 0.936 | F27: 0.386 | G27: 0.213 | H27: 0.166 | I27: 0.094 | J27: 0.031 | K27: 0.023 | L27: 0.023 | M27: 0.859 | N27: 0.077 | O27: 1
A28: NE | B28: 0-1 | C28: -0.091 | D28: 7.5 | E28: 0.229 | F28: 0.006 | G28: 0.013 | H28: 0.021 | I28: 0.024 | J28: 0.044 | K28: 0.055 | L28: 0.066 | M28: 0.064 | N28: 0.165 | O28: 1
A29: NYJ | B29: 0-1 | C29: -0.095 | D29: 7 | E29: 0.174 | F29: 0.005 | G29: 0.01 | H29: 0.015 | I29: 0.018 | J29: 0.03 | K29: 0.043 | L29: 0.053 | M29: 0.047 | N29: 0.127 | O29: 1
A30: MIA | B30: 0-1 | C30: -0.138 | D30: 6.3 | E30: 0.122 | F30: 0.003 | G30: 0.005 | H30: 0.01 | I30: 0.013 | J30: 0.021 | K30: 0.032 | L30: 0.039 | M30: 0.03 | N30: 0.092 | O30: 1
A31: AFC North | O31: 1
A32: Team | B32: W-L | C32: DAVE | D32: Mean Wins | E32: TOT | F32: #1 | G32: #2 | H32: #3 | I32: #4 | J32: #5 | K32: #6 | L32: #7 | M32: DIV | N32: WC | O32: 1
A33: BAL | B33: 0-1 | C33: 0.303 | D33: 12.1 | E33: 0.931 | F33: 0.253 | G33: 0.255 | H33: 0.175 | I33: 0.066 | J33: 0.091 | K33: 0.055 | L33: 0.036 | M33: 0.749 | N33: 0.182 | O33: 1
A34: CIN | B34: 36526 | C34: 0.026 | D34: 9.1 | E34: 0.509 | F34: 0.037 | G34: 0.044 | H34: 0.038 | I34: 0.022 | J34: 0.142 | K34: 0.117 | L34: 0.108 | M34: 0.142 | N34: 0.367 | O34: 1
A35: PIT | B35: 36526 | C35: -0.023 | D35: 8.5 | E35: 0.404 | F35: 0.025 | G35: 0.029 | H35: 0.028 | I35: 0.016 | J35: 0.11 | K35: 0.098 | L35: 0.097 | M35: 0.098 | N35: 0.306 | O35: 1
A36: CLE | B36: 0-1 | C36: -0.134 | D36: 5.7 | E36: 0.077 | F36: 0.002 | G36: 0.003 | H36: 0.003 | I36: 0.004 | J36: 0.014 | K36: 0.022 | L36: 0.03 | M36: 0.011 | N36: 0.066 | O36: 1
A37: AFC South | O37: 1
A38: Team | B38: W-L | C38: DAVE | D38: Mean Wins | E38: TOT | F38: #1 | G38: #2 | H38: #3 | I38: #4 | J38: #5 | K38: #6 | L38: #7 | M38: DIV | N38: WC | O38: 1
A39: JAX | B39: 36526 | C39: 0.012 | D39: 9.7 | E39: 0.655 | F39: 0.057 | G39: 0.088 | H39: 0.132 | I39: 0.255 | J39: 0.035 | K39: 0.042 | L39: 0.047 | M39: 0.532 | N39: 0.123 | O39: 1
A40: IND | B40: 36526 | C40: -0.094 | D40: 8 | E40: 0.368 | F40: 0.015 | G40: 0.028 | H40: 0.057 | I40: 0.134 | J40: 0.032 | K40: 0.048 | L40: 0.055 | M40: 0.234 | N40: 0.134 | O40: 1
A41: HOU | B41: 0-1 | C41: -0.043 | D41: 7.5 | E41: 0.32 | F41: 0.011 | G41: 0.025 | H41: 0.047 | I41: 0.123 | J41: 0.025 | K41: 0.04 | L41: 0.05 | M41: 0.206 | N41: 0.114 | O41: 1
A42: TEN | B42: 0-1 | C42: -0.268 | D42: 4.8 | E42: 0.047 | F42: 0 | G42: 0.002 | H42: 0.004 | I42: 0.023 | J42: 0.003 | K42: 0.006 | L42: 0.01 | M42: 0.029 | N42: 0.019 | O42: 1
A43: AFC West | O43: 1
A44: Team | B44: W-L | C44: DAVE | D44: Mean Wins | E44: TOT | F44: #1 | G44: #2 | H44: #3 | I44: #4 | J44: #5 | K44: #6 | L44: #7 | M44: DIV | N44: WC | O44: 1
A45: KC | B45: 0-1 | C45: 0.147 | D45: 9.8 | E45: 0.639 | F45: 0.071 | G45: 0.091 | H45: 0.094 | I45: 0.06 | J45: 0.117 | K45: 0.108 | L45: 0.098 | M45: 0.316 | N45: 0.323 | O45: 1
A46: LAC | B46: 36526 | C46: 0.01 | D46: 9.3 | E46: 0.551 | F46: 0.047 | G46: 0.067 | H46: 0.072 | I46: 0.054 | J46: 0.109 | K46: 0.108 | L46: 0.094 | M46: 0.24 | N46: 0.311 | O46: 1
A47: LV | B47: 36526 | C47: 0.014 | D47: 9.3 | E47: 0.55 | F47: 0.044 | G47: 0.07 | H47: 0.072 | I47: 0.05 | J47: 0.105 | K47: 0.106 | L47: 0.103 | M47: 0.236 | N47: 0.314 | O47: 1
A48: DEN | B48: 36526 | C48: 0.023 | D48: 8.9 | E48: 0.488 | F48: 0.037 | G48: 0.057 | H48: 0.066 | I48: 0.047 | J48: 0.089 | K48: 0.099 | L48: 0.092 | M48: 0.208 | N48: 0.28 | O48: 1
A49: NFC East | O49: 2
A50: Team | B50: W-L | C50: DAVE | D50: Mean Wins | E50: TOT | F50: #1 | G50: #2 | H50: #3 | I50: #4 | J50: #5 | K50: #6 | L50: #7 | M50: DIV | N50: WC | O50: 2
A51: PHI | B51: 36557 | C51: 0.139 | D51: 10.7 | E51: 0.747 | F51: 0.144 | G51: 0.143 | H51: 0.155 | I51: 0.128 | J51: 0.054 | K51: 0.06 | L51: 0.062 | M51: 0.57 | N51: 0.176 | O51: 2
A52: WAS | B52: 45658 | C52: 0.122 | D52: 9.4 | E52: 0.532 | F52: 0.046 | G52: 0.073 | H52: 0.098 | I52: 0.092 | J52: 0.062 | K52: 0.076 | L52: 0.084 | M52: 0.31 | N52: 0.222 | O52: 2
A53: DAL | B53: 45658 | C53: -0.02 | D53: 7.9 | E53: 0.262 | F53: 0.011 | G53: 0.021 | H53: 0.033 | I53: 0.037 | J53: 0.038 | K53: 0.053 | L53: 0.068 | M53: 0.102 | N53: 0.16 | O53: 2
A54: NYG | B54: 0-2 | C54: -0.113 | D54: 5.5 | E54: 0.051 | F54: 0.001 | G54: 0.002 | H54: 0.005 | I54: 0.009 | J54: 0.006 | K54: 0.01 | L54: 0.018 | M54: 0.017 | N54: 0.034 | O54: 2
A55: NFC North | O55: 2
A56: Team | B56: W-L | C56: DAVE | D56: Mean Wins | E56: TOT | F56: #1 | G56: #2 | H56: #3 | I56: #4 | J56: #5 | K56: #6 | L56: #7 | M56: DIV | N56: WC | O56: 2
A57: GB | B57: 36557 | C57: 0.146 | D57: 11.2 | E57: 0.809 | F57: 0.194 | G57: 0.16 | H57: 0.126 | I57: 0.071 | J57: 0.104 | K57: 0.085 | L57: 0.069 | M57: 0.551 | N57: 0.259 | O57: 2
A58: DET | B58: 45658 | C58: 0.189 | D58: 10.4 | E58: 0.701 | F58: 0.098 | G58: 0.11 | H58: 0.097 | I58: 0.06 | J58: 0.135 | K58: 0.108 | L58: 0.092 | M58: 0.365 | N58: 0.336 | O58: 2
A59: MIN | B59: 45658 | C59: -0.025 | D59: 7 | E59: 0.165 | F59: 0.006 | G59: 0.014 | H59: 0.019 | I59: 0.021 | J59: 0.019 | K59: 0.036 | L59: 0.05 | M59: 0.06 | N59: 0.106 | O59: 2
A60: CHI | B60: 0-2 | C60: -0.042 | D60: 6.5 | E60: 0.095 | F60: 0.002 | G60: 0.006 | H60: 0.007 | I60: 0.01 | J60: 0.012 | K60: 0.023 | L60: 0.035 | M60: 0.025 | N60: 0.07 | O60: 2
A61: NFC South | O61: 2
A62: Team | B62: W-L | C62: DAVE | D62: Mean Wins | E62: TOT | F62: #1 | G62: #2 | H62: #3 | I62: #4 | J62: #5 | K62: #6 | L62: #7 | M62: DIV | N62: WC | O62: 2
A63: TB | B63: 36557 | C63: 0.033 | D63: 10.3 | E63: 0.742 | F63: 0.096 | G63: 0.117 | H63: 0.167 | I63: 0.277 | J63: 0.021 | K63: 0.029 | L63: 0.034 | M63: 0.657 | N63: 0.085 | O63: 2
A64: ATL | B64: 45658 | C64: -0.033 | D64: 8.7 | E64: 0.42 | F64: 0.024 | G64: 0.041 | H64: 0.067 | I64: 0.119 | J64: 0.045 | K64: 0.057 | L64: 0.067 | M64: 0.251 | N64: 0.169 | O64: 2
A65: NO | B65: 0-2 | C65: -0.141 | D65: 6.3 | E65: 0.106 | F65: 0.001 | G65: 0.004 | H65: 0.013 | I65: 0.055 | J65: 0.004 | K65: 0.01 | L65: 0.02 | M65: 0.072 | N65: 0.034 | O65: 2
A66: CAR | B66: 0-2 | C66: -0.248 | D66: 4.5 | E66: 0.029 | F66: 0 | G66: 0.001 | H66: 0.003 | I66: 0.016 | J66: 0.001 | K66: 0.003 | L66: 0.005 | M66: 0.02 | N66: 0.009 | O66: 2
A67: NFC West | O67: 2
A68: Team | B68: W-L | C68: DAVE | D68: Mean Wins | E68: TOT | F68: #1 | G68: #2 | H68: #3 | I68: #4 | J68: #5 | K68: #6 | L68: #7 | M68: DIV | N68: WC | O68: 2
A69: SF | B69: 36557 | C69: 0.128 | D69: 11 | E69: 0.756 | F69: 0.15 | G69: 0.115 | H69: 0.071 | I69: 0.036 | J69: 0.158 | K69: 0.128 | L69: 0.098 | M69: 0.371 | N69: 0.384 | O69: 2
A70: LAR | B70: 36557 | C70: 0.101 | D70: 10.4 | E70: 0.656 | F70: 0.113 | G70: 0.093 | H70: 0.065 | I70: 0.032 | J70: 0.135 | K70: 0.116 | L70: 0.102 | M70: 0.303 | N70: 0.352 | O70: 2
A71: ARI | B71: 36557 | C71: 0.045 | D71: 10.1 | E71: 0.619 | F71: 0.095 | G71: 0.077 | H71: 0.052 | I71: 0.026 | J71: 0.14 | K71: 0.124 | L71: 0.105 | M71: 0.25 | N71: 0.369 | O71: 2
A72: SEA | B72: 45658 | C72: -0.016 | D72: 8.4 | E72: 0.311 | F72: 0.019 | G72: 0.024 | H72: 0.021 | I72: 0.011 | J72: 0.065 | K72: 0.082 | L72: 0.089 | M72: 0.075 | N72: 0.236 | O72: 2
A73: AFC East | O73: 2
A74: Team | B74: W-L | C74: DAVE | D74: Mean Wins | E74: TOT | F74: #1 | G74: #2 | H74: #3 | I74: #4 | J74: #5 | K74: #6 | L74: #7 | M74: DIV | N74: WC | O74: 2
A75: BUF | B75: 36557 | C75: 0.203 | D75: 12.9 | E75: 0.966 | F75: 0.502 | G75: 0.21 | H75: 0.122 | I75: 0.055 | J75: 0.036 | K75: 0.025 | L75: 0.015 | M75: 0.89 | N75: 0.076 | O75: 2
A76: NE | B76: 45658 | C76: -0.085 | D76: 8.1 | E76: 0.35 | F76: 0.013 | G76: 0.019 | H76: 0.022 | I76: 0.019 | J76: 0.091 | K76: 0.092 | L76: 0.096 | M76: 0.072 | N76: 0.278 | O76: 2
A77: MIA | B77: 0-2 | C77: -0.077 | D77: 6.8 | E77: 0.168 | F77: 0.005 | G77: 0.007 | H77: 0.009 | I77: 0.009 | J77: 0.038 | K77: 0.049 | L77: 0.052 | M77: 0.029 | N77: 0.14 | O77: 2
A78: NYJ | B78: 0-2 | C78: -0.157 | D78: 5.9 | E78: 0.081 | F78: 0.001 | G78: 0.002 | H78: 0.003 | I78: 0.003 | J78: 0.018 | K78: 0.025 | L78: 0.031 | M78: 0.009 | N78: 0.073 | O78: 2
A79: AFC North | O79: 2
A80: Team | B80: W-L | C80: DAVE | D80: Mean Wins | E80: TOT | F80: #1 | G80: #2 | H80: #3 | I80: #4 | J80: #5 | K80: #6 | L80: #7 | M80: DIV | N80: WC | O80: 2
A81: BAL | B81: 45658 | C81: 0.256 | D81: 11.9 | E81: 0.93 | F81: 0.207 | G81: 0.289 | H81: 0.202 | I81: 0.085 | J81: 0.067 | K81: 0.046 | L81: 0.034 | M81: 0.783 | N81: 0.147 | O81: 2
A82: CIN | B82: 36557 | C82: -0.049 | D82: 8.7 | E82: 0.474 | F82: 0.025 | G82: 0.04 | H82: 0.043 | I82: 0.024 | J82: 0.128 | K82: 0.111 | L82: 0.103 | M82: 0.132 | N82: 0.342 | O82: 2
A83: PIT | B83: 45658 | C83: -0.057 | D83: 7.7 | E83: 0.322 | F83: 0.012 | G83: 0.02 | H83: 0.024 | I83: 0.018 | J83: 0.08 | K83: 0.08 | L83: 0.087 | M83: 0.075 | N83: 0.247 | O83: 2
A84: CLE | B84: 0-2 | C84: -0.149 | D84: 5.7 | E84: 0.077 | F84: 0 | G84: 0.003 | H84: 0.004 | I84: 0.004 | J84: 0.014 | K84: 0.023 | L84: 0.03 | M84: 0.01 | N84: 0.066 | O84: 2
A85: AFC South | O85: 2
A86: Team | B86: W-L | C86: DAVE | D86: Mean Wins | E86: TOT | F86: #1 | G86: #2 | H86: #3 | I86: #4 | J86: #5 | K86: #6 | L86: #7 | M86: DIV | N86: WC | O86: 2
A87: JAX | B87: 45658 | C87: 0.021 | D87: 9.4 | E87: 0.63 | F87: 0.036 | G87: 0.076 | H87: 0.131 | I87: 0.262 | J87: 0.031 | K87: 0.043 | L87: 0.05 | M87: 0.505 | N87: 0.125 | O87: 2
A88: IND | B88: 36557 | C88: -0.092 | D88: 8.3 | E88: 0.447 | F88: 0.018 | G88: 0.038 | H88: 0.071 | I88: 0.151 | J88: 0.043 | K88: 0.058 | L88: 0.068 | M88: 0.278 | N88: 0.169 | O88: 2
A89: HOU | B89: 0-2 | C89: -0.021 | D89: 7.2 | E89: 0.3 | F89: 0.008 | G89: 0.019 | H89: 0.04 | I89: 0.116 | J89: 0.024 | K89: 0.041 | L89: 0.053 | M89: 0.183 | N89: 0.117 | O89: 2
A90: TEN | B90: 0-2 | C90: -0.221 | D90: 5 | E90: 0.063 | F90: 0 | G90: 0.001 | H90: 0.005 | I90: 0.028 | J90: 0.004 | K90: 0.01 | L90: 0.014 | M90: 0.034 | N90: 0.028 | O90: 2
A91: AFC West | O91: 2
A92: Team | B92: W-L | C92: DAVE | D92: Mean Wins | E92: TOT | F92: #1 | G92: #2 | H92: #3 | I92: #4 | J92: #5 | K92: #6 | L92: #7 | M92: DIV | N92: WC | O92: 2
A93: LAC | B93: 36557 | C93: 0.041 | D93: 10.3 | E93: 0.746 | F93: 0.095 | G93: 0.131 | H93: 0.135 | I93: 0.088 | J93: 0.12 | K93: 0.098 | L93: 0.08 | M93: 0.448 | N93: 0.298 | O93: 2
A94: KC | B94: 0-2 | C94: 0.131 | D94: 9 | E94: 0.561 | F94: 0.038 | G94: 0.062 | H94: 0.074 | I94: 0.051 | J94: 0.125 | K94: 0.112 | L94: 0.099 | M94: 0.225 | N94: 0.336 | O94: 2
A95: DEN | B95: 45658 | C95: 0.045 | D95: 8.9 | E95: 0.513 | F95: 0.027 | G95: 0.057 | H95: 0.075 | I95: 0.059 | J95: 0.099 | K95: 0.102 | L95: 0.094 | M95: 0.218 | N95: 0.295 | O95: 2
A96: LV | B96: 45658 | C96: -0.048 | D96: 8.2 | E96: 0.371 | F96: 0.012 | G96: 0.027 | H96: 0.039 | I96: 0.03 | J96: 0.081 | K96: 0.088 | L96: 0.094 | M96: 0.108 | N96: 0.263 | O96: 2
A97: NFC East | O97: 3
A98: Team | B98: W-L | C98: DAVE | D98: Mean Wins | E98: TOT | F98: #1 | G98: #2 | H98: #3 | I98: #4 | J98: #5 | K98: #6 | L98: #7 | M98: DIV | N98: WC | O98: 3
A99: PHI | B99: 36586 | C99: 0.121 | D99: 10.7 | E99: 0.737 | F99: 0.145 | G99: 0.127 | H99: 0.134 | I99: 0.098 | J99: 0.082 | K99: 0.079 | L99: 0.074 | M99: 0.503 | N99: 0.235 | O99: 3
A100: WAS | B100: 45689 | C100: 0.155 | D100: 10.3 | E100: 0.675 | F100: 0.092 | G100: 0.112 | H100: 0.131 | I100: 0.102 | J100: 0.08 | K100: 0.082 | L100: 0.076 | M100: 0.437 | N100: 0.238 | O100: 3
...

Sheet QB
A1: QB | B1: Season | C1: Starts | D1: Points | E1: Change (Week) | F1: Change (Year) | G1: Total | H1: / DB | I1: Comp | J1: Atts | K1: Comp% | L1: CPOE | M1: Yards | N1: YPA | O1: TDs | P1: INTs | Q1: Sacks | R1: Carries | S1: Yards | T1: YPC | U1: TDs | V1: TD% | W1: INT% | X1: TD%-INT% | Y1: Success | Z1: Passer Rtg | AA1: ANY/A | AB1: QB Elo | AC1: QBR | AD1: Rushing | AE1: Sacks | AF1: Inc | AG1: INTs | AH1: Air Yards | AI1: YAC | AJ1: Penalties | AK1: aDOT | AL1: vs Sticks | AM1: W | AN1: L | AO1: T | AP1: CB | AQ1: CB Opps | AR1: CB% | AS1: WPA / DB | AT1: Total WPA | AU1: Team | AV1: Last Name | AW1: Rank Y | AX1: Week
A2: Lamar Jackson | B2: 2025 | C2: 2 | D2: 3.72987 | E2: 0.00852295 | G2: Lamar Jackson | H2: 33 | I2: 48 | J2: 0.6875 | K2: 7.5251 | L2: 9.0417 | M2: 6 | N2: 0 | O2: 5 | P2: 8 | Q2: 83 | R2: 10.375 | S2: 1 | T2: 0.125 | U2: 0 | V2: 0.125 | W2: 0.5231 | X2: 136.632 | Y2: 9.6415 | Z2: 319.606 | AA2: 83.7 | AB2: 28.4771 | AC2: 0.4381 | AD2: 0.1226 | AE2: -0.0242 | AF2: 0.047 | AG2: 0.0617 | AH2: 0.1252 | AI2: 0.0372 | AJ2: -0.0302 | AK2: 9.2917 | AL2: 0.3125 | AM2: 1 | AN2: 1 | AO2: 0 | AP2: 0 | AQ2: 0 | AS2: 0.0071 | AT2: 0.4643 | AU2: =IF(A2<>"",INDEX(Index!$B$1:$B$77,MATCH($A2,Index!$A$1:$A$77,0)),"") -> BAL | AV2: =IF(B2<>"",INDEX(Index!$C$1:$C$77,MATCH($A2,Index!$A$1:$A$77,0)),"") -> Jackson | AW2: =IF(AT2<>"",COUNTIFS($AX$2:$AX$994,AX2,$Q$2:$Q$994,">"&$Q2)+1,"") -> 6 | AX2: 2
A3: Josh Allen | B3: 2025 | C3: 2 | D3: 3.6936 | E3: -0.392084 | G3: Josh Allen | H3: 47 | I3: 70 | J3: 0.6714 | K3: 2.5131 | L3: 7.7429 | M3: 2 | N3: 0 | O3: 2 | P3: 16 | Q3: 95 | R3: 5.9375 | S3: 2 | T3: 0.0286 | U3: 0 | V3: 0.0286 | W3: 0.4894 | X3: 99.8214 | Y3: 8 | Z3: 339.213 | AA3: 81.4 | AB3: 34.9315 | AC3: 0.3716 | AD3: 0.0905 | AE3: 0.0813 | AF3: 0.0126 | AG3: 0.0617 | AH3: -0.0408 | AI3: 0.0116 | AJ3: 0.056 | AK3: 7.4429 | AL3: -1.5143 | AM3: 2 | AN3: 0 | AO3: 0 | AP3: 1 | AQ3: 1 | AR3: 1 | AS3: 0.0091 | AT3: 0.8562 | AU3: =IF(A3<>"",INDEX(Index!$B$1:$B$77,MATCH($A3,Index!$A$1:$A$77,0)),"") -> BUF | AV3: =IF(B3<>"",INDEX(Index!$C$1:$C$77,MATCH($A3,Index!$A$1:$A$77,0)),"") -> Allen | AW3: =IF(AT3<>"",COUNTIFS($AX$2:$AX$994,AX3,$Q$2:$Q$994,">"&$Q3)+1,"") -> 3 | AX3: 2
A4: Patrick Mahomes | B4: 2025 | C4: 2 | D4: 2.24433 | E4: -0.022934 | G4: Patrick Mahomes | H4: 40 | I4: 67 | J4: 0.597 | K4: -5.9271 | L4: 6.6418 | M4: 2 | N4: 1 | O4: 4 | P4: 13 | Q4: 123 | R4: 9.4615 | S4: 2 | T4: 0.0299 | U4: 0.0149 | V4: 0.0149 | W4: 0.4545 | X4: 83.24 | Y4: 5.8732 | Z4: 268.321 | AA4: 78.6 | AB4: 11.2072 | AC4: 0.1274 | AD4: 0.1153 | AE4: 0.0371 | AF4: -0.0441 | AG4: -0.0185 | AH4: -0.024 | AI4: -0.0126 | AJ4: -0.0244 | AK4: 8.6567 | AL4: 0.3134 | AM4: 0 | AN4: 2 | AO4: 0 | AP4: 0 | AQ4: 2 | AR4: 0 | AS4: 0.0034 | AT4: 0.2961 | AU4: =IF(A4<>"",INDEX(Index!$B$1:$B$77,MATCH($A4,Index!$A$1:$A$77,0)),"") -> KC | AV4: =IF(B4<>"",INDEX(Index!$C$1:$C$77,MATCH($A4,Index!$A$1:$A$77,0)),"") -> Mahomes | AW4: =IF(AT4<>"",COUNTIFS($AX$2:$AX$994,AX4,$Q$2:$Q$994,">"&$Q4)+1,"") -> 1 | AX4: 2
A5: Jared Goff | B5: 2025 | C5: 2 | D5: 1.60801 | E5: 1.01847 | G5: Jared Goff | H5: 54 | I5: 67 | J5: 0.806 | K5: 12.868 | L5: 8.3433 | M5: 6 | N5: 1 | O5: 4 | P5: 1 | Q5: 6 | R5: 6 | S5: 0 | T5: 0.0896 | U5: 0.0149 | V5: 0.0746 | W5: 0.5405 | X5: 125.062 | Y5: 8.5775 | Z5: 308.652 | AA5: 81.7 | AB5: 25.5736 | AC5: 0.3456 | AD5: -0.0465 | AE5: -0.0089 | AF5: 0.0733 | AG5: 0.0098 | AH5: 0.0339 | AI5: 0.204 | AJ5: -0.0188 | AK5: 6.5224 | AL5: -1.3731 | AM5: 1 | AN5: 1 | AO5: 0 | AP5: 0 | AQ5: 0 | AS5: 0.0045 | AT5: 0.3306 | AU5: =IF(A5<>"",INDEX(Index!$B$1:$B$77,MATCH($A5,Index!$A$1:$A$77,0)),"") -> DET | AV5: =IF(B5<>"",INDEX(Index!$C$1:$C$77,MATCH($A5,Index!$A$1:$A$77,0)),"") -> Goff | AW5: =IF(AT5<>"",COUNTIFS($AX$2:$AX$994,AX5,$Q$2:$Q$994,">"&$Q5)+1,"") -> 30 | AX5: 2
A6: Jalen Hurts | B6: 2025 | C6: 2 | D6: 1.16354 | E6: -0.457373 | G6: Jalen Hurts | H6: 34 | I6: 45 | J6: 0.7556 | K6: 12.889 | L6: 5.6222 | M6: 0 | N6: 0 | O6: 3 | P6: 18 | Q6: 82 | R6: 4.5556 | S6: 3 | T6: 0 | U6: 0 | V6: 0 | W6: 0.4925 | X6: 88.4722 | Y6: 4.9583 | Z6: 207.454 | AA6: 71.7 | AB6: 5.8789 | AC6: 0.0877 | AD6: 0.1168 | AE6: 0.0375 | AF6: 0.101 | AG6: 0.0617 | AH6: -0.219 | AI6: -0.062 | AJ6: -0.0469 | AK6: 6.2 | AL6: -2.6889 | AM6: 2 | AN6: 0 | AO6: 0 | AP6: 0 | AQ6: 0 | AS6: 0.0057 | AT6: 0.3831 | AU6: =IF(A6<>"",INDEX(Index!$B$1:$B$77,MATCH($A6,Index!$A$1:$A$77,0)),"") -> PHI | AV6: =IF(B6<>"",INDEX(Index!$C$1:$C$77,MATCH($A6,Index!$A$1:$A$77,0)),"") -> Hurts | AW6: =IF(AT6<>"",COUNTIFS($AX$2:$AX$994,AX6,$Q$2:$Q$994,">"&$Q6)+1,"") -> 7 | AX6: 2
A7: Dak Prescott | B7: 2025 | C7: 2 | D7: 1.15156 | E7: 0.292533 | G7: Dak Prescott | H7: 59 | I7: 85 | J7: 0.6941 | K7: 1.3529 | L7: 6.4588 | M7: 2 | N7: 1 | O7: 3 | P7: 3 | Q7: 20 | R7: 6.6667 | S7: 0 | T7: 0.0235 | U7: 0.0118 | V7: 0.0118 | W7: 0.4554 | X7: 89.7794 | Y7: 5.9773 | Z7: 219.632 | AA7: 65.3 | AB7: 18.2739 | AC7: 0.1809 | AD7: -0.0468 | AE7: 0.0547 | AF7: 0.0439 | AG7: 0.0233 | AH7: 0.0171 | AI7: -0.0594 | AJ7: 0.0491 | AK7: 8.0118 | AL7: -1.0353 | AM7: 1 | AN7: 1 | AO7: 0 | AP7: 1 | AQ7: 2 | AR7: 0.5 | AS7: 0.0105 | AT7: 1.0648 | AU7: =IF(A7<>"",INDEX(Index!$B$1:$B$77,MATCH($A7,Index!$A$1:$A$77,0)),"") -> DAL | AV7: =IF(B7<>"",INDEX(Index!$C$1:$C$77,MATCH($A7,Index!$A$1:$A$77,0)),"") -> Prescott | AW7: =IF(AT7<>"",COUNTIFS($AX$2:$AX$994,AX7,$Q$2:$Q$994,">"&$Q7)+1,"") -> 20 | AX7: 2
A8: Kyler Murray | B8: 2025 | C8: 2 | D8: 0.826639 | E8: -0.147298 | G8: Kyler Murray | H8: 38 | I8: 54 | J8: 0.7037 | K8: -0.5775 | L8: 7.0926 | M8: 3 | N8: 1 | O8: 6 | P8: 13 | Q8: 72 | R8: 5.5385 | S8: 0 | T8: 0.0556 | U8: 0.0185 | V8: 0.037 | W8: 0.4878 | X8: 101.08 | Y8: 5.9333 | Z8: 154.455 | AA8: 56.4 | AB8: 12.4158 | AC8: 0.1514 | AD8: -0.0263 | AE8: -0.0153 | AF8: 0.1039 | AG8: 0.0021 | AH8: -0.0828 | AI8: 0.0534 | AJ8: 0.0176 | AK8: 6.037 | AL8: -3.4444 | AM8: 2 | AN8: 0 | AO8: 0 | AP8: 0 | AQ8: 0 | AS8: 0.0066 | AT8: 0.5444 | AU8: =IF(A8<>"",INDEX(Index!$B$1:$B$77,MATCH($A8,Index!$A$1:$A$77,0)),"") -> ARI | AV8: =IF(B8<>"",INDEX(Index!$C$1:$C$77,MATCH($A8,Index!$A$1:$A$77,0)),"") -> Murray | AW8: =IF(AT8<>"",COUNTIFS($AX$2:$AX$994,AX8,$Q$2:$Q$994,">"&$Q8)+1,"") -> 8 | AX8: 2
A9: Joe Burrow | B9: 2025 | C9: 2 | D9: 0.806967 | E9: -0.726673 | G9: Joe Burrow | H9: 21 | I9: 36 | J9: 0.5833 | K9: -1.5459 | L9: 5.25 | M9: 2 | N9: 0 | O9: 5 | P9: 2 | Q9: 3 | R9: 1.5 | S9: 0 | T9: 0.0556 | U9: 0 | V9: 0.0556 | W9: 0.4348 | X9: 91.088 | Y9: 4.9512 | Z9: 25.4633 | AA9: 55.4 | AB9: -0.9039 | AC9: -0.0196 | AD9: -0.0752 | AE9: -0.0445 | AF9: -0.0553 | AG9: 0.0617 | AH9: 0.1769 | AI9: -0.1739 | AJ9: -0.0081 | AK9: 6.8611 | AL9: -1.0833 | AM9: 2 | AN9: 0 | AO9: 0 | AP9: 0 | AQ9: 0 | AS9: 0.0016 | AT9: 0.0748 | AU9: =IF(A9<>"",INDEX(Index!$B$1:$B$77,MATCH($A9,Index!$A$1:$A$77,0)),"") -> CIN | AV9: =IF(B9<>"",INDEX(Index!$C$1:$C$77,MATCH($A9,Index!$A$1:$A$77,0)),"") -> Burrow | AW9: =IF(AT9<>"",COUNTIFS($AX$2:$AX$994,AX9,$Q$2:$Q$994,">"&$Q9)+1,"") -> 31 | AX9: 2
A10: Aaron Rodgers | B10: 2025 | C10: 2 | D10: 0.642181 | E10: -0.776533 | G10: Aaron Rodgers | H10: 40 | I10: 63 | J10: 0.6349 | K10: -0.1309 | L10: 7.0952 | M10: 5 | N10: 2 | O10: 7 | P10: 1 | Q10: 3 | R10: 3 | S10: 0 | T10: 0.0794 | U10: 0.0317 | V10: 0.0476 | W10: 0.3867 | X10: 97.7844 | Y10: 5.8714 | Z10: 125.812 | AA10: 45.9 | AB10: 3.5898 | AC10: 0.0479 | AD10: -0.0539 | AE10: -0.0173 | AF10: -0.0127 | AG10: -0.0362 | AH10: -0.221 | AI10: 0.2745 | AJ10: 0.0155 | AK10: 5.127 | AL10: -4.1587 | AM10: 1 | AN10: 1 | AO10: 0 | AP10: 1 | AQ10: 1 | AR10: 1 | AS10: -0.0002 | AT10: -0.0153 | AU10: =IF(A10<>"",INDEX(Index!$B$1:$B$77,MATCH($A10,Index!$A$1:$A$77,0)),"") -> GB | AV10: =IF(B10<>"",INDEX(Index!$C$1:$C$77,MATCH($A10,Index!$A$1:$A$77,0)),"") -> Rodgers | AW10: =IF(AT10<>"",COUNTIFS($AX$2:$AX$994,AX10,$Q$2:$Q$994,">"&$Q10)+1,"") -> 31 | AX10: 2
A11: Baker Mayfield | B11: 2025 | C11: 2 | D11: 0.627616 | E11: 0.102123 | G11: Baker Mayfield | H11: 17 | I11: 32 | J11: 0.5312 | K11: -10.4013 | L11: 5.2188 | M11: 3 | N11: 0 | O11: 1 | P11: 4 | Q11: 40 | R11: 10 | S11: 0 | T11: 0.0938 | U11: 0 | V11: 0.0938 | W11: 0.4211 | X11: 99.349 | Y11: 6.6364 | Z11: 212.649 | AA11: 88.3 | AB11: 11.3598 | AC11: 0.2989 | AD11: 0.0804 | AE11: 0.0932 | AF11: -0.0771 | AG11: 0.0617 | AH11: 0.1218 | AI11: -0.08 | AJ11: 0.0001 | AK11: 10.4375 | AL11: 2.625 | AM11: 1 | AN11: 0 | AO11: 0 | AP11: 1 | AQ11: 1 | AR11: 1 | AS11: 0.0167 | AT11: 0.6364 | AU11: =IF(A11<>"",INDEX(Index!$B$1:$B$77,MATCH($A11,Index!$A$1:$A$77,0)),"") -> TB | AV11: =IF(B11<>"",INDEX(Index!$C$1:$C$77,MATCH($A11,Index!$A$1:$A$77,0)),"") -> Mayfield | AW11: =IF(AT11<>"",COUNTIFS($AX$2:$AX$994,AX11,$Q$2:$Q$994,">"&$Q11)+1,"") -> 14 | AX11: 2
A12: Brock Purdy | B12: 2025 | C12: 1 | D12: 0.608332 | E12: 0.115067 | G12: Brock Purdy | H12: 26 | I12: 35 | J12: 0.7429 | K12: 15.3415 | L12: 7.9143 | M12: 2 | N12: 2 | O12: 1 | P12: 3 | Q12: 19 | R12: 6.3333 | S12: 0 | T12: 0.0571 | U12: 0.0571 | V12: 0 | W12: 0.5952 | X12: 92.2024 | Y12: 5.9722 | Z12: 223.534 | AA12: 78.9 | AB12: 17.255 | AC12: 0.4108 | AD12: -0.0147 | AE12: 0.0577 | AF12: 0.0755 | AG12: -0.1269 | AH12: 0.1458 | AI12: 0.1332 | AJ12: 0.0415 | AK12: 7.4286 | AL12: -0.6286 | AM12: 1 | AN12: 0 | AO12: 0 | AP12: 1 | AQ12: 1 | AR12: 1 | AS12: 0.0196 | AT12: 0.8245 | AU12: =IF(A12<>"",INDEX(Index!$B$1:$B$77,MATCH($A12,Index!$A$1:$A$77,0)),"") -> SF | AV12: =IF(B12<>"",INDEX(Index!$C$1:$C$77,MATCH($A12,Index!$A$1:$A$77,0)),"") -> Purdy | AW12: =IF(AT12<>"",COUNTIFS($AX$2:$AX$994,AX12,$Q$2:$Q$994,">"&$Q12)+1,"") -> 21 | AX12: 2
A13: Bo Nix | B13: 2025 | C13: 2 | D13: 0.606305 | E13: 0.315232 | G13: Bo Nix | H13: 47 | I13: 70 | J13: 0.6714 | K13: -0.4796 | L13: 5.4571 | M13: 4 | N13: 3 | O13: 1 | P13: 9 | Q13: 40 | R13: 4.4444 | S13: 0 | T13: 0.0571 | U13: 0.0429 | V13: 0.0143 | W13: 0.4607 | X13: 81.9643 | Y13: 4.4648 | Z13: 161.533 | AA13: 43.6 | AB13: 2.5134 | AC13: 0.0282 | AD13: -0.0622 | AE13: 0.0422 | AF13: 0.0335 | AG13: -0.0758 | AH13: -0.1772 | AI13: 0.1529 | AJ13: 0.016 | AK13: 5.1429 | AL13: -3.8 | AM13: 1 | AN13: 1 | AO13: 0 | AP13: 0 | AQ13: 0 | AS13: 0.0016 | AT13: 0.1395 | AU13: =IF(A13<>"",INDEX(Index!$B$1:$B$77,MATCH($A13,Index!$A$1:$A$77,0)),"") -> DEN | AV13: =IF(B13<>"",INDEX(Index!$C$1:$C$77,MATCH($A13,Index!$A$1:$A$77,0)),"") -> Nix | AW13: =IF(AT13<>"",COUNTIFS($AX$2:$AX$994,AX13,$Q$2:$Q$994,">"&$Q13)+1,"") -> 14 | AX13: 2
A14: Jayden Daniels | B14: 2025 | C14: 2 | D14: 0.597101 | E14: -0.368138 | G14: Jayden Daniels | H14: 43 | I14: 71 | J14: 0.6056 | K14: -4.7148 | L14: 6.0986 | M14: 3 | N14: 0 | O14: 7 | P14: 15 | Q14: 88 | R14: 5.8667 | S14: 0 | T14: 0.0423 | U14: 0 | V14: 0.0423 | W14: 0.44 | X14: 92.0481 | Y14: 5.7821 | Z14: 152.567 | AA14: 39.1 | AB14: -2.0758 | AC14: -0.0208 | AD14: -0.0062 | AE14: 0.0068 | AF14: -0.0883 | AG14: 0.0617 | AH14: -0.1067 | AI14: 0.0182 | AJ14: -0.0049 | AK14: 7.8592 | AL14: -0.9014 | AM14: 1 | AN14: 1 | AO14: 0 | AP14: 0 | AQ14: 0 | AS14: -0.0013 | AT14: -0.1338 | AU14: =IF(A14<>"",INDEX(Index!$B$1:$B$77,MATCH($A14,Index!$A$1:$A$77,0)),"") -> WAS | AV14: =IF(B14<>"",INDEX(Index!$C$1:$C$77,MATCH($A14,Index!$A$1:$A$77,0)),"") -> Daniels | AW14: =IF(AT14<>"",COUNTIFS($AX$2:$AX$994,AX14,$Q$2:$Q$994,">"&$Q14)+1,"") -> 4 | AX14: 2
A15: Justin Herbert | B15: 2025 | C15: 2 | D15: 0.512559 | E15: 0.179902 | G15: Justin Herbert | H15: 25 | I15: 34 | J15: 0.7353 | K15: 5.7888 | L15: 9.3529 | M15: 3 | N15: 0 | O15: 3 | P15: 4 | Q15: 36 | R15: 9 | S15: 0 | T15: 0.0882 | U15: 0 | V15: 0.0882 | W15: 0.6279 | X15: 131.74 | Y15: 9.8378 | Z15: 286.852 | AA15: 85.4 | AB15: 18.8366 | AC15: 0.4381 | AD15: -0.007 | AE15: 0.0057 | AF15: 0.082 | AG15: 0.0617 | AH15: 0.1985 | AI15: 0.0285 | AJ15: -0.0302 | AK15: 10.0588 | AL15: -0.1176 | AM15: 1 | AN15: 0 | AO15: 0 | AP15: 0 | AQ15: 0 | AS15: 0.0132 | AT15: 0.5671 | AU15: =IF(A15<>"",INDEX(Index!$B$1:$B$77,MATCH($A15,Index!$A$1:$A$77,0)),"") -> LAC | AV15: =IF(B15<>"",INDEX(Index!$C$1:$C$77,MATCH($A15,Index!$A$1:$A$77,0)),"") -> Herbert | AW15: =IF(AT15<>"",COUNTIFS($AX$2:$AX$994,AX15,$Q$2:$Q$994,">"&$Q15)+1,"") -> 16 | AX15: 2
A16: Russell Wilson | B16: 2025 | C16: 2 | D16: 0.430647 | E16: 0.737497 | G16: Russell Wilson | H16: 47 | I16: 78 | J16: 0.6026 | K16: 1.4723 | L16: 7.9231 | M16: 3 | N16: 1 | O16: 5 | P16: 11 | Q16: 67 | R16: 6.0909 | S16: 0 | T16: 0.0385 | U16: 0.0128 | V16: 0.0256 | W16: 0.4554 | X16: 92.7885 | Y16: 7.1566 | Z16: 220.942 | AA16: 54.4 | AB16: 15.1365 | AC16: 0.1499 | AD16: -0.0156 | AE16: 0.0241 | AF16: -0.0888 | AG16: 0.0391 | AH16: 0.123 | AI16: -0.0733 | AJ16: 0.0426 | AK16: 9.5897 | AL16: 0.5 | AM16: 0 | AN16: 2 | AO16: 0 | AP16: 0 | AQ16: 2 | AR16: 0 | AS16: 0.0133 | AT16: 1.3429 | AU16: =IF(A16<>"",INDEX(Index!$B$1:$B$77,MATCH($A16,Index!$A$1:$A$77,0)),"") -> NYG | AV16: =IF(B16<>"",INDEX(Index!$C$1:$C$77,MATCH($A16,Index!$A$1:$A$77,0)),"") -> Wilson | AW16: =IF(AT16<>"",COUNTIFS($AX$2:$AX$994,AX16,$Q$2:$Q$994,">"&$Q16)+1,"") -> 9 | AX16: 2
A17: Tua Tagovailoa | B17: 2025 | C17: 2 | D17: 0.238232 | E17: 0.0230176 | G17: Tua Tagovailoa | H17: 40 | I17: 55 | J17: 0.7273 | K17: 4.8398 | L17: 7.8 | M17: 3 | N17: 3 | O17: 8 | P17: 1 | Q17: 7 | R17: 7 | S17: 0 | T17: 0.0545 | U17: 0.0545 | V17: 0 | W17: 0.4638 | X17: 90.6439 | Y17: 5.127 | Z17: 64.9615 | AA17: 22.4 | AB17: -8.3148 | AC17: -0.1205 | AD17: -0.0331 | AE17: -0.1188 | AF17: 0.0296 | AG17: -0.0822 | AH17: -0.0431 | AI17: 0.1028 | AJ17: -0.0745 | AK17: 7.5818 | AL17: -1.2727 | AM17: 0 | AN17: 2 | AO17: 0 | AP17: 0 | AQ17: 1 | AR17: 0 | AS17: -0.0033 | AT17: -0.2308 | AU17: =IF(A17<>"",INDEX(Index!$B$1:$B$77,MATCH($A17,Index!$A$1:$A$77,0)),"") -> MIA | AV17: =IF(B17<>"",INDEX(Index!$C$1:$C$77,MATCH($A17,Index!$A$1:$A$77,0)),"") -> Tagovailoa | AW17: =IF(AT17<>"",COUNTIFS($AX$2:$AX$994,AX17,$Q$2:$Q$994,">"&$Q17)+1,"") -> 29 | AX17: 2
A18: Jordan Love | B18: 2025 | C18: 2 | D18: 0.0234473 | E18: 0.233365 | G18: Jordan Love | H18: 35 | I18: 53 | J18: 0.6604 | K18: 11.5821 | L18: 9.0566 | M18: 4 | N18: 0 | O18: 2 | P18: 3 | Q18: 19 | R18: 6.3333 | S18: 0 | T18: 0.0755 | U18: 0 | V18: 0.0755 | W18: 0.5 | X18: 120.008 | Y18: 9.7636 | Z18: 229.671 | AA18: 78.3 | AB18: 21.8467 | AC18: 0.3524 | AD18: 0.02 | AE18: 0.0502 | AF18: -0.0777 | AG18: 0.0617 | AH18: 0.2699 | AI18: -0.0664 | AJ18: -0.0041 | AK18: 12.4717 | AL18: 3.434 | AM18: 2 | AN18: 0 | AO18: 0 | AP18: 0 | AQ18: 0 | AS18: 0.0103 | AT18: 0.6405 | AU18: =IF(A18<>"",INDEX(Index!$B$1:$B$77,MATCH($A18,Index!$A$1:$A$77,0)),"") -> GB | AV18: =IF(B18<>"",INDEX(Index!$C$1:$C$77,MATCH($A18,Index!$A$1:$A$77,0)),"") -> Love | AW18: =IF(AT18<>"",COUNTIFS($AX$2:$AX$994,AX18,$Q$2:$Q$994,">"&$Q18)+1,"") -> 21 | AX18: 2
A19: Matthew Stafford | B19: 2025 | C19: 2 | D19: -0.0234473 | E19: 0.153618 | G19: Matthew Stafford | H19: 44 | I19: 62 | J19: 0.7097 | K19: 8.2529 | L19: 8.7581 | M19: 3 | N19: 1 | O19: 4 | P19: 1 | Q19: 0 | R19: 0 | S19: 0 | T19: 0.0484 | U19: 0.0161 | V19: 0.0323 | W19: 0.4789 | X19: 107.124 | Y19: 8.0152 | Z19: 195.496 | AA19: 68.4 | AB19: 10.166 | AC19: 0.1432 | AD19: -0.0554 | AE19: -0.0054 | AF19: -0.0077 | AG19: 0.0307 | AH19: 0.1324 | AI19: -0.0164 | AJ19: -0.0338 | AK19: 7.871 | AL19: -0.1774 | AM19: 2 | AN19: 0 | AO19: 0 | AP19: 0 | AQ19: 0 | AS19: 0.007 | AT19: 0.4972 | AU19: =IF(A19<>"",INDEX(Index!$B$1:$B$77,MATCH($A19,Index!$A$1:$A$77,0)),"") -> LAR | AV19: =IF(B19<>"",INDEX(Index!$C$1:$C$77,MATCH($A19,Index!$A$1:$A$77,0)),"") -> Stafford | AW19: =IF(AT19<>"",COUNTIFS($AX$2:$AX$994,AX19,$Q$2:$Q$994,">"&$Q19)+1,"") -> 33 | AX19: 2
A20: Daniel Jones | B20: 2025 | C20: 2 | D20: -0.480753 | E20: 0.522324 | G20: Daniel Jones | H20: 45 | I20: 63 | J20: 0.7143 | K20: 4.891 | L20: 9.3333 | M20: 2 | N20: 0 | O20: 2 | P20: 13 | Q20: 28 | R20: 2.1538 | S20: 3 | T20: 0.0317 | U20: 0 | V20: 0.0317 | W20: 0.5802 | X20: 111.078 | Y20: 9.3538 | Z20: 342.19 | AA20: 80.9 | AB20: 27.4744 | AC20: 0.3392 | AD20: 0.0017 | AE20: 0.0616 | AF20: 0.0139 | AG20: 0.0617 | AH20: 0.0311 | AI20: 0.0952 | AJ20: -0.0249 | AK20: 8.3333 | AL20: 0.254 | AM20: 2 | AN20: 0 | AO20: 0 | AP20: 1 | AQ20: 1 | AR20: 1 | AS20: 0.0074 | AT20: 0.6008 | AU20: =IF(A20<>"",INDEX(Index!$B$1:$B$77,MATCH($A20,Index!$A$1:$A$77,0)),"") -> IND | AV20: =IF(B20<>"",INDEX(Index!$C$1:$C$77,MATCH($A20,Index!$A$1:$A$77,0)),"") -> Jones | AW20: =IF(AT20<>"",COUNTIFS($AX$2:$AX$994,AX20,$Q$2:$Q$994,">"&$Q20)+1,"") -> 18 | AX20: 2
A21: Justin Fields | B21: 2025 | C21: 2 | D21: -0.505794 | E21: -0.629817 | G21: Justin Fields | H21: 19 | I21: 33 | J21: 0.5758 | K21: -5.0894 | L21: 7.4242 | M21: 1 | N21: 0 | O21: 3 | P21: 17 | Q21: 97 | R21: 5.7059 | S21: 2 | T21: 0.0303 | U21: 0 | V21: 0.0303 | W21: 0.4906 | X21: 91.0985 | Y21: 6.6667 | Z21: 178.37 | AA21: 41.7 | AB21: 0.8278 | AC21: 0.0156 | AD21: -0.0517 | AE21: -0.0051 | AF21: 0.0267 | AG21: 0.0617 | AH21: 0.0246 | AI21: -0.1121 | AJ21: -0.0272 | AK21: 7.9394 | AL21: -1 | AM21: 0 | AN21: 2 | AO21: 0 | AP21: 0 | AQ21: 1 | AR21: 0 | AS21: -0.0002 | AT21: -0.0105 | AU21: =IF(A21<>"",INDEX(Index!$B$1:$B$77,MATCH($A21,Index!$A$1:$A$77,0)),"") -> NYJ | AV21: =IF(B21<>"",INDEX(Index!$C$1:$C$77,MATCH($A21,Index!$A$1:$A$77,0)),"") -> Fields | AW21: =IF(AT21<>"",COUNTIFS($AX$2:$AX$994,AX21,$Q$2:$Q$994,">"&$Q21)+1,"") -> 2 | AX21: 2
A22: Drake Maye | B22: 2025 | C22: 2 | D22: -0.629685 | E22: 0.448218 | G22: Drake Maye | H22: 49 | I22: 69 | J22: 0.7101 | K22: 6.3148 | L22: 7.4928 | M22: 3 | N22: 1 | O22: 7 | P22: 10 | Q22: 45 | R22: 4.5 | S22: 1 | T22: 0.0435 | U22: 0.0145 | V22: 0.029 | W22: 0.4831 | X22: 100.936 | Y22: 6.6053 | Z22: 192.017 | AA22: 60.3 | AB22: 21.4442 | AC22: 0.2409 | AD22: -0.008 | AE22: -0.0031 | AF22: 0.0538 | AG22: 0.0203 | AH22: 0.0958 | AI22: -0.0342 | AJ22: 0.0176 | AK22: 7.058 | AL22: -2.2754 | AM22: 1 | AN22: 1 | AO22: 0 | AP22: 0 | AQ22: 1 | AR22: 0 | AS22: 0.0065 | AT22: 0.5748 | AU22: =IF(A22<>"",INDEX(Index!$B$1:$B$77,MATCH($A22,Index!$A$1:$A$77,0)),"") -> NE | AV22: =IF(B22<>"",INDEX(Index!$C$1:$C$77,MATCH($A22,Index!$A$1:$A$77,0)),"") -> Maye | AW22: =IF(AT22<>"",COUNTIFS($AX$2:$AX$994,AX22,$Q$2:$Q$994,">"&$Q22)+1,"") -> 11 | AX22: 2
A23: Trevor Lawrence | B23: 2025 | C23: 2 | D23: -0.724634 | E23: 0.05479 | G23: Trevor Lawrence | H23: 44 | I23: 73 | J23: 0.6027 | K23: -4.2334 | L23: 6.4658 | M23: 4 | N23: 3 | O23: 1 | P23: 3 | Q23: 17 | R23: 5.6667 | S23: 0 | T23: 0.0548 | U23: 0.0411 | V23: 0.0137 | W23: 0.4872 | X23: 80.3938 | Y23: 5.5 | Z23: 142.209 | AA23: 48.9 | AB23: 6.232 | AC23: 0.0799 | AD23: -0.0312 | AE23: 0.0979 | AF23: -0.0597 | AG23: -0.084 | AH23: -0.0099 | AI23: 0.1063 | AJ23: -0.0383 | AK23: 7.3425 | AL23: -1.589 | AM23: 1 | AN23: 1 | AO23: 0 | AP23: 0 | AQ23: 1 | AR23: 0 | AS23: 0.0013 | AT23: 0.1051 | AU23: =IF(A23<>"",INDEX(Index!$B$1:$B$77,MATCH($A23,Index!$A$1:$A$77,0)),"") -> JAX | AV23: =IF(B23<>"",INDEX(Index!$C$1:$C$77,MATCH($A23,Index!$A$1:$A$77,0)),"") -> Lawrence | AW23: =IF(AT23<>"",COUNTIFS($AX$2:$AX$994,AX23,$Q$2:$Q$994,">"&$Q23)+1,"") -> 23 | AX23: 2
A24: Geno Smith | B24: 2025 | C24: 2 | D24: -1.1467 | E24: -0.923768 | G24: Geno Smith | H24: 24 | I24: 33 | J24: 0.7273 | K24: 9.6202 | L24: 10.9697 | M24: 1 | N24: 1 | O24: 4 | P24: 1 | Q24: 11 | R24: 11 | S24: 0 | T24: 0.0303 | U24: 0.0303 | V24: 0 | W24: 0.5526 | X24: 105.871 | Y24: 8.3243 | Z24: 41.8231 | AA24: 65.6 | AB24: 14.3669 | AC24: 0.3781 | AD24: -0.0363 | AE24: -0.0511 | AF24: 0.0724 | AG24: -0.0301 | AH24: 0.2648 | AI24: 0.0867 | AJ24: -0.0272 | AK24: 10.6364 | AL24: 1.0303 | AM24: 1 | AN24: 0 | AO24: 0 | AP24: 0 | AQ24: 0 | AS24: 0.0082 | AT24: 0.3135 | AU24: =IF(A24<>"",INDEX(Index!$B$1:$B$77,MATCH($A24,Index!$A$1:$A$77,0)),"") -> LV | AV24: =IF(B24<>"",INDEX(Index!$C$1:$C$77,MATCH($A24,Index!$A$1:$A$77,0)),"") -> Smith | AW24: =IF(AT24<>"",COUNTIFS($AX$2:$AX$994,AX24,$Q$2:$Q$994,">"&$Q24)+1,"") -> 26 | AX24: 2
A25: Sam Darnold | B25: 2025 | C25: 2 | D25: -1.19579 | E25: 0.0312085 | G25: Sam Darnold | H25: 38 | I25: 55 | J25: 0.6909 | K25: 7.1638 | L25: 8.0909 | M25: 2 | N25: 2 | O25: 3 | P25: 2 | Q25: 14 | R25: 7 | S25: 0 | T25: 0.0364 | U25: 0.0364 | V25: 0 | W25: 0.4921 | X25: 90.3409 | Y25: 6.4483 | Z25: 145.086 | AA25: 51.1 | AB25: -2.9428 | AC25: -0.0467 | AD25: -0.0233 | AE25: -0.0197 | AF25: 0.0319 | AG25: -0.1096 | AH25: -0.0094 | AI25: -0.0393 | AJ25: 0.0239 | AK25: 8.4 | AL25: -0.9091 | AM25: 1 | AN25: 1 | AO25: 0 | AP25: 0 | AQ25: 1 | AR25: 0 | AS25: -0.0078 | AT25: -0.4924 | AU25: =IF(A25<>"",INDEX(Index!$B$1:$B$77,MATCH($A25,Index!$A$1:$A$77,0)),"") -> SEA | AV25: =IF(B25<>"",INDEX(Index!$C$1:$C$77,MATCH($A25,Index!$A$1:$A$77,0)),"") -> Darnold | AW25: =IF(AT25<>"",COUNTIFS($AX$2:$AX$994,AX25,$Q$2:$Q$994,">"&$Q25)+1,"") -> 24 | AX25: 2
A26: Caleb Williams | B26: 2025 | C26: 2 | D26: -1.39711 | E26: -0.187568 | G26: Caleb Williams | H26: 40 | I26: 65 | J26: 0.6154 | K26: -6.1853 | L26: 6.4154 | M26: 3 | N26: 1 | O26: 6 | P26: 11 | Q26: 85 | R26: 7.7273 | S26: 1 | T26: 0.0462 | U26: 0.0154 | V26: 0.0308 | W26: 0.427 | X26: 89.0705 | Y26: 5.507 | Z26: 186.278 | AA26: 57.7 | AB26: -5.1134 | AC26: -0.0575 | AD26: -0.0058 | AE26: -0.0002 | AF26: -0.0455 | AG26: 0.0281 | AH26: -0.0154 | AI26: -0.089 | AJ26: -0.0285 | AK26: 8.6923 | AL26: -2.1846 | AM26: 0 | AN26: 2 | AO26: 0 | AP26: 0 | AQ26: 1 | AR26: 0 | AS26: -0.0011 | AT26: -0.1014 | AU26: =IF(A26<>"",INDEX(Index!$B$1:$B$77,MATCH($A26,Index!$A$1:$A$77,0)),"") -> CHI | AV26: =IF(B26<>"",INDEX(Index!$C$1:$C$77,MATCH($A26,Index!$A$1:$A$77,0)),"") -> Williams | AW26: =IF(AT26<>"",COUNTIFS($AX$2:$AX$994,AX26,$Q$2:$Q$994,">"&$Q26)+1,"") -> 5 | AX26: 2
A27: Mac Jones | B27: 2025 | C27: 1 | D27: -1.58958 | E27: 0.406513 | G27: Mac Jones | H27: 26 | I27: 38 | J27: 0.6842 | K27: -3.6296 | L27: 7.3421 | M27: 3 | N27: 0 | O27: 3 | P27: 3 | Q27: 9 | R27: 3 | S27: 0 | T27: 0.0789 | U27: 0 | V27: 0.0789 | W27: 0.5 | X27: 116.009 | Y27: 7.9756 | Z27: 245.487 | AA27: 67 | AB27: 7.8707 | AC27: 0.1711 | AD27: -0.025 | AE27: -0.0894 | AF27: -0.0204 | AG27: 0.0617 | AH27: 0.1049 | AI27: -0.0264 | AJ27: 0.067 | AK27: 6.6842 | AL27: -2.5 | AM27: 1 | AN27: 0 | AO27: 0 | AP27: 0 | AQ27: 0 | AS27: 0.0074 | AT27: 0.3408 | AU27: =IF(A27<>"",INDEX(Index!$B$1:$B$77,MATCH($A27,Index!$A$1:$A$77,0)),"") -> SF | AV27: =IF(B27<>"",INDEX(Index!$C$1:$C$77,MATCH($A27,Index!$A$1:$A$77,0)),"") -> Jones | AW27: =IF(AT27<>"",COUNTIFS($AX$2:$AX$994,AX27,$Q$2:$Q$994,">"&$Q27)+1,"") -> 27 | AX27: 2
A28: Bryce Young | B28: 2025 | C28: 2 | D28: -1.65713 | E28: 0.294877 | G28: Bryce Young | H28: 53 | I28: 90 | J28: 0.5889 | K28: -6.2661 | L28: 5.3556 | M28: 4 | N28: 3 | O28: 4 | P28: 5 | Q28: 44 | R28: 8.8 | S28: 0 | T28: 0.0444 | U28: 0.0333 | V28: 0.0111 | W28: 0.4673 | X28: 74.3981 | Y28: 4.1489 | Z28: 115.925 | AA28: 36.4 | AB28: -1.9148 | AC28: -0.0179 | AD28: -0.0258 | AE28: -0.0135 | AF28: -0.0574 | AG28: -0.0428 | AH28: -0.0092 | AI28: -0.0231 | AJ28: 0.055 | AK28: 7.1556 | AL28: -1.4556 | AM28: 0 | AN28: 2 | AO28: 0 | AP28: 0 | AQ28: 1 | AR28: 0 | AS28: -0.0056 | AT28: -0.6038 | AU28: =IF(A28<>"",INDEX(Index!$B$1:$B$77,MATCH($A28,Index!$A$1:$A$77,0)),"") -> CAR | AV28: =IF(B28<>"",INDEX(Index!$C$1:$C$77,MATCH($A28,Index!$A$1:$A$77,0)),"") -> Young | AW28: =IF(AT28<>"",COUNTIFS($AX$2:$AX$994,AX28,$Q$2:$Q$994,">"&$Q28)+1,"") -> 12 | AX28: 2
A29: Joe Flacco | B29: 2025 | C29: 2 | D29: -1.66162 | E29: -0.265524 | G29: Joe Flacco | H29: 56 | I29: 90 | J29: 0.6222 | K29: -0.2257 | L29: 5.4333 | M29: 2 | N29: 3 | O29: 4 | P29: 3 | Q29: 14 | R29: 4.6667 | S29: 0 | T29: 0.0222 | U29: 0.0333 | V29: -0.0111 | W29: 0.3981 | X29: 70.0926 | Y29: 3.9468 | Z29: 103.04 | AA29: 36.7 | AB29: -26.7186 | AC29: -0.2594 | AD29: -0.0251 | AE29: -0.0121 | AF29: -0.0591 | AG29: -0.0816 | AH29: -0.1458 | AI29: -0.0111 | AJ29: -0.0235 | AK29: 6.4444 | AL29: -2.5 | AM29: 0 | AN29: 2 | AO29: 0 | AP29: 0 | AQ29: 1 | AR29: 0 | AS29: -0.0091 | AT29: -0.9351 | AU29: =IF(A29<>"",INDEX(Index!$B$1:$B$77,MATCH($A29,Index!$A$1:$A$77,0)),"") -> CIN | AV29: =IF(B29<>"",INDEX(Index!$C$1:$C$77,MATCH($A29,Index!$A$1:$A$77,0)),"") -> Flacco | AW29: =IF(AT29<>"",COUNTIFS($AX$2:$AX$994,AX29,$Q$2:$Q$994,">"&$Q29)+1,"") -> 24 | AX29: 2
A30: Michael Penix Jr. | B30: 2025 | C30: 2 | D30: -1.99256 | E30: -0.445819 | G30: Michael Penix Jr. | H30: 40 | I30: 63 | J30: 0.6349 | K30: -6.4423 | L30: 6.873 | M30: 1 | N30: 0 | O30: 4 | P30: 4 | Q30: 22 | R30: 5.5 | S30: 1 | T30: 0.0159 | U30: 0 | V30: 0.0159 | W30: 0.4805 | X30: 88.922 | Y30: 6.2239 | Z30: 146.091 | AA30: 62.6 | AB30: 9.032 | AC30: 0.1173 | AD30: 0.0542 | AE30: 0.003 | AF30: -0.0081 | AG30: 0.0617 | AH30: -0.0786 | AI30: -0.0085 | AJ30: -0.0064 | AK30: 6.6667 | AL30: -2.5079 | AM30: 1 | AN30: 1 | AO30: 0 | AP30: 0 | AQ30: 1 | AR30: 0 | AS30: 0.0071 | AT30: 0.5448 | AU30: =IF(A30<>"",INDEX(Index!$B$1:$B$77,MATCH($A30,Index!$A$1:$A$77,0)),"") -> ATL | AV30: =IF(B30<>"",INDEX(Index!$C$1:$C$77,MATCH($A30,Index!$A$1:$A$77,0)),"") -> Penix | AW30: =IF(AT30<>"",COUNTIFS($AX$2:$AX$994,AX30,$Q$2:$Q$994,">"&$Q30)+1,"") -> 19 | AX30: 2
A31: C.J. Stroud | B31: 2025 | C31: 2 | D31: -2.24551 | E31: -0.130835 | G31: C.J. Stroud | H31: 19 | I31: 27 | J31: 0.7037 | K31: -0.9747 | L31: 6.963 | M31: 0 | N31: 1 | O31: 3 | P31: 5 | Q31: 32 | R31: 6.4 | S31: 0 | T31: 0 | U31: 0.037 | V31: -0.037 | W31: 0.4615 | X31: 74.3056 | Y31: 3.5333 | Z31: 85.0539 | AA31: 49.7 | AB31: -3.3161 | AC31: -0.085 | AD31: 0.1051 | AE31: -0.0548 | AF31: 0.1015 | AG31: -0.0278 | AH31: -0.0691 | AI31: -0.2025 | AJ31: -0.0363 | AK31: 6.3704 | AL31: -4.5926 | AM31: 0 | AN31: 1 | AO31: 0 | AP31: 0 | AQ31: 1 | AR31: 0 | AS31: -0.0028 | AT31: -0.1077 | AU31: =IF(A31<>"",INDEX(Index!$B$1:$B$77,MATCH($A31,Index!$A$1:$A$77,0)),"") -> HOU | AV31: =IF(B31<>"",INDEX(Index!$C$1:$C$77,MATCH($A31,Index!$A$1:$A$77,0)),"") -> Stroud | AW31: =IF(AT31<>"",COUNTIFS($AX$2:$AX$994,AX31,$Q$2:$Q$994,">"&$Q31)+1,"") -> 17 | AX31: 2
A32: J.J. McCarthy | B32: 2025 | C32: 2 | D32: -2.72136 | E32: -0.980645 | G32: J.J. McCarthy | H32: 24 | I32: 41 | J32: 0.5854 | K32: -7.2813 | L32: 7.3415 | M32: 2 | N32: 3 | O32: 9 | P32: 6 | Q32: 50 | R32: 8.3333 | S32: 1 | T32: 0.0488 | U32: 0.0732 | V32: -0.0244 | W32: 0.4237 | X32: 67.2256 | Y32: 3.18 | Z32: -1.2098 | AA32: 20.4 | AB32: -17.2662 | AC32: -0.2926 | AD32: 0.0523 | AE32: -0.2059 | AF32: 0 | AG32: -0.237 | AH32: 0.0162 | AI32: -0.0781 | AJ32: 0.0611 | AK32: 9 | AL32: -0.3171 | AM32: 1 | AN32: 1 | AO32: 0 | AP32: 1 | AQ32: 2 | AR32: 0.5 | AS32: -0.0021 | AT32: -0.1216 | AU32: =IF(A32<>"",INDEX(Index!$B$1:$B$77,MATCH($A32,Index!$A$1:$A$77,0)),"") -> MIN | AV32: =IF(B32<>"",INDEX(Index!$C$1:$C$77,MATCH($A32,Index!$A$1:$A$77,0)),"") -> McCarthy | AW32: =IF(AT32<>"",COUNTIFS($AX$2:$AX$994,AX32,$Q$2:$Q$994,">"&$Q32)+1,"") -> 10 | AX32: 2
A33: Spencer Rattler | B33: 2025 | C33: 2 | D33: -2.79919 | E33: 0.542235 | G33: Spencer Rattler | H33: 52 | I33: 78 | J33: 0.6667 | K33: -1.0556 | L33: 5.3846 | M33: 3 | N33: 0 | O33: 4 | P33: 8 | Q33: 43 | R33: 5.375 | S33: 0 | T33: 0.0385 | U33: 0 | V33: 0.0385 | W33: 0.4592 | X33: 92.8953 | Y33: 5.5244 | Z33: 197.055 | AA33: 57.6 | AB33: -3.337 | AC33: -0.0341 | AD33: 0.0164 | AE33: 0.0072 | AF33: -0.0159 | AG33: 0.0617 | AH33: -0.0786 | AI33: -0.1196 | AJ33: -0.0041 | AK33: 7.5 | AL33: -0.8846 | AM33: 0 | AN33: 2 | AO33: 0 | AP33: 0 | AQ33: 2 | AR33: 0 | AS33: -0.0026 | AT33: -0.25 | AU33: =IF(A33<>"",INDEX(Index!$B$1:$B$77,MATCH($A33,Index!$A$1:$A$77,0)),"") -> NO | AV33: =IF(B33<>"",INDEX(Index!$C$1:$C$77,MATCH($A33,Index!$A$1:$A$77,0)),"") -> Rattler | AW33: =IF(AT33<>"",COUNTIFS($AX$2:$AX$994,AX33,$Q$2:$Q$994,">"&$Q33)+1,"") -> 13 | AX33: 2
A34: Cam Ward | B34: 2025 | C34: 2 | D34: -2.94433 | E34: -0.331515 | G34: Cam Ward | H34: 31 | I34: 61 | J34: 0.5082 | K34: -8.2771 | L34: 4.7049 | M34: 1 | N34: 0 | O34: 11 | P34: 4 | Q34: 8 | R34: 2 | S34: 0 | T34: 0.0164 | U34: 0 | V34: 0.0164 | W34: 0.3 | X34: 69.5014 | Y34: 3.125 | Z34: -57.5358 | AA34: 19.9 | AB34: -21.8517 | AC34: -0.2731 | AD34: -0.0404 | AE34: -0.1577 | AF34: -0.0421 | AG34: 0.0617 | AH34: -0.0523 | AI34: -0.0932 | AJ34: -0.0478 | AK34: 8.3443 | AL34: -1.9508 | AM34: 0 | AN34: 2 | AO34: 0 | AP34: 0 | AQ34: 2 | AR34: 0 | AS34: -0.0115 | AT34: -0.9184 | AU34: =IF(A34<>"",INDEX(Index!$B$1:$B$77,MATCH($A34,Index!$A$1:$A$77,0)),"") -> TEN | AV34: =IF(B34<>"",INDEX(Index!$C$1:$C$77,MATCH($A34,Index!$A$1:$A$77,0)),"") -> Ward | AW34: =IF(AT34<>"",COUNTIFS($AX$2:$AX$994,AX34,$Q$2:$Q$994,">"&$Q34)+1,"") -> 28 | AX34: 2
A35: Josh Allen | B35: 2025 | C35: 3 | D35: 3.94176 | E35: 0.0546655 | G35: Josh Allen | H35: 69 | I35: 98 | J35: 0.7041 | K35: 3.9819 | L35: 7.7041 | M35: 5 | N35: 0 | O35: 4 | P35: 19 | Q35: 120 | R35: 6.3158 | S35: 2 | T35: 0.051 | U35: 0 | V35: 0.051 | W35: 0.5194 | X35: 109.864 | Y35: 8.2255 | Z35: 321.59 | AA35: 74.9 | AB35: 48.0168 | AC35: 0.3722 | AD35: 0.0755 | AE35: 0.075 | AF35: 0.0312 | AG35: 0.0692 | AH35: -0.0749 | AI35: 0.0818 | AJ35: 0.0362 | AK35: 6.449 | AL35: -2.2245 | AM35: 3 | AN35: 0 | AO35: 0 | AP35: 1 | AQ35: 1 | AR35: 1 | AS35: 0.0099 | AT35: 1.2725 | AU35: =IF(A35<>"",INDEX(Index!$B$1:$B$77,MATCH($A35,Index!$A$1:$A$77,0)),"") -> BUF | AV35: =IF(B35<>"",INDEX(Index!$C$1:$C$77,MATCH($A35,Index!$A$1:$A$77,0)),"") -> Allen | AW35: =IF(AT35<>"",COUNTIFS($AX$2:$AX$994,AX35,$Q$2:$Q$994,">"&$Q35)+1,"") -> 3 | AX35: =IF(A35<>"",AX2+1,"") -> 3
A36: Lamar Jackson | B36: 2025 | C36: 3 | D36: 3.70564 | E36: -0.217721 | G36: Lamar Jackson | H36: 54 | I36: 75 | J36: 0.72 | K36: 9.6584 | L36: 9.6267 | M36: 9 | N36: 0 | O36: 12 | P36: 15 | Q36: 118 | R36: 7.8667 | S36: 1 | T36: 0.12 | U36: 0 | V36: 0.12 | W36: 0.5234 | X36: 141.778 | Y36: 9.2414 | Z36: 282.976 | AA36: 78.2 | AB36: 41.0012 | AC36: 0.3832 | AD36: 0.0523 | AE36: -0.0805 | AF36: 0.0686 | AG36: 0.0692 | AH36: 0.1764 | AI36: 0.032 | AJ36: -0.013 | AK36: 9.6 | AL36: 0.2933 | AM36: 1 | AN36: 2 | AO36: 0 | AP36: 0 | AQ36: 1 | AR36: 0 | AS36: 0.0066 | AT36: 0.7068 | AU36: =IF(A36<>"",INDEX(Index!$B$1:$B$77,MATCH($A36,Index!$A$1:$A$77,0)),"") -> BAL | AV36: =IF(B36<>"",INDEX(Index!$C$1:$C$77,MATCH($A36,Index!$A$1:$A$77,0)),"") -> Jackson | AW36: =IF(AT36<>"",COUNTIFS($AX$2:$AX$994,AX36,$Q$2:$Q$994,">"&$Q36)+1,"") -> 4 | AX36: 3
A37: Patrick Mahomes | B37: 2025 | C37: 3 | D37: 1.97919 | E37: -0.458632 | G37: Patrick Mahomes | H37: 62 | I37: 104 | J37: 0.5962 | K37: -4.4059 | L37: 6.4327 | M37: 3 | N37: 1 | O37: 6 | P37: 15 | Q37: 128 | R37: 8.5333 | S37: 2 | T37: 0.0288 | U37: 0.0096 | V37: 0.0192 | W37: 0.4701 | X37: 84.1747 | Y37: 5.8 | Z37: 212.853 | AA37: 73.3 | AB37: 21.2474 | AC37: 0.1586 | AD37: 0.064 | AE37: 0.0366 | AF37: -0.0161 | AG37: 0.0166 | AH37: 0.0084 | AI37: -0.0193 | AJ37: -0.0094 | AK37: 8.6442 | AL37: 0.4423 | AM37: 1 | AN37: 2 | AO37: 0 | AP37: 0 | AQ37: 2 | AR37: 0 | AS37: 0.0035 | AT37: 0.4636 | AU37: =IF(A37<>"",INDEX(Index!$B$1:$B$77,MATCH($A37,Index!$A$1:$A$77,0)),"") -> KC | AV37: =IF(B37<>"",INDEX(Index!$C$1:$C$77,MATCH($A37,Index!$A$1:$A$77,0)),"") -> Mahomes | AW37: =IF(AT37<>"",COUNTIFS($AX$2:$AX$994,AX37,$Q$2:$Q$994,">"&$Q37)+1,"") -> 1 | AX37: 3
A38: Jared Goff | B38: 2025 | C38: 3 | D38: 1.80523 | E38: 0.00372742 | G38: Jared Goff | H38: 74 | I38: 95 | J38: 0.7789 | K38: 12.5647 | L38: 8.0105 | M38: 7 | N38: 1 | O38: 4 | P38: 3 | Q38: 13 | R38: 4.3333 | S38: 0 | T38: 0.0737 | U38: 0.0105 | V38: 0.0632 | W38: 0.5524 | X38: 120.219 | Y38: 8.3939 | Z38: 279.048 | AA38: 79.4 | AB38: 40.7301 | AC38: 0.3879 | AD38: -0.0341 | AE38: 0.0218 | AF38: 0.0649 | AG38: 0.0327 | AH38: 0.1245 | AI38: 0.1188 | AJ38: -0.0187 | AK38: 6.8211 | AL38: -1.1158 | AM38: 2 | AN38: 1 | AO38: 0 | AP38: 0 | AQ38: 0 | AS38: 0.0067 | AT38: 0.7082 | AU38: =IF(A38<>"",INDEX(Index!$B$1:$B$77,MATCH($A38,Index!$A$1:$A$77,0)),"") -> DET | AV38: =IF(B38<>"",INDEX(Index!$C$1:$C$77,MATCH($A38,Index!$A$1:$A$77,0)),"") -> Goff | AW38: =IF(AT38<>"",COUNTIFS($AX$2:$AX$994,AX38,$Q$2:$Q$994,">"&$Q38)+1,"") -> 31 | AX38: 3
A39: Jalen Hurts | B39: 2025 | C39: 3 | D39: 1.6408 | E39: 0.28376 | G39: Jalen Hurts | H39: 55 | I39: 77 | J39: 0.7143 | K39: 9.9597 | L39: 6.2208 | M39: 3 | N39: 0 | O39: 7 | P39: 26 | Q39: 123 | R39: 4.7308 | S39: 4 | T39: 0.039 | U39: 0 | V39: 0.039 | W39: 0.4956 | X39: 100.514 | Y39: 5.9524 | Z39: 234.585 | AA39: 70.3 | AB39: 13.6828 | AC39: 0.1211 | AD39: 0.1102 | AE39: -0.0325 | AF39: 0.0578 | AG39: 0.0692 | AH39: -0.0184 | AI39: -0.1143 | AJ39: -0.0291 | AK39: 7.1818 | AL39: -1.6623 | AM39: 3 | AN39: 0 | AO39: 0 | AP39: 1 | AQ39: 1 | AR39: 1 | AS39: 0.0063 | AT39: 0.7122 | AU39: =IF(A39<>"",INDEX(Index!$B$1:$B$77,MATCH($A39,Index!$A$1:$A$77,0)),"") -> PHI | AV39: =IF(B39<>"",INDEX(Index!$C$1:$C$77,MATCH($A39,Index!$A$1:$A$77,0)),"") -> Hurts | AW39: =IF(AT39<>"",COUNTIFS($AX$2:$AX$994,AX39,$Q$2:$Q$994,">"&$Q39)+1,"") -> 2 | AX39: 3
A40: Baker Mayfield | B40: 2025 | C40: 3 | D40: 1.10562 | E40: 0.284508 | G40: Baker Mayfield | H40: 61 | I40: 99 | J40: 0.6162 | K40: -1.5863 | L40: 6.2121 | M40: 6 | N40: 0 | O40: 6 | P40: 10 | Q40: 118 | R40: 11.8 | S40: 0 | T40: 0.0606 | U40: 0 | V40: 0.0606 | W40: 0.4724 | X40: 99.516 | Y40: 6.619 | Z40: 233.724 | AA40: 72.9 | AB40: 30.5597 | AC40: 0.2406 | AD40: 0.0851 | AE40: 0.0264 | AF40: 0.0024 | AG40: 0.0692 | AH40: 0 | AI40: -0.0008 | AJ40: -0.0198 | AK40: 8.7879 | AL40: 0.1111 | AM40: 3 | AN40: 0 | AO40: 0 | AP40: 3 | AQ40: 3 | AR40: 1 | AS40: 0.011 | AT40: 1.3963 | AU40: =IF(A40<>"",INDEX(Index!$B$1:$B$77,MATCH($A40,Index!$A$1:$A$77,0)),"") -> TB | AV40: =IF(B40<>"",INDEX(Index!$C$1:$C$77,MATCH($A40,Index!$A$1:$A$77,0)),"") -> Mayfield | AW40: =IF(AT40<>"",COUNTIFS($AX$2:$AX$994,AX40,$Q$2:$Q$994,">"&$Q40)+1,"") -> 4 | AX40: 3
A41: Dak Prescott | B41: 2025 | C41: 3 | D41: 1.10487 | E41: -0.240181 | G41: -0.118442 | H41: 90 | I41: 125 | J41: 0.72 | K41: 4.3416 | L41: 6.4 | M41: 3 | N41: 3 | O41: 5 | P41: 3 | Q41: 20 | R41: 6.6667 | S41: 0 | T41: 0.024 | U41: 0.024 | V41: 0 | W41: 0.4552 | X41: 86.75 | Y41: 5.3077 | Z41: 192.721 | AA41: 58.8 | AB41: 18.5737 | AC41: 0.1281 | AD41: -0.0404 | AE41: 0.0405 | AF41: 0.0629 | AG41: -0.0259 | AH41: -0.0007 | AI41: -0.035 | AJ41: 0.0484 | AK41: 7.056 | AL41: -1.576 | AM41: 1 | AN41: 2 | AO41: 0 | AP41: 1 | AQ41: 2 | AR41: 0.5 | AS41: 0.007 | AT41: 1.017 | AU41: =IF(A41<>"",INDEX(Index!$B$1:$B$77,MATCH($A41,Index!$A$1:$A$77,0)),"") -> DAL | AV41: =IF(B41<>"",INDEX(Index!$C$1:$C$77,MATCH($A41,Index!$A$1:$A$77,0)),"") -> Prescott | AW41: =IF(AT41<>"",COUNTIFS($AX$2:$AX$994,AX41,$Q$2:$Q$994,">"&$Q41)+1,"") -> 25 | AX41: 3
A42: Joe Burrow | B42: 2025 | C42: 2 | D42: 1.00046 | E42: -0.726673 | G42: -1.36342 | H42: 21 | I42: 36 | J42: 0.5833 | K42: -1.5459 | L42: 5.25 | M42: 2 | N42: 0 | O42: 5 | P42: 2 | Q42: 3 | R42: 1.5 | S42: 0 | T42: 0.0556 | U42: 0 | V42: 0.0556 | W42: 0.4348 | X42: 91.088 | Y42: 4.9512 | Z42: 25.4633 | AA42: 55.5 | AB42: -0.9039 | AC42: -0.0196 | AD42: -0.071 | AE42: -0.0462 | AF42: -0.0558 | AG42: 0.0692 | AH42: 0.1899 | AI42: -0.1759 | AJ42: -0.0081 | AK42: 6.8611 | AL42: -1.0833 | AM42: 2 | AN42: 0 | AO42: 0 | AP42: 0 | AQ42: 0 | AS42: 0.0016 | AT42: 0.0748 | AU42: =IF(A42<>"",INDEX(Index!$B$1:$B$77,MATCH($A42,Index!$A$1:$A$77,0)),"") -> CIN | AV42: =IF(B42<>"",INDEX(Index!$C$1:$C$77,MATCH($A42,Index!$A$1:$A$77,0)),"") -> Burrow | AW42: =IF(AT42<>"",COUNTIFS($AX$2:$AX$994,AX42,$Q$2:$Q$994,">"&$Q42)+1,"") -> 36 | AX42: 3
A43: Kyler Murray | B43: 2025 | C43: 3 | D43: 0.983929 | E43: -0.0362018 | G43: -0.396044 | H43: 60 | I43: 89 | J43: 0.6742 | K43: -0.9858 | L43: 6.0899 | M43: 4 | N43: 1 | O43: 7 | P43: 19 | Q43: 109 | R43: 5.7368 | S43: 0 | T43: 0.0449 | U43: 0.0112 | V43: 0.0337 | W43: 0.472 | X43: 93.9373 | Y43: 5.5208 | Z43: 165.98 | AA43: 57.1 | AB43: 18.0983 | AC43: 0.1448 | AD43: -0.0058 | AE43: 0.0214 | AF43: 0.0383 | AG43: 0.0302 | AH43: -0.0645 | AI43: 0.0153 | AJ43: 0.0317 | AK43: 5.8989 | AL43: -3.0449 | AM43: 2 | AN43: 1 | AO43: 0 | AP43: 0 | AQ43: 1 | AR43: 0 | AS43: 0.0055 | AT43: 0.6828 | AU43: =IF(A43<>"",INDEX(Index!$B$1:$B$77,MATCH($A43,Index!$A$1:$A$77,0)),"") -> ARI | AV43: =IF(B43<>"",INDEX(Index!$C$1:$C$77,MATCH($A43,Index!$A$1:$A$77,0)),"") -> Murray | AW43: =IF(AT43<>"",COUNTIFS($AX$2:$AX$994,AX43,$Q$2:$Q$994,">"&$Q43)+1,"") -> 6 | AX43: 3
A44: Brock Purdy | B44: 2025 | C44: 1 | D44: 0.801824 | E44: 0.115067 | G44: 0.115067 | H44: 26 | I44: 35 | J44: 0.7429 | K44: 15.3415 | L44: 7.9143 | M44: 2 | N44: 2 | O44: 1 | P44: 3 | Q44: 19 | R44: 6.3333 | S44: 0 | T44: 0.0571 | U44: 0.0571 | V44: 0 | W44: 0.5952 | X44: 92.2024 | Y44: 5.9722 | Z44: 223.534 | AA44: 80.2 | AB44: 17.255 | AC44: 0.4108 | AD44: -0.0105 | AE44: 0.0559 | AF44: 0.075 | AG44: -0.1193 | AH44: 0.1589 | AI44: 0.1313 | AJ44: 0.0415 | AK44: 7.4286 | AL44: -0.6286 | AM44: 1 | AN44: 0 | AO44: 0 | AP44: 1 | AQ44: 1 | AR44: 1 | AS44: 0.0196 | AT44: 0.8245 | AU44: =IF(A44<>"",INDEX(Index!$B$1:$B$77,MATCH($A44,Index!$A$1:$A$77,0)),"") -> SF | AV44: =IF(B44<>"",INDEX(Index!$C$1:$C$77,MATCH($A44,Index!$A$1:$A$77,0)),"") -> Purdy | AW44: =IF(AT44<>"",COUNTIFS($AX$2:$AX$994,AX44,$Q$2:$Q$994,">"&$Q44)+1,"") -> 27 | AX44: 3
A45: Jayden Daniels | B45: 2025 | C45: 2 | D45: 0.790593 | E45: -0.368138 | G45: -0.348198 | H45: 43 | I45: 71 | J45: 0.6056 | K45: -4.7148 | L45: 6.0986 | M45: 3 | N45: 0 | O45: 7 | P45: 15 | Q45: 88 | R45: 5.8667 | S45: 0 | T45: 0.0423 | U45: 0 | V45: 0.0423 | W45: 0.44 | X45: 92.0481 | Y45: 5.7821 | Z45: 152.567 | AA45: 39 | AB45: -2.0758 | AC45: -0.0208 | AD45: -0.002 | AE45: 0.0051 | AF45: -0.0888 | AG45: 0.0692 | AH45: -0.0937 | AI45: 0.0163 | AJ45: -0.0049 | AK45: 7.8592 | AL45: -0.9014 | AM45: 1 | AN45: 1 | AO45: 0 | AP45: 0 | AQ45: 0 | AS45: -0.0013 | AT45: -0.1338 | AU45: =IF(A45<>"",INDEX(Index!$B$1:$B$77,MATCH($A45,Index!$A$1:$A$77,0)),"") -> WAS | AV45: =IF(B45<>"",INDEX(Index!$C$1:$C$77,MATCH($A45,Index!$A$1:$A$77,0)),"") -> Daniels | AW45: =IF(AT45<>"",COUNTIFS($AX$2:$AX$994,AX45,$Q$2:$Q$994,">"&$Q45)+1,"") -> 11 | AX45: 3
A46: Aaron Rodgers | B46: 2025 | C46: 3 | D46: 0.631865 | E46: -0.203808 | G46: -0.785075 | H46: 56 | I46: 86 | J46: 0.6512 | K46: 1.2169 | L46: 6.814 | M46: 7 | N46: 3 | O46: 7 | P46: 2 | Q46: 6 | R46: 3 | S46: 0 | T46: 0.0814 | U46: 0.0349 | V46: 0.0465 | W46: 0.4314 | X46: 97.3353 | Y46: 5.8602 | Z46: 129.461 | AA46: 44.8 | AB46: 8.7537 | AC46: 0.0858 | AD46: -0.0494 | AE46: 0.0122 | AF46: -0.0109 | AG46: -0.0548 | AH46: -0.1866 | AI46: 0.2407 | AJ46: 0.0565 | AK46: 5.1395 | AL46: -4.5233 | AM46: 2 | AN46: 1 | AO46: 0 | AP46: 1 | AQ46: 1 | AR46: 1 | AS46: 0.0029 | AT46: 0.3002 | AU46: =IF(A46<>"",INDEX(Index!$B$1:$B$77,MATCH($A46,Index!$A$1:$A$77,0)),"") -> GB | AV46: =IF(B46<>"",INDEX(Index!$C$1:$C$77,MATCH($A46,Index!$A$1:$A$77,0)),"") -> Rodgers | AW46: =IF(AT46<>"",COUNTIFS($AX$2:$AX$994,AX46,$Q$2:$Q$994,">"&$Q46)+1,"") -> 33 | AX46: 3
A47: Bo Nix | B47: 2025 | C47: 3 | D47: 0.533544 | E47: -0.266252 | G47: -0.474415 | H47: 61 | I47: 95 | J47: 0.6421 | K47: -2.4056 | L47: 5.6316 | M47: 5 | N47: 3 | O47: 3 | P47: 16 | Q47: 74 | R47: 4.625 | S47: 0 | T47: 0.0526 | U47: 0.0316 | V47: 0.0211 | W47: 0.3968 | X47: 83.443 | Y47: 4.9388 | Z47: 147.033 | AA47: 41.8 | AB47: -3.5007 | AC47: -0.0278 | AD47: -0.0632 | AE47: 0.0433 | AF47: 0.009 | AG47: -0.0279 | AH47: -0.1304 | AI47: 0.0838 | AJ47: -0.0204 | AK47: 6.6211 | AL47: -2.5263 | AM47: 1 | AN47: 2 | AO47: 0 | AP47: 0 | AQ47: 0 | AS47: 0.0005 | AT47: 0.0691 | AU47: =IF(A47<>"",INDEX(Index!$B$1:$B$77,MATCH($A47,Index!$A$1:$A$77,0)),"") -> DEN | AV47: =IF(B47<>"",INDEX(Index!$C$1:$C$77,MATCH($A47,Index!$A$1:$A$77,0)),"") -> Nix | AW47: =IF(AT47<>"",COUNTIFS($AX$2:$AX$994,AX47,$Q$2:$Q$994,">"&$Q47)+1,"") -> 14 | AX47: 3
A48: Tua Tagovailoa | B48: 2025 | C48: 3 | D48: 0.35938 | E48: -0.0723438 | G48: -0.946163 | H48: 62 | I48: 89 | J48: 0.6966 | K48: 2.3921 | L48: 6.4607 | M48: 5 | N48: 4 | O48: 8 | P48: 2 | Q48: 15 | R48: 7.5 | S48: 0 | T48: 0.0562 | U48: 0.0449 | V48: 0.0112 | W48: 0.434 | X48: 87.0552 | Y48: 4.7835 | Z48: 98.0107 | AA48: 35.8 | AB48: -7.7161 | AC48: -0.0728 | AD48: -0.0166 | AE48: -0.0439 | AF48: 0.0257 | AG48: -0.0794 | AH48: -0.0426 | AI48: 0.074 | AJ48: -0.0683 | AK48: 6.9775 | AL48: -1.7191 | AM48: 0 | AN48: 3 | AO48: 0 | AP48: 0 | AQ48: 2 | AR48: 0 | AS48: -0.0016 | AT48: -0.1737 | AU48: =IF(A48<>"",INDEX(Index!$B$1:$B$77,MATCH($A48,Index!$A$1:$A$77,0)),"") -> MIA | AV48: =IF(B48<>"",INDEX(Index!$C$1:$C$77,MATCH($A48,Index!$A$1:$A$77,0)),"") -> Tagovailoa | AW48: =IF(AT48<>"",COUNTIFS($AX$2:$AX$994,AX48,$Q$2:$Q$994,">"&$Q48)+1,"") -> 28 | AX48: 3
A49: Justin Herbert | B49: 2025 | C49: 3 | D49: 0.294356 | E49: -0.411695 | G49: 0.332105 | H49: 72 | I49: 108 | J49: 0.6667 | K49: -0.1334 | L49: 7.963 | M49: 6 | N49: 1 | O49: 10 | P49: 11 | Q49: 75 | R49: 6.8182 | S49: 0 | T49: 0.0556 | U49: 0.0093 | V49: 0.0463 | W49: 0.5109 | X49: 105.478 | Y49: 7.5 | Z49: 215.79 | AA49: 69.8 | AB49: 31.791 | AC49: 0.2321 | AD49: 0.0018 | AE49: -0.0193 | AF49: 0.0141 | AG49: 0.0451 | AH49: 0.1158 | AI49: 0.0146 | AJ49: -0.0181 | AK49: 9.3981 | AL49: 0.287 | AM49: 3 | AN49: 0 | AO49: 0 | AP49: 1 | AQ49: 1 | AR49: 1 | AS49: 0.0085 | AT49: 1.1645 | AU49: =IF(A49<>"",INDEX(Index!$B$1:$B$77,MATCH($A49,Index!$A$1:$A$77,0)),"") -> LAC | AV49: =IF(B49<>"",INDEX(Index!$C$1:$C$77,MATCH($A49,Index!$A$1:$A$77,0)),"") -> Herbert | AW49: =IF(AT49<>"",COUNTIFS($AX$2:$AX$994,AX49,$Q$2:$Q$994,">"&$Q49)+1,"") -> 13 | AX49: 3
A50: Daniel Jones | B50: 2025 | C50: 3 | D50: 0.0473395 | E50: 0.3346 | G50: 1.69396 | H50: 63 | I50: 88 | J50: 0.7159 | K50: 4.1594 | L50: 9.2727 | M50: 3 | N50: 0 | O50: 2 | P50: 17 | Q50: 55 | R50: 3.2353 | S50: 3 | T50: 0.0341 | U50: 0 | V50: 0.0341 | W50: 0.5982 | X50: 111.742 | Y50: 9.5111 | Z50: 315.5 | AA50: 85.8 | AB50: 46.8758 | AC50: 0.4185 | AD50: 0.0385 | AE50: 0.0707 | AF50: 0.0234 | AG50: 0.0692 | AH50: 0.0167 | AI50: 0.1148 | AJ50: 0.0071 | AK50: 7.9545 | AL50: -0.4205 | AM50: 3 | AN50: 0 | AO50: 0 | AP50: 1 | AQ50: 1 | AR50: 1 | AS50: 0.0074 | AT50: 0.8233 | AU50: =IF(A50<>"",INDEX(Index!$B$1:$B$77,MATCH($A50,Index!$A$1:$A$77,0)),"") -> IND | AV50: =IF(B50<>"",INDEX(Index!$C$1:$C$77,MATCH($A50,Index!$A$1:$A$77,0)),"") -> Jones | AW50: =IF(AT50<>"",COUNTIFS($AX$2:$AX$994,AX50,$Q$2:$Q$994,">"&$Q50)+1,"") -> 16 | AX50: 3
A51: Matthew Stafford | B51: 2025 | C51: 3 | D51: 0.040387 | E51: -0.129658 | G51: 0.0205383 | H51: 63 | I51: 95 | J51: 0.6632 | K51: 3.917 | L51: 7.7789 | M51: 5 | N51: 2 | O51: 5 | P51: 1 | Q51: 0 | R51: 0 | S51: 0 | T51: 0.0526 | U51: 0.0211 | V51: 0.0316 | W51: 0.4623 | X51: 98.5307 | Y51: 7.2 | Z51: 177.459 | AA51: 65.5 | AB51: 10.079 | AC51: 0.0951 | AD51: -0.0459 | AE51: 0.01 | AF51: -0.0222 | AG51: 0.0022 | AH51: 0.1173 | AI51: -0.0355 | AJ51: -0.0089 | AK51: 6.9579 | AL51: -1.1053 | AM51: 2 | AN51: 1 | AO51: 0 | AP51: 0 | AQ51: 1 | AR51: 0 | AS51: 0.0048 | AT51: 0.5102 | AU51: =IF(A51<>"",INDEX(Index!$B$1:$B$77,MATCH($A51,Index!$A$1:$A$77,0)),"") -> LAR | AV51: =IF(B51<>"",INDEX(Index!$C$1:$C$77,MATCH($A51,Index!$A$1:$A$77,0)),"") -> Stafford | AW51: =IF(AT51<>"",COUNTIFS($AX$2:$AX$994,AX51,$Q$2:$Q$994,">"&$Q51)+1,"") -> 37 | AX51: 3
A52: Russell Wilson | B52: 2025 | C52: 3 | D52: -0.0967456 | E52: -0.720884 | G52: -0.424373 | H52: 65 | I52: 110 | J52: 0.5909 | K52: -0.7915 | L52: 7.0727 | M52: 3 | N52: 3 | O52: 7 | P52: 16 | Q52: 94 | R52: 5.875 | S52: 0 | T52: 0.0273 | U52: 0.0273 | V52: 0 | W52: 0.4236 | X52: 78.5227 | Y52: 5.5983 | Z52: 140.059 | AA52: 34 | AB52: 3.798 | AC52: 0.0264 | AD52: -0.0354 | AE52: 0.0262 | AF52: -0.0996 | AG52: 0.008 | AH52: 0.0407 | AI52: -0.0544 | AJ52: 0.0628 | AK52: 9.3818 | AL52: 0.4636 | AM52: 0 | AN52: 3 | AO52: 0 | AP52: 0 | AQ52: 2 | AR52: 0 | AS52: 0.0081 | AT52: 1.1621 | AU52: =IF(A52<>"",INDEX(Index!$B$1:$B$77,MATCH($A52,Index!$A$1:$A$77,0)),"") -> NYG | AV52: =IF(B52<>"",INDEX(Index!$C$1:$C$77,MATCH($A52,Index!$A$1:$A$77,0)),"") -> Wilson | AW52: =IF(AT52<>"",COUNTIFS($AX$2:$AX$994,AX52,$Q$2:$Q$994,">"&$Q52)+1,"") -> 9 | AX52: 3
A53: Jordan Love | B53: 2025 | C53: 3 | D53: -0.204211 | E53: -0.421151 | G53: -0.00875977 | H53: 53 | I53: 78 | J53: 0.6795 | K53: 6.7647 | L53: 8.5 | M53: 5 | N53: 1 | O53: 7 | P53: 6 | Q53: 38 | R53: 6.3333 | S53: 0 | T53: 0.0641 | U53: 0.0128 | V53: 0.0513 | W53: 0.4949 | X53: 110.15 | Y53: 7.7765 | Z53: 172.768 | AA53: 66 | AB53: 24.7047 | AC53: 0.2495 | AD53: 0.0171 | AE53: -0.0243 | AF53: -0.016 | AG53: 0.0107 | AH53: 0.1536 | AI53: 0.0199 | AJ53: 0.0106 | AK53: 9.0897 | AL53: 0.3077 | AM53: 2 | AN53: 1 | AO53: 0 | AP53: 0 | AQ53: 0 | AS53: 0.0077 | AT53: 0.7627 | AU53: =IF(A53<>"",INDEX(Index!$B$1:$B$77,MATCH($A53,Index!$A$1:$A$77,0)),"") -> GB | AV53: =IF(B53<>"",INDEX(Index!$C$1:$C$77,MATCH($A53,Index!$A$1:$A$77,0)),"") -> Love | AW53: =IF(AT53<>"",COUNTIFS($AX$2:$AX$994,AX53,$Q$2:$Q$994,">"&$Q53)+1,"") -> 21 | AX53: 3
A54: Drake Maye | B54: 2025 | C54: 3 | D54: -0.25673 | E54: 0.179464 | G54: 0.443908 | H54: 77 | I54: 106 | J54: 0.7264 | K54: 6.8655 | L54: 7.4057 | M54: 5 | N54: 2 | O54: 12 | P54: 17 | Q54: 90 | R54: 5.2941 | S54: 1 | T54: 0.0472 | U54: 0.0189 | V54: 0.0283 | W54: 0.5106 | X54: 101.337 | Y54: 6.3305 | Z54: 199.284 | AA54: 57.5 | AB54: 28.1336 | AC54: 0.1995 | AD54: 0.0004 | AE54: -0.0399 | AF54: 0.0805 | AG54: 0.0116 | AH54: 0.0619 | AI54: -0.0157 | AJ54: 0.0226 | AK54: 6.5472 | AL54: -2.4057 | AM54: 1 | AN54: 2 | AO54: 0 | AP54: 0 | AQ54: 2 | AR54: 0 | AS54: 0.0047 | AT54: 0.6604 | AU54: =IF(A54<>"",INDEX(Index!$B$1:$B$77,MATCH($A54,Index!$A$1:$A$77,0)),"") -> NE | AV54: =IF(B54<>"",INDEX(Index!$C$1:$C$77,MATCH($A54,Index!$A$1:$A$77,0)),"") -> Maye | AW54: =IF(AT54<>"",COUNTIFS($AX$2:$AX$994,AX54,$Q$2:$Q$994,">"&$Q54)+1,"") -> 10 | AX54: 3
A55: Justin Fields | B55: 2025 | C55: 2 | D55: -0.312302 | E55: -0.629817 | G55: 0.0302734 | H55: 19 | I55: 33 | J55: 0.5758 | K55: -5.0894 | L55: 7.4242 | M55: 1 | N55: 0 | O55: 3 | P55: 17 | Q55: 97 | R55: 5.7059 | S55: 2 | T55: 0.0303 | U55: 0 | V55: 0.0303 | W55: 0.4906 | X55: 91.0985 | Y55: 6.6667 | Z55: 178.37 | AA55: 39 | AB55: 0.8278 | AC55: 0.0156 | AD55: -0.0475 | AE55: -0.0069 | AF55: 0.0262 | AG55: 0.0692 | AH55: 0.0376 | AI55: -0.114 | AJ55: -0.0272 | AK55: 7.9394 | AL55: -1 | AM55: 0 | AN55: 2 | AO55: 0 | AP55: 0 | AQ55: 1 | AR55: 0 | AS55: -0.0002 | AT55: -0.0105 | AU55: =IF(A55<>"",INDEX(Index!$B$1:$B$77,MATCH($A55,Index!$A$1:$A$77,0)),"") -> NYJ | AV55: =IF(B55<>"",INDEX(Index!$C$1:$C$77,MATCH($A55,Index!$A$1:$A$77,0)),"") -> Fields | AW55: =IF(AT55<>"",COUNTIFS($AX$2:$AX$994,AX55,$Q$2:$Q$994,">"&$Q55)+1,"") -> 8 | AX55: 3
A56: Caleb Williams | B56: 2025 | C56: 3 | D56: -0.421539 | E56: 0.782082 | G56: 1.08452 | H56: 59 | I56: 93 | J56: 0.6344 | K56: -3.1906 | L56: 7.6882 | M56: 7 | N56: 1 | O56: 6 | P56: 14 | Q56: 99 | R56: 7.0714 | S56: 1 | T56: 0.0753 | U56: 0.0108 | V56: 0.0645 | W56: 0.4344 | X56: 107.594 | Y56: 7.7677 | Z56: 248.331 | AA56: 66.7 | AB56: 11.3306 | AC56: 0.0929 | AD56: -0.0119 | AE56: 0.0254 | AF56: -0.0364 | AG56: 0.0448 | AH56: 0.0497 | AI56: -0.0173 | AJ56: -0.0395 | AK56: 8.7634 | AL56: -1.8817 | AM56: 1 | AN56: 2 | AO56: 0 | AP56: 0 | AQ56: 1 | AR56: 0 | AS56: 0.0027 | AT56: 0.3237 | AU56: =IF(A56<>"",INDEX(Index!$B$1:$B$77,MATCH($A56,Index!$A$1:$A$77,0)),"") -> CHI | AV56: =IF(B56<>"",INDEX(Index!$C$1:$C$77,MATCH($A56,Index!$A$1:$A$77,0)),"") -> Williams | AW56: =IF(AT56<>"",COUNTIFS($AX$2:$AX$994,AX56,$Q$2:$Q$994,">"&$Q56)+1,"") -> 7 | AX56: 3
A57: Sam Darnold | B57: 2025 | C57: 3 | D57: -0.618578 | E57: 0.383721 | G57: 0.358728 | H57: 52 | I57: 73 | J57: 0.7123 | K57: 11.5619 | L57: 9.0822 | M57: 4 | N57: 2 | O57: 3 | P57: 2 | Q57: 14 | R57: 7 | S57: 0 | T57: 0.0548 | U57: 0.0274 | V57: 0.0274 | W57: 0.5556 | X57: 106.136 | Y57: 8.3158 | Z57: 182.94 | AA57: 61.1 | AB57: 14.0239 | AC57: 0.1731 | AD57: -0.0227 | AE57: 0.0053 | AF57: 0.0618 | AG57: -0.0639 | AH57: 0.0653 | AI57: 0.0368 | AJ57: 0.0125 | AK57: 8.4932 | AL57: -1.0822 | AM57: 2 | AN57: 1 | AO57: 0 | AP57: 0 | AQ57: 1 | AR57: 0 | AS57: -0.0038 | AT57: -0.3074 | AU57: =IF(A57<>"",INDEX(Index!$B$1:$B$77,MATCH($A57,Index!$A$1:$A$77,0)),"") -> SEA | AV57: =IF(B57<>"",INDEX(Index!$C$1:$C$77,MATCH($A57,Index!$A$1:$A$77,0)),"") -> Darnold | AW57: =IF(AT57<>"",COUNTIFS($AX$2:$AX$994,AX57,$Q$2:$Q$994,">"&$Q57)+1,"") -> 29 | AX57: 3
A58: Geno Smith | B58: 2025 | C58: 3 | D58: -0.786306 | E58: 0.166906 | G58: -0.711562 | H58: 67 | I58: 105 | J58: 0.6381 | K58: -0.4552 | L58: 7.9143 | M58: 4 | N58: 4 | O58: 12 | P58: 8 | Q58: 36 | R58: 4.5 | S58: 0 | T58: 0.0381 | U58: 0.0381 | V58: 0 | W58: 0.4198 | X58: 85.0595 | Y58: 5.5043 | Z58: 93.6419 | AA58: 47.3 | AB58: 8.1925 | AC58: 0.0625 | AD58: 0.0046 | AE58: -0.0555 | AF58: 0.0236 | AG58: -0.0408 | AH58: 0.0323 | AI58: 0.0429 | AJ58: -0.0225 | AK58: 9.019 | AL58: 0.1048 | AM58: 1 | AN58: 2 | AO58: 0 | AP58: 0 | AQ58: 0 | AS58: -0.0003 | AT58: -0.0395 | AU58: =IF(A58<>"",INDEX(Index!$B$1:$B$77,MATCH($A58,Index!$A$1:$A$77,0)),"") -> LV | AV58: =IF(B58<>"",INDEX(Index!$C$1:$C$77,MATCH($A58,Index!$A$1:$A$77,0)),"") -> Smith | AW58: =IF(AT58<>"",COUNTIFS($AX$2:$AX$994,AX58,$Q$2:$Q$994,">"&$Q58)+1,"") -> 22 | AX58: 3
A59: Marcus Mariota | B59: 2025 | C59: 1 | D59: -0.960002 | E59: 0.489584 | G59: 0.489584 | H59: 15 | I59: 20 | J59: 0.75 | K59: 14.5728 | L59: 10.35 | M59: 1 | N59: 0 | O59: 1 | P59: 6 | Q59: 40 | R59: 6.6667 | S59: 1 | T59: 0.05 | U59: 0 | V59: 0.05 | W59: 0.5333 | X59: 124.375 | Y59: 10.4286 | Z59: 278.15 | AA59: 54.9 | AB59: 7.5631 | AC59: 0.2521 | AD59: -0.1009 | AE59: 0.0507 | AF59: 0.0232 | AG59: 0.0692 | AH59: -0.0047 | AI59: 0.2073 | AJ59: -0.0708 | AK59: 7.85 | AL59: -2.8 | AM59: 1 | AN59: 0 | AO59: 0 | AP59: 0 | AQ59: 0 | AS59: 0.0012 | AT59: 0.035 | AU59: =IF(A59<>"",INDEX(Index!$B$1:$B$77,MATCH($A59,Index!$A$1:$A$77,0)),"") -> WAS | AV59: =IF(B59<>"",INDEX(Index!$C$1:$C$77,MATCH($A59,Index!$A$1:$A$77,0)),"") -> Mariota | AW59: =IF(AT59<>"",COUNTIFS($AX$2:$AX$994,AX59,$Q$2:$Q$994,">"&$Q59)+1,"") -> 20 | AX59: 3
A60: Trevor Lawrence | B60: 2025 | C60: 3 | D60: -1.00742 | E60: -0.404966 | G60: -0.610718 | H60: 63 | I60: 112 | J60: 0.5625 | K60: -8.9717 | L60: 5.9911 | M60: 4 | N60: 4 | O60: 3 | P60: 4 | Q60: 27 | R60: 6.75 | S60: 0 | T60: 0.0357 | U60: 0.0357 | V60: 0 | W60: 0.4472 | X60: 70.9449 | Y60: 4.7304 | Z60: 102.603 | AA60: 43 | AB60: 0.862 | AC60: 0.007 | AD60: -0.0168 | AE60: 0.0772 | AF60: -0.0842 | AG60: -0.0455 | AH60: -0.0263 | AI60: 0.0381 | AJ60: -0.0135 | AK60: 7.5536 | AL60: -1.3482 | AM60: 2 | AN60: 1 | AO60: 0 | AP60: 0 | AQ60: 1 | AR60: 0 | AS60: -0.0001 | AT60: -0.0072 | AU60: =IF(A60<>"",INDEX(Index!$B$1:$B$77,MATCH($A60,Index!$A$1:$A$77,0)),"") -> JAX | AV60: =IF(B60<>"",INDEX(Index!$C$1:$C$77,MATCH($A60,Index!$A$1:$A$77,0)),"") -> Lawrence | AW60: =IF(AT60<>"",COUNTIFS($AX$2:$AX$994,AX60,$Q$2:$Q$994,">"&$Q60)+1,"") -> 24 | AX60: 3
A61: Mac Jones | B61: 2025 | C61: 2 | D61: -1.3138 | E61: 0.0822845 | G61: 0.488798 | H61: 53 | I61: 78 | J61: 0.6795 | K61: -0.187 | L61: 7.2179 | M61: 4 | N61: 1 | O61: 4 | P61: 3 | Q61: 9 | R61: 3 | S61: 0 | T61: 0.0513 | U61: 0.0128 | V61: 0.0385 | W61: 0.5333 | X61: 100.534 | Y61: 7.122 | Z61: 203.774 | AA61: 66 | AB61: 7.0353 | AC61: 0.0782 | AD61: -0.0279 | AE61: -0.0173 | AF61: -0.0261 | AG61: 0.0229 | AH61: 0.1161 | AI61: -0.0617 | AJ61: -0.006 | AK61: 7.2179 | AL61: -1.8846 | AM61: 2 | AN61: 0 | AO61: 0 | AP61: 1 | AQ61: 1 | AR61: 1 | AS61: 0.0052 | AT61: 0.4716 | AU61: =IF(A61<>"",INDEX(Index!$B$1:$B$77,MATCH($A61,Index!$A$1:$A$77,0)),"") -> SF | AV61: =IF(B61<>"",INDEX(Index!$C$1:$C$77,MATCH($A61,Index!$A$1:$A$77,0)),"") -> Jones | AW61: =IF(AT61<>"",COUNTIFS($AX$2:$AX$994,AX61,$Q$2:$Q$994,">"&$Q61)+1,"") -> 32 | AX61: 3
A62: Bryce Young | B62: 2025 | C62: 3 | D62: -1.52243 | E62: -0.0587927 | G62: -0.18428 | H62: 69 | I62: 114 | J62: 0.6053 | K62: -5.1923 | L62: 5.2895 | M62: 4 | N62: 3 | O62: 5 | P62: 7 | Q62: 52 | R62: 7.4286 | S62: 1 | T62: 0.0351 | U62: 0.0263 | V62: 0.0088 | W62: 0.4632 | X62: 75.2924 | Y62: 4.2353 | Z62: 117.44 | AA62: 42.5 | AB62: -1.2448 | AC62: -0.0092 | AD62: -0.0126 | AE62: -0.0068 | AF62: -0.0661 | AG62: -0.0129 | AH62: -0.0425 | AI62: 0.005 | AJ62: 0.0488 | AK62: 6.8158 | AL62: -1.5439 | AM62: 1 | AN62: 2 | AO62: 0 | AP62: 0 | AQ62: 1 | AR62: 0 | AS62: -0.004 | AT62: -0.5426 | AU62: =IF(A62<>"",INDEX(Index!$B$1:$B$77,MATCH($A62,Index!$A$1:$A$77,0)),"") -> CAR | AV62: =IF(B62<>"",INDEX(Index!$C$1:$C$77,MATCH($A62,Index!$A$1:$A$77,0)),"") -> Young | AW62: =IF(AT62<>"",COUNTIFS($AX$2:$AX$994,AX62,$Q$2:$Q$994,">"&$Q62)+1,"") -> 18 | AX62: 3
A63: Tyrod Taylor | B63: 2025 | C63: 1 | D63: -1.65971 | E63: 0.0537653 | G63: 0.0537653 | H63: 33 | I63: 46 | J63: 0.7174 | K63: 6.0672 | L63: 5.5 | M63: 3 | N63: 1 | O63: 6 | P63: 10 | Q63: 70 | R63: 7 | S63: 0 | T63: 0.0652 | U63: 0.0217 | V63: 0.0435 | W63: 0.5 | X63: 97.4638 | Y63: 4.4038 | Z63: 146.067 | AA63: 54.1 | AB63: 2.0386 | AC63: 0.0309 | AD63: -0.0117 | AE63: -0.0415 | AF63: 0.0397 | AG63: -0.047 | AH63: -0.0262 | AI63: 0.0237 | AJ63: 0.0159 | AK63: 5.2174 | AL63: -3.0217 | AM63: 0 | AN63: 2 | AO63: 0 | AP63: 0 | AQ63: 0 | AS63: -0.0036 | AT63: -0.2396 | AU63: =IF(A63<>"",INDEX(Index!$B$1:$B$77,MATCH($A63,Index!$A$1:$A$77,0)),"") -> NYJ | AV63: =IF(B63<>"",INDEX(Index!$C$1:$C$77,MATCH($A63,Index!$A$1:$A$77,0)),"") -> Taylor | AW63: =IF(AT63<>"",COUNTIFS($AX$2:$AX$994,AX63,$Q$2:$Q$994,">"&$Q63)+1,"") -> 15 | AX63: 3
A64: Jake Browning | B64: 2025 | C64: 1 | D64: -1.67467 | E64: -0.495524 | G64: -0.495524 | H64: 40 | I64: 59 | J64: 0.678 | K64: 2.1317 | L64: 6.4576 | M64: 3 | N64: 5 | O64: 4 | P64: 2 | Q64: 4 | R64: 2 | S64: 1 | T64: 0.0508 | U64: 0.0847 | V64: -0.0339 | W64: 0.4348 | X64: 67.1257 | Y64: 3 | Z64: 1.6782 | AA64: 50.2 | AB64: -28.0136 | AC64: -0.406 | AD64: 0.0036 | AE64: -0.0097 | AF64: 0.0783 | AG64: -0.3256 | AH64: -0.1047 | AI64: -0.1553 | AJ64: 0.0294 | AK64: 6.9661 | AL64: -1.8305 | AM64: 1 | AN64: 1 | AO64: 0 | AP64: 1 | AQ64: 1 | AR64: 1 | AS64: 0.003 | AT64: 0.2055 | AU64: =IF(A64<>"",INDEX(Index!$B$1:$B$77,MATCH($A64,Index!$A$1:$A$77,0)),"") -> CIN | AV64: =IF(B64<>"",INDEX(Index!$C$1:$C$77,MATCH($A64,Index!$A$1:$A$77,0)),"") -> Browning | AW64: =IF(AT64<>"",COUNTIFS($AX$2:$AX$994,AX64,$Q$2:$Q$994,">"&$Q64)+1,"") -> 34 | AX64: 3
A65: Joe Flacco | B65: 2025 | C65: 3 | D65: -1.95528 | E65: -0.487154 | G65: -0.775249 | H65: 77 | I65: 125 | J65: 0.616 | K65: -1.1631 | L65: 5.048 | M65: 2 | N65: 4 | O65: 6 | P65: 3 | Q65: 14 | R65: 4.6667 | S65: 0 | T65: 0.016 | U65: 0.032 | V65: -0.016 | W65: 0.3784 | X65: 66.45 | Y65: 3.4427 | Z65: 67.6935 | AA65: 37.5 | AB65: -34.5095 | AC65: -0.2332 | AD65: -0.0253 | AE65: -0.0099 | AF65: -0.0368 | AG65: -0.0324 | AH65: -0.1465 | AI65: -0.0451 | AJ65: -0.0153 | AK65: 6.68 | AL65: -2.248 | AM65: 1 | AN65: 2 | AO65: 0 | AP65: 1 | AQ65: 2 | AR65: 0.5 | AS65: -0.0075 | AT65: -1.1047 | AU65: =IF(A65<>"",INDEX(Index!$B$1:$B$77,MATCH($A65,Index!$A$1:$A$77,0)),"") -> CIN | AV65: =IF(B65<>"",INDEX(Index!$C$1:$C$77,MATCH($A65,Index!$A$1:$A$77,0)),"") -> Flacco | AW65: =IF(AT65<>"",COUNTIFS($AX$2:$AX$994,AX65,$Q$2:$Q$994,">"&$Q65)+1,"") -> 29 | AX65: 3
A66: Carson Wentz | B66: 2025 | C66: 1 | D66: -2.17759 | E66: 0.0435849 | G66: 0.0435849 | H66: 14 | I66: 20 | J66: 0.7 | K66: 3.8361 | L66: 8.65 | M66: 2 | N66: 0 | O66: 3 | P66: 2 | Q66: 4 | R66: 2 | S66: 0 | T66: 0.1 | U66: 0 | V66: 0.1 | W66: 0.6 | X66: 129.792 | Y66: 8.4348 | Z66: 130.513 | AA66: 34.8 | AB66: 7.3573 | AC66: 0.2943 | AD66: -0.1187 | AE66: -0.0888 | AF66: 0.1158 | AG66: 0.0692 | AH66: 0.1584 | AI66: 0.1075 | AJ66: -0.0272 | AK66: 9.05 | AL66: -1.5 | AM66: 1 | AN66: 0 | AO66: 0 | AP66: 0 | AQ66: 0 | AS66: 0.0004 | AT66: 0.0105 | AU66: =IF(A66<>"",INDEX(Index!$B$1:$B$77,MATCH($A66,Index!$A$1:$A$77,0)),"") -> MIN | AV66: =IF(B66<>"",INDEX(Index!$C$1:$C$77,MATCH($A66,Index!$A$1:$A$77,0)),"") -> Wentz | AW66: =IF(AT66<>"",COUNTIFS($AX$2:$AX$994,AX66,$Q$2:$Q$994,">"&$Q66)+1,"") -> 34 | AX66: 3
A67: C.J. Stroud | B67: 2025 | C67: 3 | D67: -2.21572 | E67: -0.163704 | G67: -0.464205 | H67: 57 | I67: 88 | J67: 0.6477 | K67: -2.3105 | L67: 6.8068 | M67: 2 | N67: 3 | O67: 8 | P67: 11 | Q67: 82 | R67: 7.4545 | S67: 0 | T67: 0.0227 | U67: 0.0341 | V67: -0.0114 | W67: 0.4348 | X67: 77.7936 | Y67: 4.3958 | Z67: 82.0053 | AA67: 40.1 | AB67: -12.722 | AC67: -0.1106 | AD67: 0.0346 | AE67: -0.0411 | AF67: 0.007 | AG67: -0.0245 | AH67: -0.0165 | AI67: -0.1191 | AJ67: -0.029 | AK67: 7.4432 | AL67: -1.6364 | AM67: 0 | AN67: 3 | AO67: 0 | AP67: 0 | AQ67: 3 | AR67: 0 | AS67: -0.0048 | AT67: -0.5469 | AU67: =IF(A67<>"",INDEX(Index!$B$1:$B$77,MATCH($A67,Index!$A$1:$A$77,0)),"") -> HOU | AV67: =IF(B67<>"",INDEX(Index!$C$1:$C$77,MATCH($A67,Index!$A$1:$A$77,0)),"") -> Stroud | AW67: =IF(AT67<>"",COUNTIFS($AX$2:$AX$994,AX67,$Q$2:$Q$994,">"&$Q67)+1,"") -> 12 | AX67: 3
A68: Michael Penix Jr. | B68: 2025 | C68: 3 | D68: -2.31756 | E68: -0.518494 | G68: -0.427557 | H68: 58 | I68: 99 | J68: 0.5859 | K68: -8.582 | L68: 6.1111 | M68: 1 | N68: 2 | O68: 4 | P68: 6 | Q68: 31 | R68: 5.1667 | S68: 1 | T68: 0.0101 | U68: 0.0202 | V68: -0.0101 | W68: 0.4261 | X68: 71.3173 | Y68: 4.8447 | Z68: 90.2096 | AA68: 47.9 | AB68: -10.4599 | AC68: -0.091 | AD68: 0.0215 | AE68: 0.0336 | AF68: -0.0606 | AG68: -0.0358 | AH68: -0.0884 | AI68: -0.0268 | AJ68: -0.0132 | AK68: 7.2323 | AL68: -1.6465 | AM68: 1 | AN68: 2 | AO68: 0 | AP68: 0 | AQ68: 1 | AR68: 0 | AS68: 0.0026 | AT68: 0.2989 | AU68: =IF(A68<>"",INDEX(Index!$B$1:$B$77,MATCH($A68,Index!$A$1:$A$77,0)),"") -> ATL | AV68: =IF(B68<>"",INDEX(Index!$C$1:$C$77,MATCH($A68,Index!$A$1:$A$77,0)),"") -> Penix | AW68: =IF(AT68<>"",COUNTIFS($AX$2:$AX$994,AX68,$Q$2:$Q$994,">"&$Q68)+1,"") -> 23 | AX68: 3
A69: Spencer Rattler | B69: 2025 | C69: 3 | D69: -2.39974 | E69: 0.203757 | G69: 0.928464 | H69: 80 | I69: 117 | J69: 0.6838 | K69: 1.8187 | L69: 5.4615 | M69: 4 | N69: 1 | O69: 6 | P69: 10 | Q69: 53 | R69: 5.3 | S69: 0 | T69: 0.0342 | U69: 0.0085 | V69: 0.0256 | W69: 0.4792 | X69: 89.6546 | Y69: 5.1545 | Z69: 187.185 | AA69: 51.8 | AB69: -1.5203 | AC69: -0.0106 | AD69: 0.0028 | AE69: 0.0302 | AF69: -0.0215 | AG69: 0.0579 | AH69: -0.0879 | AI69: -0.0612 | AJ69: -0.0089 | AK69: 7.6923 | AL69: -0.7521 | AM69: 0 | AN69: 3 | AO69: 0 | AP69: 0 | AQ69: 2 | AR69: 0 | AS69: -0.0022 | AT69: -0.3169 | AU69: =IF(A69<>"",INDEX(Index!$B$1:$B$77,MATCH($A69,Index!$A$1:$A$77,0)),"") -> NO | AV69: =IF(B69<>"",INDEX(Index!$C$1:$C$77,MATCH($A69,Index!$A$1:$A$77,0)),"") -> Rattler | AW69: =IF(AT69<>"",COUNTIFS($AX$2:$AX$994,AX69,$Q$2:$Q$994,">"&$Q69)+1,"") -> 17 | AX69: 3
A70: J.J. McCarthy | B70: 2025 | C70: 2 | D70: -2.52787 | E70: -0.980645 | G70: -0.893074 | H70: 24 | I70: 41 | J70: 0.5854 | K70: -7.2813 | L70: 7.3415 | M70: 2 | N70: 3 | O70: 9 | P70: 6 | Q70: 50 | R70: 8.3333 | S70: 1 | T70: 0.0488 | U70: 0.0732 | V70: -0.0244 | W70: 0.4237 | X70: 67.2256 | Y70: 3.18 | Z70: -1.2098 | AA70: 20.6 | AB70: -17.2662 | AC70: -0.2926 | AD70: 0.0565 | AE70: -0.2077 | AF70: -0.0004 | AG70: -0.2294 | AH70: 0.0292 | AI70: -0.08 | AJ70: 0.0611 | AK70: 9 | AL70: -0.3171 | AM70: 1 | AN70: 1 | AO70: 0 | AP70: 1 | AQ70: 2 | AR70: 0.5 | AS70: -0.0021 | AT70: -0.1216 | AU70: =IF(A70<>"",INDEX(Index!$B$1:$B$77,MATCH($A70,Index!$A$1:$A$77,0)),"") -> MIN | AV70: =IF(B70<>"",INDEX(Index!$C$1:$C$77,MATCH($A70,Index!$A$1:$A$77,0)),"") -> McCarthy | AW70: =IF(AT70<>"",COUNTIFS($AX$2:$AX$994,AX70,$Q$2:$Q$994,">"&$Q70)+1,"") -> 19 | AX70: 3
A71: Cam Ward | B71: 2025 | C71: 3 | D71: -2.97673 | E71: -0.225889 | G71: -1.47174 | H71: 54 | I71: 99 | J71: 0.5455 | K71: -5.4802 | L71: 5.1111 | M71: 2 | N71: 1 | O71: 15 | P71: 7 | Q71: 20 | R71: 2.8571 | S71: 0 | T71: 0.0202 | U71: 0.0101 | V71: 0.0101 | W71: 0.3615 | X71: 71.3594 | Y71: 3.4737 | Z71: -24.8209 | AA71: 23.4 | AB71: -30.73 | AC71: -0.2364 | AD71: -0.0267 | AE71: -0.1033 | AF71: -0.0632 | AG71: 0.0087 | AH71: -0.0271 | AI71: -0.0819 | AJ71: -0.0209 | AK71: 7.0808 | AL71: -3.0303 | AM71: 0 | AN71: 3 | AO71: 0 | AP71: 0 | AQ71: 2 | AR71: 0 | AS71: -0.0096 | AT71: -1.2529 | AU71: =IF(A71<>"",INDEX(Index!$B$1:$B$77,MATCH($A71,Index!$A$1:$A$77,0)),"") -> TEN | AV71: =IF(B71<>"",INDEX(Index!$C$1:$C$77,MATCH($A71,Index!$A$1:$A$77,0)),"") -> Ward | AW71: =IF(AT71<>"",COUNTIFS($AX$2:$AX$994,AX71,$Q$2:$Q$994,">"&$Q71)+1,"") -> 25 | AX71: 3
A72: Josh Allen | B72: 2025 | C72: 4 | D72: 3.81104 | E72: -0.130883 | G72: 0.373385 | H72: 85 | I72: 120 | J72: 0.7083 | K72: 4.9731 | L72: 8.0333 | M72: 7 | N72: 1 | O72: 7 | P72: 23 | Q72: 168 | R72: 7.3043 | S72: 3 | T72: 0.0583 | U72: 0.0083 | V72: 0.05 | W72: 0.5094 | X72: 110.556 | Y72: 8.0709 | Z72: 299.988 | AA72: 77.6 | AB72: 56.48 | AC72: 0.3552 | AD72: 0.0826 | AE72: 0.0515 | AF72: 0.0449 | AG72: 0.0655 | AH72: -0.097 | AI72: 0.1039 | AJ72: 0.0221 | AK72: 7.1333 | AL72: -1.475 | AM72: 4 | AN72: 0 | AO72: 0 | AP72: 1 | AQ72: 1 | AR72: 1 | AS72: 0.01 | AT72: 1.591 | AU72: =IF(A72<>"",INDEX(Index!$B$1:$B$77,MATCH($A72,Index!$A$1:$A$77,0)),"") -> BUF | AV72: =IF(B72<>"",INDEX(Index!$C$1:$C$77,MATCH($A72,Index!$A$1:$A$77,0)),"") -> Allen | AW72: =IF(AT72<>"",COUNTIFS($AX$2:$AX$994,AX72,$Q$2:$Q$994,">"&$Q72)+1,"") -> 3 | AX72: 4
A73: Lamar Jackson | B73: 2025 | C73: 4 | D73: 3.18483 | E73: -0.523608 | G73: -0.372443 | H73: 68 | I73: 95 | J73: 0.7158 | K73: 9.0829 | L73: 9.1474 | M73: 10 | N73: 1 | O73: 15 | P73: 21 | Q73: 166 | R73: 7.9048 | S73: 1 | T73: 0.1053 | U73: 0.0105 | V73: 0.0947 | W73: 0.5182 | X73: 130.548 | Y73: 8.3727 | Z73: 241.332 | AA73: 72.6 | AB73: 37.9327 | AC73: 0.2769 | AD73: 0.0524 | AE73: -0.0946 | AF73: 0.0563 | AG73: 0.0414 | AH73: 0.1515 | AI73: 0.0044 | AJ73: -0.0162 | AK73: 8.8211 | AL73: -0.5684 | AM73: 1 | AN73: 3 | AO73: 0 | AP73: 0 | AQ73: 1 | AR73: 0 | AS73: 0.0046 | AT73: 0.6362 | AU73: =IF(A73<>"",INDEX(Index!$B$1:$B$77,MATCH($A73,Index!$A$1:$A$77,0)),"") -> BAL | AV73: =IF(B73<>"",INDEX(Index!$C$1:$C$77,MATCH($A73,Index!$A$1:$A$77,0)),"") -> Jackson | AW73: =IF(AT73<>"",COUNTIFS($AX$2:$AX$994,AX73,$Q$2:$Q$994,">"&$Q73)+1,"") -> 4 | AX73: 4
A74: Patrick Mahomes | B74: 2025 | C74: 4 | D74: 2.41232 | E74: 0.432896 | G74: 0.230419 | H74: 87 | I74: 141 | J74: 0.617 | K74: -1.7838 | L74: 6.6596 | M74: 7 | N74: 1 | O74: 7 | P74: 19 | Q74: 133 | R74: 7 | S74: 2 | T74: 0.0496 | U74: 0.0071 | V74: 0.0426 | W74: 0.4775 | X74: 94.8434 | Y74: 6.6351 | Z74: 246.716 | AA74: 75.1 | AB74: 35.1891 | AC74: 0.1977 | AD74: 0.024 | AE74: 0.0431 | AF74: -0.0145 | AG74: 0.0344 | AH74: 0.0182 | AI74: 0.0185 | AJ74: -0.0075 | AK74: 8.2128 | AL74: 0.1348 | AM74: 2 | AN74: 2 | AO74: 0 | AP74: 0 | AQ74: 2 | AR74: 0 | AS74: 0.004 | AT74: 0.7192 | AU74: =IF(A74<>"",INDEX(Index!$B$1:$B$77,MATCH($A74,Index!$A$1:$A$77,0)),"") -> KC | AV74: =IF(B74<>"",INDEX(Index!$C$1:$C$77,MATCH($A74,Index!$A$1:$A$77,0)),"") -> Mahomes | AW74: =IF(AT74<>"",COUNTIFS($AX$2:$AX$994,AX74,$Q$2:$Q$994,">"&$Q74)+1,"") -> 6 | AX74: 4
A75: Dak Prescott | B75: 2025 | C75: 4 | D75: 1.93084 | E75: 0.825782 | G75: 0.707361 | H75: 121 | I75: 165 | J75: 0.7333 | K75: 6.5148 | L75: 6.7818 | M75: 6 | N75: 3 | O75: 6 | P75: 4 | Q75: 22 | R75: 5.5 | S75: 1 | T75: 0.0364 | U75: 0.0182 | V75: 0.0182 | W75: 0.484 | X75: 95.9975 | Y75: 6.2515 | Z75: 255.842 | AA75: 74.2 | AB75: 41.6004 | AC75: 0.2213 | AD75: -0.0326 | AE75: 0.0439 | AF75: 0.0541 | AG75: 0.0006 | AH75: 0.0477 | AI75: -0.0053 | AJ75: 0.0312 | AK75: 7.3273 | AL75: -1.1091 | AM75: 1 | AN75: 2 | AO75: 1 | AP75: 1 | AQ75: 3 | AR75: 0.3333 | AS75: 0.0095 | AT75: 1.7908 | AU75: =IF(A75<>"",INDEX(Index!$B$1:$B$77,MATCH($A75,Index!$A$1:$A$77,0)),"") -> DAL | AV75: =IF(B75<>"",INDEX(Index!$C$1:$C$77,MATCH($A75,Index!$A$1:$A$77,0)),"") -> Prescott | AW75: =IF(AT75<>"",COUNTIFS($AX$2:$AX$994,AX75,$Q$2:$Q$994,">"&$Q75)+1,"") -> 29 | AX75: 4
A76: Jared Goff | B76: 2025 | C76: 4 | D76: 1.59372 | E76: -0.214341 | G76: 0.527582 | H76: 90 | I76: 122 | J76: 0.7377 | K76: 10.0378 | L76: 7.6148 | M76: 9 | N76: 2 | O76: 4 | P76: 3 | Q76: 13 | R76: 4.3333 | S76: 0 | T76: 0.0738 | U76: 0.0164 | V76: 0.0574 | W76: 0.5333 | X76: 113.046 | Y76: 7.8889 | Z76: 249.046 | AA76: 70.1 | AB76: 39.155 | AC76: 0.29 | AD76: -0.0355 | AE76: 0.0343 | AF76: 0.0286 | AG76: 0.0202 | AH76: 0.0909 | AI76: 0.09 | AJ76: -0.0202 | AK76: 7.877 | AL76: -0.3197 | AM76: 3 | AN76: 1 | AO76: 0 | AP76: 0 | AQ76: 0 | AS76: 0.0047 | AT76: 0.6409 | AU76: =IF(A76<>"",INDEX(Index!$B$1:$B$77,MATCH($A76,Index!$A$1:$A$77,0)),"") -> DET | AV76: =IF(B76<>"",INDEX(Index!$C$1:$C$77,MATCH($A76,Index!$A$1:$A$77,0)),"") -> Goff | AW76: =IF(AT76<>"",COUNTIFS($AX$2:$AX$994,AX76,$Q$2:$Q$994,">"&$Q76)+1,"") -> 34 | AX76: 4
A77: Jalen Hurts | B77: 2025 | C77: 4 | D77: 1.51187 | E77: -0.129161 | G77: 0.108591 | H77: 70 | I77: 101 | J77: 0.6931 | K77: 6.1811 | L77: 6.0297 | M77: 5 | N77: 0 | O77: 9 | P77: 34 | Q77: 185 | R77: 5.4412 | S77: 4 | T77: 0.0495 | U77: 0 | V77: 0.0495 | W77: 0.4966 | X77: 101.465 | Y77: 5.9273 | Z77: 220.387 | AA77: 67.5 | AB77: 16.1047 | AC77: 0.1096 | AD77: 0.1007 | AE77: -0.0305 | AF77: 0.0368 | AG77: 0.074 | AH77: -0.0476 | AI77: -0.0815 | AJ77: -0.0241 | AK77: 7.1287 | AL77: -1.297 | AM77: 4 | AN77: 0 | AO77: 0 | AP77: 1 | AQ77: 1 | AR77: 1 | AS77: 0.0051 | AT77: 0.7433 | AU77: =IF(A77<>"",INDEX(Index!$B$1:$B$77,MATCH($A77,Index!$A$1:$A$77,0)),"") -> PHI | AV77: =IF(B77<>"",INDEX(Index!$C$1:$C$77,MATCH($A77,Index!$A$1:$A$77,0)),"") -> Hurts | AW77: =IF(AT77<>"",COUNTIFS($AX$2:$AX$994,AX77,$Q$2:$Q$994,">"&$Q77)+1,"") -> 1 | AX77: 4
A78: Bo Nix | B78: 2025 | C78: 4 | D78: 1.03392 | E78: 0.500108 | G78: 0.0256927 | H78: 90 | I78: 137 | J78: 0.6569 | K78: -2.3259 | L78: 6.2847 | M78: 7 | N78: 4 | O78: 3 | P78: 19 | Q78: 84 | R78: 4.4211 | S78: 1 | T78: 0.0511 | U78: 0.0292 | V78: 0.0219 | W78: 0.4152 | X78: 87.8802 | Y78: 5.75 | Z78: 193.03 | AA78: 51.1 | AB78: 11.1958 | AC78: 0.0655 | AD78: -0.0486 | AE78: 0.0533 | AF78: 0.0234 | AG78: -0.024 | AH78: -0.1419 | AI78: 0.1393 | AJ78: -0.0176 | AK78: 6.635 | AL78: -2.8029 | AM78: 2 | AN78: 2 | AO78: 0 | AP78: 0 | AQ78: 0 | AS78: 0.0019 | AT78: 0.3228 | AU78: =IF(A78<>"",INDEX(Index!$B$1:$B$77,MATCH($A78,Index!$A$1:$A$77,0)),"") -> DEN | AV78: =IF(B78<>"",INDEX(Index!$C$1:$C$77,MATCH($A78,Index!$A$1:$A$77,0)),"") -> Nix | AW78: =IF(AT78<>"",COUNTIFS($AX$2:$AX$994,AX78,$Q$2:$Q$994,">"&$Q78)+1,"") -> 15 | AX78: 4
A79: Baker Mayfield | B79: 2025 | C79: 4 | D79: 1.02861 | E79: -0.0772211 | G79: 0.358832 | H79: 83 | I79: 138 | J79: 0.6014 | K79: -4.524 | L79: 6.5507 | M79: 8 | N79: 1 | O79: 8 | P79: 12 | Q79: 131 | R79: 10.9167 | S79: 0 | T79: 0.058 | U79: 0.0072 | V79: 0.0507 | W79: 0.4566 | X79: 95.8031 | Y79: 6.589 | Z79: 220.189 | AA79: 60.7 | AB79: 29.3955 | AC79: 0.1699 | AD79: 0.0609 | AE79: 0.0246 | AF79: -0.0229 | AG79: 0.0405 | AH79: -0.0459 | AI79: 0.0333 | AJ79: -0.0023 | AK79: 8.6159 | AL79: -0.1232 | AM79: 3 | AN79: 1 | AO79: 0 | AP79: 3 | AQ79: 4 | AR79: 0.75 | AS79: 0.0067 | AT79: 1.164 | AU79: =IF(A79<>"",INDEX(Index!$B$1:$B$77,MATCH($A79,Index!$A$1:$A$77,0)),"") -> TB | AV79: =IF(B79<>"",INDEX(Index!$C$1:$C$77,MATCH($A79,Index!$A$1:$A$77,0)),"") -> Mayfield | AW79: =IF(AT79<>"",COUNTIFS($AX$2:$AX$994,AX79,$Q$2:$Q$994,">"&$Q79)+1,"") -> 7 | AX79: 4
A80: Joe Burrow | B80: 2025 | C80: 2 | D80: 1.0007 | E80: -0.726671 | G80: -1.36342 | H80: 21 | I80: 36 | J80: 0.5833 | K80: -1.5459 | L80: 5.25 | M80: 2 | N80: 0 | O80: 5 | P80: 2 | Q80: 3 | R80: 1.5 | S80: 0 | T80: 0.0556 | U80: 0 | V80: 0.0556 | W80: 0.4348 | X80: 91.088 | Y80: 4.9512 | Z80: 25.4618 | AA80: 56.7 | AB80: -0.9039 | AC80: -0.0196 | AD80: -0.0721 | AE80: -0.0509 | AF80: -0.0571 | AG80: 0.074 | AH80: 0.1996 | AI80: -0.1914 | AJ80: -0.0035 | AK80: 6.8611 | AL80: -1.0833 | AM80: 2 | AN80: 0 | AO80: 0 | AP80: 0 | AQ80: 0 | AS80: 0.0016 | AT80: 0.0748 | AU80: =IF(A80<>"",INDEX(Index!$B$1:$B$77,MATCH($A80,Index!$A$1:$A$77,0)),"") -> CIN | AV80: =IF(B80<>"",INDEX(Index!$C$1:$C$77,MATCH($A80,Index!$A$1:$A$77,0)),"") -> Burrow | AW80: =IF(AT80<>"",COUNTIFS($AX$2:$AX$994,AX80,$Q$2:$Q$994,">"&$Q80)+1,"") -> 38 | AX80: 4
A81: Jayden Daniels | B81: 2025 | C81: 2 | D81: 0.790851 | E81: -0.36814 | G81: -0.3482 | H81: 43 | I81: 71 | J81: 0.6056 | K81: -4.7148 | L81: 6.0986 | M81: 3 | N81: 0 | O81: 7 | P81: 15 | Q81: 88 | R81: 5.8667 | S81: 0 | T81: 0.0423 | U81: 0 | V81: 0.0423 | W81: 0.44 | X81: 92.0481 | Y81: 5.7821 | Z81: 152.565 | AA81: 34.2 | AB81: -2.0758 | AC81: -0.0208 | AD81: -0.0031 | AE81: 0.0004 | AF81: -0.0901 | AG81: 0.074 | AH81: -0.084 | AI81: 0.0008 | AJ81: -0.0004 | AK81: 7.8592 | AL81: -0.9014 | AM81: 1 | AN81: 1 | AO81: 0 | AP81: 0 | AQ81: 0 | AS81: -0.0013 | AT81: -0.1338 | AU81: =IF(A81<>"",INDEX(Index!$B$1:$B$77,MATCH($A81,Index!$A$1:$A$77,0)),"") -> WAS | AV81: =IF(B81<>"",INDEX(Index!$C$1:$C$77,MATCH($A81,Index!$A$1:$A$77,0)),"") -> Daniels | AW81: =IF(AT81<>"",COUNTIFS($AX$2:$AX$994,AX81,$Q$2:$Q$994,">"&$Q81)+1,"") -> 14 | AX81: 4
A82: Brock Purdy | B82: 2025 | C82: 2 | D82: 0.67374 | E82: -0.128313 | G82: -0.0132458 | H82: 48 | I82: 73 | J82: 0.6575 | K82: 3.0061 | L82: 8.0274 | M82: 4 | N82: 4 | O82: 2 | P82: 5 | Q82: 32 | R82: 6.4 | S82: 0 | T82: 0.0548 | U82: 0.0548 | V82: 0 | W82: 0.5765 | X82: 85.7591 | Y82: 6.28 | Z82: 190.423 | AA82: 70.2 | AB82: 16.7165 | AC82: 0.1967 | AD82: -0.0072 | AE82: 0.0219 | AF82: -0.0045 | AG82: -0.1191 | AH82: 0.168 | AI82: 0.0341 | AJ82: 0.0217 | AK82: 7.7534 | AL82: -0.3973 | AM82: 1 | AN82: 1 | AO82: 0 | AP82: 1 | AQ82: 2 | AR82: 0.5 | AS82: 0.0081 | AT82: 0.6888 | AU82: =IF(A82<>"",INDEX(Index!$B$1:$B$77,MATCH($A82,Index!$A$1:$A$77,0)),"") -> SF | AV82: =IF(B82<>"",INDEX(Index!$C$1:$C$77,MATCH($A82,Index!$A$1:$A$77,0)),"") -> Purdy | AW82: =IF(AT82<>"",COUNTIFS($AX$2:$AX$994,AX82,$Q$2:$Q$994,">"&$Q82)+1,"") -> 28 | AX82: 4
A83: Aaron Rodgers | B83: 2025 | C83: 4 | D83: 0.643088 | E83: 0.0114178 | G83: -0.773524 | H83: 74 | I83: 108 | J83: 0.6852 | K83: 3.0231 | L83: 7.2778 | M83: 8 | N83: 3 | O83: 9 | P83: 3 | Q83: 16 | R83: 5.3333 | S83: 0 | T83: 0.0741 | U83: 0.0278 | V83: 0.0463 | W83: 0.4567 | X83: 102.623 | Y83: 6.3846 | Z83: 145.285 | AA83: 45.9 | AB83: 14.7397 | AC83: 0.1161 | AD83: -0.0305 | AE83: 0.0001 | AF83: 0.0141 | AG83: -0.0256 | AH83: -0.2074 | AI83: 0.2391 | AJ83: 0.0446 | AK83: 4.7685 | AL83: -4.7315 | AM83: 3 | AN83: 1 | AO83: 0 | AP83: 1 | AQ83: 1 | AR83: 1 | AS83: 0.0042 | AT83: 0.5283 | AU83: =IF(A83<>"",INDEX(Index!$B$1:$B$77,MATCH($A83,Index!$A$1:$A$77,0)),"") -> GB | AV83: =IF(B83<>"",INDEX(Index!$C$1:$C$77,MATCH($A83,Index!$A$1:$A$77,0)),"") -> Rodgers | AW83: =IF(AT83<>"",COUNTIFS($AX$2:$AX$994,AX83,$Q$2:$Q$994,">"&$Q83)+1,"") -> 31 | AX83: 4
A84: Jordan Love | B84: 2025 | C84: 4 | D84: 0.597261 | E84: 0.801249 | G84: 0.792499 | H84: 84 | I84: 121 | J84: 0.6942 | K84: 9.4678 | L84: 8.2645 | M84: 8 | N84: 1 | O84: 8 | P84: 8 | Q84: 67 | R84: 8.375 | S84: 0 | T84: 0.0661 | U84: 0.0083 | V84: 0.0579 | W84: 0.5302 | X84: 112.965 | Y84: 8.1085 | Z84: 230.215 | AA84: 63.5 | AB84: 51.7889 | AC84: 0.3476 | AD84: 0.0167 | AE84: -0.0066 | AF84: 0.0279 | AG84: 0.035 | AH84: 0.0753 | AI84: 0.0955 | AJ84: 0.022 | AK84: 7.9669 | AL84: -1.1488 | AM84: 2 | AN84: 1 | AO84: 1 | AP84: 0 | AQ84: 1 | AR84: 0 | AS84: 0.0119 | AT84: 1.7721 | AU84: =IF(A84<>"",INDEX(Index!$B$1:$B$77,MATCH($A84,Index!$A$1:$A$77,0)),"") -> GB | AV84: =IF(B84<>"",INDEX(Index!$C$1:$C$77,MATCH($A84,Index!$A$1:$A$77,0)),"") -> Love | AW84: =IF(AT84<>"",COUNTIFS($AX$2:$AX$994,AX84,$Q$2:$Q$994,">"&$Q84)+1,"") -> 17 | AX84: 4
A85: Matthew Stafford | B85: 2025 | C85: 4 | D85: 0.558188 | E85: 0.517938 | G85: 0.5386 | H85: 92 | I85: 135 | J85: 0.6815 | K85: 4.1978 | L85: 8.2519 | M85: 8 | N85: 2 | O85: 8 | P85: 3 | Q85: 6 | R85: 2 | S85: 0 | T85: 0.0593 | U85: 0.0148 | V85: 0.0444 | W85: 0.4645 | X85: 106.836 | Y85: 7.972 | Z85: 214.083 | AA85: 69.1 | AB85: 18.045 | AC85: 0.1164 | AD85: -0.0673 | AE85: 0.0086 | AF85: -0.012 | AG85: 0.0281 | AH85: 0.139 | AI85: -0.0334 | AJ85: -0.0283 | AK85: 7.3333 | AL85: -1.2 | AM85: 3 | AN85: 1 | AO85: 0 | AP85: 1 | AQ85: 2 | AR85: 0.5 | AS85: 0.0079 | AT85: 1.2251 | AU85: =IF(A85<>"",INDEX(Index!$B$1:$B$77,MATCH($A85,Index!$A$1:$A$77,0)),"") -> LAR | AV85: =IF(B85<>"",INDEX(Index!$C$1:$C$77,MATCH($A85,Index!$A$1:$A$77,0)),"") -> Stafford | AW85: =IF(AT85<>"",COUNTIFS($AX$2:$AX$994,AX85,$Q$2:$Q$994,">"&$Q85)+1,"") -> 37 | AX85: 4
A86: Tua Tagovailoa | B86: 2025 | C86: 4 | D86: 0.534594 | E86: 0.174978 | G86: -0.771182 | H86: 79 | I86: 114 | J86: 0.693 | K86: 1.487 | L86: 6.5965 | M86: 7 | N86: 4 | O86: 8 | P86: 4 | Q86: 21 | R86: 5.25 | S86: 0 | T86: 0.0614 | U86: 0.0351 | V86: 0.0263 | W86: 0.4444 | X86: 93.1652 | Y86: 5.582 | Z86: 131.653 | AA86: 40.5 | AB86: 4.7347 | AC86: 0.0351 | AD86: -0.0054 | AE86: -0.0178 | AF86: -0.0003 | AG86: -0.0427 | AH86: 0.0333 | AI86: 0.042 | AJ86: -0.0558 | AK86: 6.6491 | AL86: -1.8772 | AM86: 1 | AN86: 3 | AO86: 0 | AP86: 0 | AQ86: 2 | AR86: 0 | AS86: 0.0012 | AT86: 0.1577 | AU86: =IF(A86<>"",INDEX(Index!$B$1:$B$77,MATCH($A86,Index!$A$1:$A$77,0)),"") -> MIA | AV86: =IF(B86<>"",INDEX(Index!$C$1:$C$77,MATCH($A86,Index!$A$1:$A$77,0)),"") -> Tagovailoa | AW86: =IF(AT86<>"",COUNTIFS($AX$2:$AX$994,AX86,$Q$2:$Q$994,">"&$Q86)+1,"") -> 30 | AX86: 4
A87: Kyler Murray | B87: 2025 | C87: 4 | D87: 0.507797 | E87: -0.476342 | G87: -0.872374 | H87: 87 | I87: 130 | J87: 0.6692 | K87: -2.4904 | L87: 5.7077 | M87: 6 | N87: 3 | O87: 13 | P87: 24 | Q87: 150 | R87: 6.25 | S87: 0 | T87: 0.0462 | U87: 0.0231 | V87: 0.0231 | W87: 0.45 | X87: 87.4038 | Y87: 4.5035 | Z87: 139.899 | AA87: 45.7 | AB87: 16.0437 | AC87: 0.0891 | AD87: -0.0155 | AE87: -0.0033 | AF87: 0.0401 | AG87: 0.023 | AH87: -0.0793 | AI87: 0.0176 | AJ87: 0.0248 | AK87: 5.7 | AL87: -3.1923 | AM87: 2 | AN87: 2 | AO87: 0 | AP87: 0 | AQ87: 2 | AR87: 0 | AS87: 0.0038 | AT87: 0.6844 | AU87: =IF(A87<>"",INDEX(Index!$B$1:$B$77,MATCH($A87,Index!$A$1:$A$77,0)),"") -> ARI | AV87: =IF(B87<>"",INDEX(Index!$C$1:$C$77,MATCH($A87,Index!$A$1:$A$77,0)),"") -> Murray | AW87: =IF(AT87<>"",COUNTIFS($AX$2:$AX$994,AX87,$Q$2:$Q$994,">"&$Q87)+1,"") -> 5 | AX87: 4
A88: Justin Fields | B88: 2025 | C88: 3 | D88: 0.338795 | E88: 0.650877 | G88: 0.681156 | H88: 39 | I88: 60 | J88: 0.65 | K88: -0.2201 | L88: 7.5667 | M88: 2 | N88: 0 | O88: 5 | P88: 24 | Q88: 178 | R88: 7.4167 | S88: 3 | T88: 0.0333 | U88: 0 | V88: 0.0333 | W88: 0.5213 | X88: 98.8889 | Y88: 6.9231 | Z88: 237.017 | AA88: 56.9 | AB88: 10.9656 | AC88: 0.1167 | AD88: 0.0323 | AE88: -0.0163 | AF88: 0.0777 | AG88: 0.074 | AH88: 0.0491 | AI88: -0.1319 | AJ88: -0.05 | AK88: 7.8833 | AL88: -1.8 | AM88: 0 | AN88: 3 | AO88: 0 | AP88: 0 | AQ88: 2 | AR88: 0 | AS88: 0.0002 | AT88: 0.0206 | AU88: =IF(A88<>"",INDEX(Index!$B$1:$B$77,MATCH($A88,Index!$A$1:$A$77,0)),"") -> NYJ | AV88: =IF(B88<>"",INDEX(Index!$C$1:$C$77,MATCH($A88,Index!$A$1:$A$77,0)),"") -> Fields | AW88: =IF(AT88<>"",COUNTIFS($AX$2:$AX$994,AX88,$Q$2:$Q$994,">"&$Q88)+1,"") -> 2 | AX88: 4
A89: Drake Maye | B89: 2025 | C89: 4 | D89: 0.165736 | E89: 0.422198 | G89: 0.866099 | H89: 91 | I89: 123 | J89: 0.7398 | K89: 8.6708 | L89: 8.0325 | M89: 7 | N89: 2 | O89: 13 | P89: 20 | Q89: 101 | R89: 5.05 | S89: 2 | T89: 0.0569 | U89: 0.0163 | V89: 0.0407 | W89: 0.5215 | X89: 109.4 | Y89: 7.2794 | Z89: 221.556 | AA89: 63.9 | AB89: 47.0964 | AC89: 0.2889 | AD89: 0.0007 | AE89: -0.0289 | AF89: 0.0787 | AG89: 0.0241 | AH89: 0.103 | AI89: 0.0173 | AJ89: 0.0124 | AK89: 6.7236 | AL89: -2.2439 | AM89: 2 | AN89: 2 | AO89: 0 | AP89: 0 | AQ89: 2 | AR89: 0 | AS89: 0.0049 | AT89: 0.793 | AU89: =IF(A89<>"",INDEX(Index!$B$1:$B$77,MATCH($A89,Index!$A$1:$A$77,0)),"") -> NE | AV89: =IF(B89<>"",INDEX(Index!$C$1:$C$77,MATCH($A89,Index!$A$1:$A$77,0)),"") -> Maye | AW89: =IF(AT89<>"",COUNTIFS($AX$2:$AX$994,AX89,$Q$2:$Q$994,">"&$Q89)+1,"") -> 10 | AX89: 4
A90: Russell Wilson | B90: 2025 | C90: 3 | D90: -0.0965637 | E90: -0.720878 | G90: -0.42435 | H90: 66 | I90: 111 | J90: 0.5946 | K90: -0.317 | L90: 7.0811 | M90: 3 | N90: 3 | O90: 8 | P90: 16 | Q90: 94 | R90: 5.875 | S90: 0 | T90: 0.027 | U90: 0.027 | V90: 0 | W90: 0.4178 | X90: 78.8851 | Y90: 5.5294 | Z90: 140.057 | AA90: 30.9 | AB90: 1.6294 | AC90: 0.0112 | AD90: -0.0365 | AE90: 0.0131 | AF90: -0.0965 | AG90: 0.0136 | AH90: 0.0413 | AI90: -0.0716 | AJ90: 0.0661 | AK90: 9.2523 | AL90: 0.1892 | AM90: 1 | AN90: 3 | AO90: 0 | AP90: 0 | AQ90: 2 | AR90: 0 | AS90: 0.0076 | AT90: 1.1156 | AU90: =IF(A90<>"",INDEX(Index!$B$1:$B$77,MATCH($A90,Index!$A$1:$A$77,0)),"") -> NYG | AV90: =IF(B90<>"",INDEX(Index!$C$1:$C$77,MATCH($A90,Index!$A$1:$A$77,0)),"") -> Wilson | AW90: =IF(AT90<>"",COUNTIFS($AX$2:$AX$994,AX90,$Q$2:$Q$994,">"&$Q90)+1,"") -> 12 | AX90: 4
A91: Daniel Jones | B91: 2025 | C91: 4 | D91: -0.157291 | E91: -0.204816 | G91: 1.48917 | H91: 87 | I91: 121 | J91: 0.719 | K91: 5.0714 | L91: 8.9091 | M91: 4 | N91: 2 | O91: 4 | P91: 17 | Q91: 55 | R91: 3.2353 | S91: 3 | T91: 0.0331 | U91: 0.0165 | V91: 0.0165 | W91: 0.5592 | X91: 103.254 | Y91: 8.272 | Z91: 265.826 | AA91: 79.7 | AB91: 39.9863 | AC91: 0.2631 | AD91: 0.018 | AE91: 0.0571 | AF91: 0.036 | AG91: 0.0321 | AH91: 0.0244 | AI91: 0.0326 | AJ91: -0.0189 | AK91: 8.3719 | AL91: -0.5124 | AM91: 3 | AN91: 1 | AO91: 0 | AP91: 1 | AQ91: 2 | AR91: 0.5 | AS91: 0.0054 | AT91: 0.8208 | AU91: =IF(A91<>"",INDEX(Index!$B$1:$B$77,MATCH($A91,Index!$A$1:$A$77,0)),"") -> IND | AV91: =IF(B91<>"",INDEX(Index!$C$1:$C$77,MATCH($A91,Index!$A$1:$A$77,0)),"") -> Jones | AW91: =IF(AT91<>"",COUNTIFS($AX$2:$AX$994,AX91,$Q$2:$Q$994,">"&$Q91)+1,"") -> 20 | AX91: 4
A92: Justin Herbert | B92: 2025 | C92: 4 | D92: -0.189014 | E92: -0.483602 | G92: -0.15149 | H92: 95 | I92: 149 | J92: 0.6376 | K92: -1.3688 | L92: 7.1342 | M92: 7 | N92: 3 | O92: 12 | P92: 12 | Q92: 99 | R92: 8.25 | S92: 0 | T92: 0.047 | U92: 0.0201 | V92: 0.0268 | W92: 0.4811 | X92: 92.212 | Y92: 6.2174 | Z92: 172.133 | AA92: 63.8 | AB92: 18.281 | AC92: 0.0988 | AD92: 0.0092 | AE92: -0.0076 | AF92: -0.0004 | AG92: -0.0252 | AH92: 0.0626 | AI92: -0.0294 | AJ92: 0.0078 | AK92: 8.5906 | AL92: -0.6577 | AM92: 3 | AN92: 1 | AO92: 0 | AP92: 1 | AQ92: 2 | AR92: 0.5 | AS92: 0.0034 | AT92: 0.6224 | AU92: =IF(A92<>"",INDEX(Index!$B$1:$B$77,MATCH($A92,Index!$A$1:$A$77,0)),"") -> LAC | AV92: =IF(B92<>"",INDEX(Index!$C$1:$C$77,MATCH($A92,Index!$A$1:$A$77,0)),"") -> Herbert | AW92: =IF(AT92<>"",COUNTIFS($AX$2:$AX$994,AX92,$Q$2:$Q$994,">"&$Q92)+1,"") -> 11 | AX92: 4
A93: Sam Darnold | B93: 2025 | C93: 4 | D93: -0.559278 | E93: 0.0591382 | G93: 0.417892 | H93: 70 | I93: 99 | J93: 0.7071 | K93: 10.3664 | L93: 9.1414 | M93: 5 | N93: 2 | O93: 6 | P93: 3 | Q93: 38 | R93: 12.6667 | S93: 0 | T93: 0.0505 | U93: 0.0202 | V93: 0.0303 | W93: 0.5575 | X93: 107.513 | Y93: 8.3905 | Z93: 180.944 | AA93: 65.9 | AB93: 28.9112 | AC93: 0.2559 | AD93: -0.0143 | AE93: -0.0024 | AF93: 0.0636 | AG93: -0.0215 | AH93: 0.0934 | AI93: 0.0186 | AJ93: 0.0367 | AK93: 8.6566 | AL93: -0.7879 | AM93: 3 | AN93: 1 | AO93: 0 | AP93: 0 | AQ93: 1 | AR93: 0 | AS93: 0.0023 | AT93: 0.2554 | AU93: =IF(A93<>"",INDEX(Index!$B$1:$B$77,MATCH($A93,Index!$A$1:$A$77,0)),"") -> SEA | AV93: =IF(B93<>"",INDEX(Index!$C$1:$C$77,MATCH($A93,Index!$A$1:$A$77,0)),"") -> Darnold | AW93: =IF(AT93<>"",COUNTIFS($AX$2:$AX$994,AX93,$Q$2:$Q$994,">"&$Q93)+1,"") -> 26 | AX93: 4
... A96: Geno Smith | B96: 2025 | C96: 4 | D96: -1.0674 | E96: -0.281318 | G96: -0.992869 | H96: 81 | I96: 125 | J96: 0.648 | K96: -0.7717 | L96: 7.584 | M96: 6 | N96: 7 | O96: 12 | P96: 12 | Q96: 67 | R96: 5.5833 | S96: 0 | T96: 0.048 | U96: 0.056 | V96: -0.008 | W96: 0.4452 | X96: 80.35 | Y96: 4.8613 | Z96: 88.6775 | AA96: 43.2 | AB96: -1.2636 | AC96: -0.0082 | AD96: -0.0017 | AE96: -0.0362 | AF96: 0.0415 | AG96: -0.1227 | AH96: -0.003 | AI96: 0.0509 | AJ96: -0.0187 | AK96: 8.352 | AL96: -0.504 | AM96: 1 | AN96: 3 | AO96: 0 | AP96: 0 | AQ96: 1 | AR96: 0 | AS96: -0.0002 | AT96: -0.0247 | AU96: =IF(A96<>"",INDEX(Index!$B$1:$B$77,MATCH($A96,Index!$A$1:$A$77,0)),"") -> LV | AV96: =IF(B96<>"",INDEX(Index!$C$1:$C$77,MATCH($A96,Index!$A$1:$A$77,0)),"") -> Smith | AW96: =IF(AT96<>"",COUNTIFS($AX$2:$AX$994,AX96,$Q$2:$Q$994,">"&$Q96)+1,"") -> 17 | AX96: 4
A97: Marcus Mariota | B97: 2025 | C97: 2 | D97: -1.15028 | E97: -0.190735 | G97: 0.29883 | H97: 31 | I97: 46 | J97: 0.6739 | K97: 8.0416 | L97: 7.8913 | M97: 3 | N97: 1 | O97: 3 | P97: 8 | Q97: 60 | R97: 7.5 | S97: 1 | T97: 0.0652 | U97: 0.0217 | V97: 0.0435 | W97: 0.5077 | X97: 103.804 | Y97: 7.3673 | Z97: 186.749 | AA97: 66 | AB97: 12.1542 | AC97: 0.187 | AD97: -0.0278 | AE97: 0.0456 | AF97: 0.0134 | AG97: 0.0044 | AH97: 0.1317 | AI97: -0.0377 | AJ97: -0.0244 | AK97: 9.6304 | AL97: -0.9565 | AM97: 1 | AN97: 1 | AO97: 0 | AP97: 0 | AQ97: 0 | AS97: 0.0004 | AT97: 0.0254 | AU97: =IF(A97<>"",INDEX(Index!$B$1:$B$77,MATCH($A97,Index!$A$1:$A$77,0)),"") -> WAS | AV97: =IF(B97<>"",INDEX(Index!$C$1:$C$77,MATCH($A97,Index!$A$1:$A$77,0)),"") -> Mariota | AW97: =IF(AT97<>"",COUNTIFS($AX$2:$AX$994,AX97,$Q$2:$Q$994,">"&$Q97)+1,"") -> 19 | AX97: 4
A98: Mac Jones | B98: 2025 | C98: 2 | D98: -1.31357 | E98: 0.0822858 | G98: 0.488802 | H98: 53 | I98: 78 | J98: 0.6795 | K98: -0.187 | L98: 7.2179 | M98: 4 | N98: 1 | O98: 4 | P98: 3 | Q98: 9 | R98: 3 | S98: 0 | T98: 0.0513 | U98: 0.0128 | V98: 0.0385 | W98: 0.5333 | X98: 100.534 | Y98: 7.122 | Z98: 203.772 | AA98: 62.4 | AB98: 7.0353 | AC98: 0.0782 | AD98: -0.0289 | AE98: -0.022 | AF98: -0.0274 | AG98: 0.0276 | AH98: 0.1258 | AI98: -0.0772 | AJ98: -0.0014 | AK98: 7.2179 | AL98: -1.8846 | AM98: 2 | AN98: 0 | AO98: 0 | AP98: 1 | AQ98: 1 | AR98: 1 | AS98: 0.0052 | AT98: 0.4716 | AU98: =IF(A98<>"",INDEX(Index!$B$1:$B$77,MATCH($A98,Index!$A$1:$A$77,0)),"") -> SF | AV98: =IF(B98<>"",INDEX(Index!$C$1:$C$77,MATCH($A98,Index!$A$1:$A$77,0)),"") -> Jones | AW98: =IF(AT98<>"",COUNTIFS($AX$2:$AX$994,AX98,$Q$2:$Q$994,">"&$Q98)+1,"") -> 35 | AX98: 4
A99: Bryce Young | B99: 2025 | C99: 4 | D99: -1.58407 | E99: -0.0618878 | G99: -0.246168 | H99: 87 | I99: 144 | J99: 0.6042 | K99: -4.285 | L99: 5.2292 | M99: 5 | N99: 3 | O99: 6 | P99: 8 | Q99: 55 | R99: 6.875 | S99: 1 | T99: 0.0347 | U99: 0.0208 | V99: 0.0139 | W99: 0.462 | X99: 77.1123 | Y99: 4.42 | Z99: 117.63 | AA99: 41.6 | AB99: -9.136 | AC99: -0.0534 | AD99: -0.0146 | AE99: -0.0037 | AF99: -0.0888 | AG99: 0.0086 | AH99: -0.0734 | AI99: -0.0033 | AJ99: 0.0401 | AK99: 6.4583 | AL99: -1.9583 | AM99: 1 | AN99: 3 | AO99: 0 | AP99: 0 | AQ99: 1 | AR99: 0 | AS99: -0.0032 | AT99: -0.5415 | AU99: =IF(A99<>"",INDEX(Index!$B$1:$B$77,MATCH($A99,Index!$A$1:$A$77,0)),"") -> CAR | AV99: =IF(B99<>"",INDEX(Index!$C$1:$C$77,MATCH($A99,Index!$A$1:$A$77,0)),"") -> Young | AW99: =IF(AT99<>"",COUNTIFS($AX$2:$AX$994,AX99,$Q$2:$Q$994,">"&$Q99)+1,"") -> 20 | AX99: 4
A100: Tyrod Taylor | B100: 2025 | C100: 1 | D100: -1.65965 | E100: 0.0537848 | G100: 0.0537848 | H100: 33 | I100: 46 | J100: 0.7174 | K100: 6.0672 | L100: 5.5 | M100: 3 | N100: 1 | O100: 6 | P100: 10 | Q100: 70 | R100: 7 | S100: 0 | T100: 0.0652 | U100: 0.0217 | V100: 0.0435 | W100: 0.5 | X100: 97.4638 | Y100: 4.4038 | Z100: 146.065 | AA100: 54.8 | AB100: 2.0386 | AC100: 0.0309 | AD100: -0.0128 | AE100: -0.0462 | AF100: 0.0384 | AG100: -0.0423 | AH100: -0.0166 | AI100: 0.0082 | AJ100: 0.0204 | AK100: 5.2174 | AL100: -3.0217 | AM100: 0 | AN100: 2 | AO100: 0 | AP100: 0 | AQ100: 0 | AS100: -0.0036 | AT100: -0.2396 | AU100: =IF(A100<>"",INDEX(Index!$B$1:$B$77,MATCH($A100,Index!$A$1:$A$77,0)),"") -> NYJ | AV100: =IF(B100<>"",INDEX(Index!$C$1:$C$77,MATCH($A100,Index!$A$1:$A$77,0)),"") -> Taylor | AW100: =IF(AT100<>"",COUNTIFS($AX$2:$AX$994,AX100,$Q$2:$Q$994,">"&$Q100)+1,"") -> 16 | AX100: 4
A101: C.J. Stroud | B101: 2025 | C101: 4 | D101: -1.79003 | E101: 0.425438 | G101: -0.0387659 | H101: 79 | I101: 116 | J101: 0.681 | K101: 0.2569 | L101: 7.1724 | M101: 4 | N101: 3 | O101: 10 | P101: 15 | Q101: 93 | R101: 6.2 | S101: 0 | T101: 0.0345 | U101: 0.0259 | V101: 0.0086 | W101: 0.4503 | X101: 89.4397 | Y101: 5.4444 | Z101: 121.559 | AA101: 48.8 | AB101: -0.2177 | AC101: -0.0014 | AD101: 0.0412 | AE101: -0.0269 | AF101: 0.024 | AG101: 0.0026 | AH101: -0.0456 | AI101: -0.0521 | AJ101: -0.0263 | AK101: 7.2155 | AL101: -2.1379 | AM101: 1 | AN101: 3 | AO101: 0 | AP101: 0 | AQ101: 3 | AR101: 0 | AS101: -0.0021 | AT101: -0.312 | AU101: =IF(A101<>"",INDEX(Index!$B$1:$B$77,MATCH($A101,Index!$A$1:$A$77,0)),"") -> HOU | AV101: =IF(B101<>"",INDEX(Index!$C$1:$C$77,MATCH($A101,Index!$A$1:$A$77,0)),"") -> Stroud | AW101: =IF(AT101<>"",COUNTIFS($AX$2:$AX$994,AX101,$Q$2:$Q$994,">"&$Q101)+1,"") -> 13 | AX101: 4
A102: Michael Penix Jr. | B102: 2025 | C102: 4 | D102: -1.83885 | E102: 0.478428 | G102: 0.0508511 | H102: 78 | I102: 125 | J102: 0.624 | K102: -4.3498 | L102: 7.344 | M102: 3 | N102: 3 | O102: 5 | P102: 7 | Q102: 36 | R102: 5.1429 | S102: 1 | T102: 0.024 | U102: 0.024 | V102: 0 | W102: 0.4792 | X102: 82.6833 | Y102: 6.1615 | Z102: 131.067 | AA102: 60.5 | AB102: 9.7034 | AC102: 0.0674 | AD102: 0.0156 | AE102: 0.033 | AF102: -0.0257 | AG102: -0.056 | AH102: 0.0325 | AI102: -0.0093 | AJ102: -0.0051 | AK102: 7.92 | AL102: -0.92 | AM102: 2 | AN102: 2 | AO102: 0 | AP102: 0 | AQ102: 1 | AR102: 0 | AS102: 0.0051 | AT102: 0.7353 | AU102: =IF(A102<>"",INDEX(Index!$B$1:$B$77,MATCH($A102,Index!$A$1:$A$77,0)),"") -> ATL | AV102: =IF(B102<>"",INDEX(Index!$C$1:$C$77,MATCH($A102,Index!$A$1:$A$77,0)),"") -> Penix | AW102: =IF(AT102<>"",COUNTIFS($AX$2:$AX$994,AX102,$Q$2:$Q$994,">"&$Q102)+1,"") -> 27 | AX102: 4
...

Sheet DVOA
A1: TEAM | B1: TOT DVOA | C1: Rank | D1: NON-ADJ VOA | E1: W-L | F1: LAST WEEK | G1: Off DVOA | H1: Rank | I1: Def DVOA | J1: Rank | K1: ST DVOA | L1: Rank | M1: Off VOA | N1: Def VOA | O1: ST VOA | P1: EST WINS | Q1: Rank | R1: WEI DVOA | S1: Rank | T1: SCHED | U1: Rank | V1: FUTURE | W1: Rank | X1: VAR | Y1: Rank | Z1: Week | AA1: Year
A2: ARI | B2: -4.7 | C2: 17 | D2: -11.5 | E2: 36526 | F2: X | G2: -4.7 | H2: 20 | I2: -7.2 | J2: 12 | K2: -7.2 | L2: 26 | M2: -4.7 | N2: 1.1 | O2: -5.7 | P2: 0.4 | Q2: 23 | R2: -4.7 | S2: 17 | T2: 0 | U2: 1 | V2: 4.2 | W2: 12 | X2: 0 | Y2: 1 | Z2: 1 | AA2: 2025
A3: ATL | B3: -13.3 | C3: 22 | D3: -9.4 | E3: 0-1 | F3: X | G3: -2.9 | H3: 19 | I3: 0.4 | J3: 16 | K3: -9.9 | L3: 30 | M3: -0.9 | N3: 0.4 | O3: -8.1 | P3: 0.4 | Q3: 22 | R3: -13.3 | S3: 22 | T3: 0 | U3: 1 | V3: -2.6 | W3: 21 | X3: 0 | Y3: 1 | Z3: 1 | AA3: 2025
A4: BAL | B4: 36.9 | C4: 6 | D4: 36.6 | E4: 0-1 | F4: X | G4: 56.9 | H4: 1 | I4: 21.8 | J4: 26 | K4: 1.8 | L4: 12 | M4: 59.2 | N4: 24.9 | O4: 2.3 | P4: 0.6 | Q4: 11 | R4: 36.9 | S4: 6 | T4: 0 | U4: 1 | V4: -7.9 | W4: 27 | X4: 0 | Y4: 1 | Z4: 1 | AA4: 2025
A5: BUF | B5: -38.5 | C5: 26 | D5: -36.7 | E5: 36526 | F5: X | G5: 23.5 | H5: 7 | I5: 58.8 | J5: 32 | K5: -3.2 | L5: 23 | M5: 26.7 | N5: 61 | O5: -2.4 | P5: 0.3 | Q5: 25 | R5: -38.5 | S5: 26 | T5: 0 | U5: 1 | V5: -16.3 | W5: 29 | X5: 0 | Y5: 1 | Z5: 1 | AA5: 2025
A6: CAR | B6: -47.9 | C6: 29 | D6: -49.7 | E6: 0-1 | F6: X | G6: -37.1 | H6: 29 | I6: 8.2 | J6: 19 | K6: -2.7 | L6: 21 | M6: -39.9 | N6: 8.2 | O6: -1.6 | P6: 0.3 | Q6: 24 | R6: -47.9 | S6: 29 | T6: 0 | U6: 1 | V6: -5.1 | W6: 25 | X6: 0 | Y6: 1 | Z6: 1 | AA6: 2025
A7: CHI | B7: -13.3 | C7: 23 | D7: -26.9 | E7: 0-1 | F7: X | G7: -7.9 | H7: 21 | I7: -3.4 | J7: 13 | K7: -8.8 | L7: 29 | M7: -7.9 | N7: 11 | O7: -7.9 | P7: 0.2 | Q7: 30 | R7: -13.3 | S7: 23 | T7: 0 | U7: 1 | V7: 5.4 | W7: 11 | X7: 0 | Y7: 1 | Z7: 1 | AA7: 2025
A8: CIN | B8: -2.3 | C8: 16 | D8: -1.7 | E8: 36526 | F8: X | G8: -13.9 | H8: 24 | I8: -11.9 | J8: 10 | K8: -0.4 | L8: 17 | M8: -13.9 | N8: -11.9 | O8: 0.3 | P8: 0.4 | Q8: 21 | R8: -2.3 | S8: 16 | T8: 0 | U8: 1 | V8: 1.7 | W8: 16 | X8: 0 | Y8: 1 | Z8: 1 | AA8: 2025
A9: CLE | B9: -10.8 | C9: 20 | D9: -10.2 | E9: 0-1 | F9: X | G9: -14.4 | H9: 25 | I9: -16.6 | J9: 7 | K9: -13 | L9: 31 | M9: -14.4 | N9: -16.6 | O9: -12.4 | P9: 0.6 | Q9: 12 | R9: -10.8 | S9: 20 | T9: 0 | U9: 1 | V9: -3.8 | W9: 23 | X9: 0 | Y9: 1 | Z9: 1 | AA9: 2025
A10: DAL | B10: -0.4 | C10: 14 | D10: -3.3 | E10: 0-1 | F10: X | G10: 25 | H10: 6 | I10: 26.4 | J10: 28 | K10: 1 | L10: 14 | M10: 21.5 | N10: 26.4 | O10: 1.6 | P10: 0.5 | Q10: 15 | R10: -0.4 | S10: 14 | T10: 0 | U10: 1 | V10: 4.1 | W10: 13 | X10: 0 | Y10: 1 | Z10: 1 | AA10: 2025
A11: DEN | B11: 38.1 | C11: 5 | D11: 46.8 | E11: 36526 | F11: X | G11: -19.8 | H11: 26 | I11: -65.7 | J11: 1 | K11: -7.9 | L11: 27 | M11: -23.4 | N11: -74.9 | O11: -4.8 | P11: 0.7 | Q11: 4 | R11: 38.1 | S11: 5 | T11: 0 | U11: 1 | V11: 15.4 | W11: 1 | X11: 0 | Y11: 1 | Z11: 1 | AA11: 2025
A12: DET | B12: -54.5 | C12: 30 | D12: -48.7 | E12: 0-1 | F12: X | G12: -36.7 | H12: 28 | I12: 14.6 | J12: 24 | K12: -3.2 | L12: 22 | M12: -31.5 | N12: 14.6 | O12: -2.6 | P12: 0.3 | Q12: 26 | R12: -54.5 | S12: 30 | T12: 0 | U12: 1 | V12: 7.3 | W12: 8 | X12: 0 | Y12: 1 | Z12: 1 | AA12: 2025
A13: GB | B13: 61.7 | C13: 3 | D13: 58.6 | E13: 36526 | F13: X | G13: 19.7 | H13: 9 | I13: -36.4 | J13: 4 | K13: 5.6 | L13: 10 | M13: 19.7 | N13: -32.8 | O13: 6.2 | P13: 0.7 | Q13: 6 | R13: 61.7 | S13: 3 | T13: 0 | U13: 1 | V13: -1.5 | W13: 20 | X13: 0 | Y13: 1 | Z13: 1 | AA13: 2025
A14: HOU | B14: -33.2 | C14: 25 | D14: -31 | E14: 0-1 | F14: X | G14: -25.7 | H14: 27 | I14: 8.6 | J14: 21 | K14: 1 | L14: 13 | M14: -30.1 | N14: 3.7 | O14: 2.9 | P14: 0.3 | Q14: 27 | R14: -33.2 | S14: 25 | T14: 0 | U14: 1 | V14: 12.5 | W14: 2 | X14: 0 | Y14: 1 | Z14: 1 | AA14: 2025
A15: IND | B15: 70.8 | C15: 2 | D15: 75.9 | E15: 36526 | F15: X | G15: 18.7 | H15: 10 | I15: -52.2 | J15: 2 | K15: -0.1 | L15: 15 | M15: 22.5 | N15: -52.3 | O15: 1.2 | P15: 0.7 | Q15: 5 | R15: 70.8 | S15: 2 | T15: 0 | U15: 1 | V15: -0.1 | W15: 18 | X15: 0 | Y15: 1 | Z15: 1 | AA15: 2025
A16: JAX | B16: 47.5 | C16: 4 | D16: 50.3 | E16: 36526 | F16: X | G16: 5.8 | H16: 15 | I16: -35.5 | J16: 5 | K16: 6.2 | L16: 9 | M16: 4.7 | N16: -38.1 | O16: 7.4 | P16: 0.7 | Q16: 10 | R16: 47.5 | S16: 4 | T16: 0 | U16: 1 | V16: 5.5 | W16: 10 | X16: 0 | Y16: 1 | Z16: 1 | AA16: 2025
A17: KC | B17: -16.5 | C17: 24 | D17: -21.1 | E17: 0-1 | F17: X | G17: 11.8 | H17: 11 | I17: 36.5 | J17: 30 | K17: 8.2 | L17: 5 | M17: 11.8 | N17: 42.2 | O17: 9.4 | P17: 0.5 | Q17: 19 | R17: -16.5 | S17: 24 | T17: 0 | U17: 1 | V17: 9.7 | W17: 4 | X17: 0 | Y17: 1 | Z17: 1 | AA17: 2025
A18: LAC | B18: 18.6 | C18: 11 | D18: 17.8 | E18: 36526 | F18: X | G18: 34.4 | H18: 3 | I18: 13.4 | J18: 23 | K18: -2.4 | L18: 20 | M18: 40.4 | N18: 21.3 | O18: -1.3 | P18: 0.5 | Q18: 18 | R18: 18.6 | S18: 11 | T18: 0 | U18: 1 | V18: 8.1 | W18: 6 | X18: 0 | Y18: 1 | Z18: 1 | AA18: 2025
A19: LAR | B19: 27 | C19: 8 | D19: 29.8 | E19: 36526 | F19: X | G19: 1.1 | H19: 17 | I19: -18.1 | J19: 6 | K19: 7.8 | L19: 6 | M19: -1.4 | N19: -22.4 | O19: 8.8 | P19: 0.7 | Q19: 9 | R19: 27 | S19: 8 | T19: 0 | U19: 1 | V19: -1.4 | W19: 19 | X19: 0 | Y19: 1 | Z19: 1 | AA19: 2025
A20: LV | B20: 27.3 | C20: 7 | D20: 15.6 | E20: 36526 | F20: X | G20: 20.7 | H20: 8 | I20: -11.6 | J20: 11 | K20: -5 | L20: 24 | M20: 20.7 | N20: 0.9 | O20: -4.2 | P20: 0.8 | Q20: 2 | R20: 27.3 | S20: 7 | T20: 0 | U20: 1 | V20: 7.4 | W20: 7 | X20: 0 | Y20: 1 | Z20: 1 | AA20: 2025
A21: MIA | B21: -57.1 | C21: 31 | D21: -60.6 | E21: 0-1 | F21: X | G21: -52.1 | H21: 31 | I21: 8 | J21: 18 | K21: 3 | L21: 11 | M21: -52.3 | N21: 11.4 | O21: 3.1 | P21: 0.3 | Q21: 28 | R21: -57.1 | S21: 31 | T21: 0 | U21: 1 | V21: -3.8 | W21: 24 | X21: 0 | Y21: 1 | Z21: 1 | AA21: 2025
A22: MIN | B22: 18.2 | C22: 12 | D22: 12.9 | E22: 36526 | F22: X | G22: 10.6 | H22: 12 | I22: -1.2 | J22: 14 | K22: 6.3 | L22: 8 | M22: 10.6 | N22: 4.8 | O22: 7.1 | P22: 0.8 | Q22: 3 | R22: 18.2 | S22: 12 | T22: 0 | U22: 1 | V22: 1.7 | W22: 15 | X22: 0 | Y22: 1 | Z22: 1 | AA22: 2025
A23: NE | B23: -40 | C23: 27 | D23: -34.8 | E23: 0-1 | F23: X | G23: -9 | H23: 22 | I23: 22.8 | J23: 27 | K23: -8.2 | L23: 28 | M23: -4.9 | N23: 22.8 | O23: -7 | P23: 0.1 | Q23: 31 | R23: -40 | S23: 27 | T23: 0 | U23: 1 | V23: -20.3 | W23: 31 | X23: 0 | Y23: 1 | Z23: 1 | AA23: 2025
A24: NO | B24: -6.8 | C24: 18 | D24: -5.5 | E24: 0-1 | F24: X | G24: -2.8 | H24: 18 | I24: -1.2 | J24: 15 | K24: -5.2 | L24: 25 | M24: -2.8 | N24: -1.2 | O24: -3.9 | P24: 0.6 | Q24: 13 | R24: -6.8 | S24: 18 | T24: 0 | U24: 1 | V24: -22.7 | W24: 32 | X24: 0 | Y24: 1 | Z24: 1 | AA24: 2025
A25: NYG | B25: -86.3 | C25: 32 | D25: -78.4 | E25: 0-1 | F25: X | G25: -47.8 | H25: 30 | I25: 38 | J25: 31 | K25: -0.4 | L25: 18 | M25: -40.6 | N25: 38 | O25: 0.2 | P25: 0.1 | Q25: 32 | R25: -86.3 | S25: 32 | T25: 0 | U25: 1 | V25: 10.1 | W25: 3 | X25: 0 | Y25: 1 | Z25: 1 | AA25: 2025
A26: NYJ | B26: 24 | C26: 10 | D26: 18.8 | E26: 0-1 | F26: X | G26: 25.8 | H26: 5 | I26: 11 | J26: 22 | K26: 9.3 | L26: 4 | M26: 25.8 | N26: 16.7 | O26: 9.7 | P26: 0.7 | Q26: 8 | R26: 24 | S26: 10 | T26: 0 | U26: 1 | V26: -14.4 | W26: 28 | X26: 0 | Y26: 1 | Z26: 1 | AA26: 2025
A27: PHI | B27: 24.2 | C27: 9 | D27: 27.7 | E27: 36526 | F27: X | G27: 31.7 | H27: 4 | I27: 19.9 | J27: 25 | K27: 12.5 | L27: 1 | M27: 31.7 | N27: 16.7 | O27: 12.8 | P27: 0.7 | Q27: 7 | R27: 24.2 | S27: 9 | T27: 0 | U27: 1 | V27: 3.6 | W27: 14 | X27: 0 | Y27: 1 | Z27: 1 | AA27: 2025
A28: PIT | B28: -8.5 | C28: 19 | D28: -2.1 | E28: 36526 | F28: X | G28: 9.1 | H28: 13 | I28: 27.5 | J28: 29 | K28: 9.9 | L28: 3 | M28: 15 | N28: 27.5 | O28: 10.3 | P28: 0.5 | Q28: 16 | R28: -8.5 | S28: 19 | T28: 0 | U28: 1 | V28: 0 | W28: 17 | X28: 0 | Y28: 1 | Z28: 1 | AA28: 2025
A29: SEA | B29: -12.9 | C29: 21 | D29: -16.3 | E29: 0-1 | F29: X | G29: -12.5 | H29: 23 | I29: 8.2 | J29: 20 | K29: 7.7 | L29: 7 | M29: -16.5 | N29: 8.2 | O29: 8.4 | P29: 0.4 | Q29: 20 | R29: -12.9 | S29: 21 | T29: 0 | U29: 1 | V29: 6.8 | W29: 9 | X29: 0 | Y29: 1 | Z29: 1 | AA29: 2025
A30: SF | B30: -1.2 | C30: 15 | D30: 3 | E30: 36526 | F30: X | G30: 7.3 | H30: 14 | I30: -15 | J30: 9 | K30: -23.5 | L30: 32 | M30: 7.3 | N30: -18.7 | O30: -23 | P30: 0.5 | Q30: 14 | R30: -1.2 | S30: 15 | T30: 0 | U30: 1 | V30: -6.5 | W30: 26 | X30: 0 | Y30: 1 | Z30: 1 | AA30: 2025
A31: TB | B31: 0 | C31: 13 | D31: 1.4 | E31: 36526 | F31: X | G31: 4.6 | H31: 16 | I31: 4.3 | J31: 17 | K31: -0.3 | L31: 16 | M31: 4.6 | N31: 4.3 | O31: 1.1 | P31: 0.5 | Q31: 17 | R31: 0 | S31: 13 | T31: 0 | U31: 1 | V31: -18.1 | W31: 30 | X31: 0 | Y31: 1 | Z31: 1 | AA31: 2025
A32: TEN | B32: -42.2 | C32: 28 | D32: -38.9 | E32: 0-1 | F32: X | G32: -68.9 | H32: 32 | I32: -16.2 | J32: 8 | K32: 10.5 | L32: 2 | M32: -78.5 | N32: -19.6 | O32: 20 | P32: 0.3 | Q32: 29 | R32: -42.2 | S32: 28 | T32: 0 | U32: 1 | V32: 9.4 | W32: 5 | X32: 0 | Y32: 1 | Z32: 1 | AA32: 2025
A33: WAS | B33: 81.5 | C33: 1 | D33: 75.1 | E33: 36526 | F33: X | G33: 36.4 | H33: 2 | I33: -45.6 | J33: 3 | K33: -0.5 | L33: 19 | M33: 36.4 | N33: -38.8 | O33: -0.1 | P33: 0.8 | Q33: 1 | R33: 81.5 | S33: 1 | T33: 0 | U33: 1 | V33: -2.6 | W33: 22 | X33: 0 | Y33: 1 | Z33: 1 | AA33: 2025

Sheet Schedule
A1: Week | B1: Day | C1: Date | D1: Time | E1: Winner/tie | G1: Loser/tie | I1: PtsW | J1: PtsL | K1: YdsW | L1: TOW | M1: YdsL | N1: TOL | O1: A | P1: B | Q1: T1 | R1: T2 | S1: A H/A | T1: DC1 | U1: DC2 | V1: Match | W1: Played? | X1: C | Y1: D | Z1: Simulate | AA1: EA | AB1: EH | AC1: RA | AD1: RH | AE1: RW | AF1: RL | AG1: Row
A2: 1 | B2: Thu | C2: 45904 | D2: 8:20PM | E2: Philadelphia Eagles | G2: Dallas Cowboys | H2: boxscore | I2: 24 | J2: 20 | K2: 302 | L2: 0 | M2: 307 | N2: 1 | O2: =IF(I2<>"",IF(I2=J2,"TIE",INDEX(Index!$F$1:$F$32,MATCH(E2,Index!$E$1:$E$32,0))),INDEX(Index!$F$1:$F$32,MATCH(E2,Index!$E$1:$E$32,0))) -> PHI | P2: =IF(I2<>"",IF(I2=J2,"TIE",INDEX(Index!$F$1:$F$32,MATCH(G2,Index!$E$1:$E$32,0))),INDEX(Index!$F$1:$F$32,MATCH(G2,Index!$E$1:$E$32,0))) -> DAL | Q2: =IF(O2="TIE",INDEX(Index!$F$1:$F$32,MATCH(E2,Index!$E$1:$E$32,0)),"") | R2: =IF(P2="TIE",INDEX(Index!$F$1:$F$32,MATCH(G2,Index!$E$1:$E$32,0)),"") | S2: =IF(F2="@","A","H") -> H | T2: =INDEX(Index!$H$1:$H$32,MATCH($E2,Index!$E$1:$E$32,0)) -> NE | U2: =INDEX(Index!$H$1:$H$32,MATCH($G2,Index!$E$1:$E$32,0)) -> NE | V2: =IF(T2=U2,"Div",IF(LEFT(T2,1)=LEFT(U2,1),"Con","Non")) -> Div | W2: =IF(I2<>"","Y","N") -> Y | X2: =INDEX(Index!$G$1:$G$32,MATCH(E2,Index!$E$1:$E$32,0)) -> PHI | Y2: =INDEX(Index!$G$1:$G$32,MATCH(G2,Index!$E$1:$E$32,0)) -> DAL | Z2: =IF(W2="Y","","Simulate") | AA2: {=IFERROR(IF($W2="Y","",INDEX(EPA!$N$2:$N$512,MATCH(X2&Index!$K$1,EPA!$A$2:$A$512&EPA!$W$2:$W$512,0))),"")} | AB2: {=IFERROR(IF($W2="Y","",INDEX(EPA!$N$2:$N$512,MATCH(Y2&Index!$K$1,EPA!$A$2:$A$512&EPA!$W$2:$W$512,0))),"")} | AC2: =IF(AA2<>"",_xlfn.NORM.INV(RAND(),AA2,Index!$K$2),"") | AD2: =IF(AB2<>"",_xlfn.NORM.INV(RAND(),AB2,Index!$K$2),"") | AE2: =IF(W2="Y",O2,IF(AC2>AD2,O2,P2)) -> PHI | AF2: =IF(W2="Y",P2,IF(AC2>AD2,P2,O2)) -> DAL | AG2: =ROW(A2)-1 -> 1
A3: 1 | B3: Fri | C3: 45905 | D3: 8:00PM | E3: Los Angeles Chargers | G3: Kansas City Chiefs | H3: boxscore | I3: 27 | J3: 21 | K3: 394 | L3: 0 | M3: 347 | N3: 0 | O3: =IF(I3<>"",IF(I3=J3,"TIE",INDEX(Index!$F$1:$F$32,MATCH(E3,Index!$E$1:$E$32,0))),INDEX(Index!$F$1:$F$32,MATCH(E3,Index!$E$1:$E$32,0))) -> LAC | P3: =IF(I3<>"",IF(I3=J3,"TIE",INDEX(Index!$F$1:$F$32,MATCH(G3,Index!$E$1:$E$32,0))),INDEX(Index!$F$1:$F$32,MATCH(G3,Index!$E$1:$E$32,0))) -> KC | Q3: =IF(O3="TIE",INDEX(Index!$F$1:$F$32,MATCH(E3,Index!$E$1:$E$32,0)),"") | R3: =IF(P3="TIE",INDEX(Index!$F$1:$F$32,MATCH(G3,Index!$E$1:$E$32,0)),"") | S3: =IF(F3="@","A","H") -> H | T3: =INDEX(Index!$H$1:$H$32,MATCH($E3,Index!$E$1:$E$32,0)) -> AW | U3: =INDEX(Index!$H$1:$H$32,MATCH($G3,Index!$E$1:$E$32,0)) -> AW | V3: =IF(T3=U3,"Div",IF(LEFT(T3,1)=LEFT(U3,1),"Con","Non")) -> Div | W3: =IF(I3<>"","Y","N") -> Y | X3: =INDEX(Index!$G$1:$G$32,MATCH(E3,Index!$E$1:$E$32,0)) -> LAC | Y3: =INDEX(Index!$G$1:$G$32,MATCH(G3,Index!$E$1:$E$32,0)) -> KC | Z3: =IF(W3="Y","","Simulate") | AA3: {=IFERROR(IF($W3="Y","",INDEX(EPA!$N$2:$N$512,MATCH(X3&Index!$K$1,EPA!$A$2:$A$512&EPA!$W$2:$W$512,0))),"")} | AB3: {=IFERROR(IF($W3="Y","",INDEX(EPA!$N$2:$N$512,MATCH(Y3&Index!$K$1,EPA!$A$2:$A$512&EPA!$W$2:$W$512,0))),"")} | AC3: =IF(AA3<>"",_xlfn.NORM.INV(RAND(),AA3,Index!$K$2),"") | AD3: =IF(AB3<>"",_xlfn.NORM.INV(RAND(),AB3,Index!$K$2),"") | AE3: =IF(W3="Y",O3,IF(AC3>AD3,O3,P3)) -> LAC | AF3: =IF(W3="Y",P3,IF(AC3>AD3,P3,O3)) -> KC | AG3: =ROW(A3)-1 -> 2
A4: 1 | B4: Sun | C4: 45907 | D4: 1:00PM | E4: Tampa Bay Buccaneers | F4: @ | G4: Atlanta Falcons | H4: boxscore | I4: 23 | J4: 20 | K4: 260 | L4: 0 | M4: 358 | N4: 0 | O4: =IF(I4<>"",IF(I4=J4,"TIE",INDEX(Index!$F$1:$F$32,MATCH(E4,Index!$E$1:$E$32,0))),INDEX(Index!$F$1:$F$32,MATCH(E4,Index!$E$1:$E$32,0))) -> TB | P4: =IF(I4<>"",IF(I4=J4,"TIE",INDEX(Index!$F$1:$F$32,MATCH(G4,Index!$E$1:$E$32,0))),INDEX(Index!$F$1:$F$32,MATCH(G4,Index!$E$1:$E$32,0))) -> ATL | Q4: =IF(O4="TIE",INDEX(Index!$F$1:$F$32,MATCH(E4,Index!$E$1:$E$32,0)),"") | R4: =IF(P4="TIE",INDEX(Index!$F$1:$F$32,MATCH(G4,Index!$E$1:$E$32,0)),"") | S4: =IF(F4="@","A","H") -> A | T4: =INDEX(Index!$H$1:$H$32,MATCH($E4,Index!$E$1:$E$32,0)) -> NS | U4: =INDEX(Index!$H$1:$H$32,MATCH($G4,Index!$E$1:$E$32,0)) -> NS | V4: =IF(T4=U4,"Div",IF(LEFT(T4,1)=LEFT(U4,1),"Con","Non")) -> Div | W4: =IF(I4<>"","Y","N") -> Y | X4: =INDEX(Index!$G$1:$G$32,MATCH(E4,Index!$E$1:$E$32,0)) -> TB | Y4: =INDEX(Index!$G$1:$G$32,MATCH(G4,Index!$E$1:$E$32,0)) -> ATL | Z4: =IF(W4="Y","","Simulate") | AA4: {=IFERROR(IF($W4="Y","",INDEX(EPA!$N$2:$N$512,MATCH(X4&Index!$K$1,EPA!$A$2:$A$512&EPA!$W$2:$W$512,0))),"")} | AB4: {=IFERROR(IF($W4="Y","",INDEX(EPA!$N$2:$N$512,MATCH(Y4&Index!$K$1,EPA!$A$2:$A$512&EPA!$W$2:$W$512,0))),"")} | AC4: =IF(AA4<>"",_xlfn.NORM.INV(RAND(),AA4,Index!$K$2),"") | AD4: =IF(AB4<>"",_xlfn.NORM.INV(RAND(),AB4,Index!$K$2),"") | AE4: =IF(W4="Y",O4,IF(AC4>AD4,O4,P4)) -> TB | AF4: =IF(W4="Y",P4,IF(AC4>AD4,P4,O4)) -> ATL | AG4: =ROW(A4)-1 -> 3
A5: 1 | B5: Sun | C5: 45907 | D5: 1:00PM | E5: Jacksonville Jaguars | G5: Carolina Panthers | H5: boxscore | I5: 26 | J5: 10 | K5: 378 | L5: 1 | M5: 255 | N5: 3 | O5: =IF(I5<>"",IF(I5=J5,"TIE",INDEX(Index!$F$1:$F$32,MATCH(E5,Index!$E$1:$E$32,0))),INDEX(Index!$F$1:$F$32,MATCH(E5,Index!$E$1:$E$32,0))) -> JAX | P5: =IF(I5<>"",IF(I5=J5,"TIE",INDEX(Index!$F$1:$F$32,MATCH(G5,Index!$E$1:$E$32,0))),INDEX(Index!$F$1:$F$32,MATCH(G5,Index!$E$1:$E$32,0))) -> CAR | Q5: =IF(O5="TIE",INDEX(Index!$F$1:$F$32,MATCH(E5,Index!$E$1:$E$32,0)),"") | R5: =IF(P5="TIE",INDEX(Index!$F$1:$F$32,MATCH(G5,Index!$E$1:$E$32,0)),"") | S5: =IF(F5="@","A","H") -> H | T5: =INDEX(Index!$H$1:$H$32,MATCH($E5,Index!$E$1:$E$32,0)) -> AS | U5: =INDEX(Index!$H$1:$H$32,MATCH($G5,Index!$E$1:$E$32,0)) -> NS | V5: =IF(T5=U5,"Div",IF(LEFT(T5,1)=LEFT(U5,1),"Con","Non")) -> Non | W5: =IF(I5<>"","Y","N") -> Y | X5: =INDEX(Index!$G$1:$G$32,MATCH(E5,Index!$E$1:$E$32,0)) -> JAX | Y5: =INDEX(Index!$G$1:$G$32,MATCH(G5,Index!$E$1:$E$32,0)) -> CAR | Z5: =IF(W5="Y","","Simulate") | AA5: {=IFERROR(IF($W5="Y","",INDEX(EPA!$N$2:$N$512,MATCH(X5&Index!$K$1,EPA!$A$2:$A$512&EPA!$W$2:$W$512,0))),"")} | AB5: {=IFERROR(IF($W5="Y","",INDEX(EPA!$N$2:$N$512,MATCH(Y5&Index!$K$1,EPA!$A$2:$A$512&EPA!$W$2:$W$512,0))),"")} | AC5: =IF(AA5<>"",_xlfn.NORM.INV(RAND(),AA5,Index!$K$2),"") | AD5: =IF(AB5<>"",_xlfn.NORM.INV(RAND(),AB5,Index!$K$2),"") | AE5: =IF(W5="Y",O5,IF(AC5>AD5,O5,P5)) -> JAX | AF5: =IF(W5="Y",P5,IF(AC5>AD5,P5,O5)) -> CAR | AG5: =ROW(A5)-1 -> 4
