Workbook

Sheet Index
A1: BUF | B1: BUF | D1: SF | E1: SF | F1: Dallas Cowboys | G1: DAL
A2: MIA | B2: MIA | D2: KC | E2: KC | F2: Philadelphia Eagles | G2: PHI
A3: SF | B3: SF | D3: BUF | E3: BUF | F3: New York Jets | G3: NYJ
A4: CLE | B4: CLE | D4: MIA | E4: MIA | F4: Jacksonville Jaguars | G4: JAX
A5: PHI | B5: PHI | D5: DAL | E5: DAL | F5: Kansas City Chiefs | G5: KC
A6: KC | B6: KC | D6: PHI | E6: PHI | F6: New York Giants | G6: NYG
A7: DAL | B7: DAL | D7: CLE | E7: CLE | F7: New England Patriots | G7: NE
A8: BAL | B8: BAL | D8: BAL | E8: BAL | F8: Green Bay Packers | G8: GB
A9: DET | B9: DET | D9: DET | E9: DET | F9: Detroit Lions | G9: DET
A10: ARI | B10: ARI | D10: CIN | E10: CIN | F10: Washington Commanders | G10: WAS
A11: NO | B11: NO | D11: LAC | E11: LAC | F11: San Francisco 49ers | G11: SF
A12: GB | B12: GB | D12: SEA | E12: SEA | F12: Arizona Cardinals | G12: ARI
... A32: CHI | B32: CHI | D32: HOU | E32: HOU | F32: Atlanta Falcons | G32: ATL
A33: STL | B33: LAR
A34: SD | B34: LAC
A35: OAK | B35: LV
A36: JAX | B36: JAX
A37: LAR | B37: LAR

Sheet DVOA
A1: WEEK | B1: SEASON | C1: TEAM | D1: Dec Bin | E1: DVOA Adj | F1: TEAM | G1: TOTAL DVOA RANK | H1: TOTAL DVOA | I1: LAST WEEK | J1: NON-ADJ TOTAL VOA | K1: W-L | L1: OFFENSE DVOA | M1: OFFENSE RANK | N1: DEFENSE DVOA | O1: DEFENSE RANK | P1: SPECIAL TEAMS DVOA | Q1: SPECIAL TEAMS RANK | R1: OFFENSE VOA UNADJ | S1: DEFENSE VOA UNADJ | T1: SPECIAL VOA UNADJ | U1: ESTIMATED WINS | V1: RANK | W1: WEIGHTED DVOA | X1: WEIGHT RANK | Y1: PAST SCHEDULE | Z1: PAST RANK | AA1: FUTURE SCHEDULE | AB1: FUTURE RANK | AC1: VARIANCE | AD1: VAR RANK
A2: 1 | B2: 2010 | C2: =INDEX(Index!$B$1:$B$500,MATCH($F2,Index!$A$1:$A$500,0) ) -> TEN | D2: 0 | E2: =IF(D2=1,H2/100,H2) -> 0.70511004 | F2: TEN | G2: 1 | H2: 0.70511004 | K2: 1-0 | L2: 0.22943172 | M2: 6 | N2: -0.37821506 | O2: 4 | P2: 0.097463257 | Q2: 6
A3: 1 | B3: 2010 | C3: =INDEX(Index!$B$1:$B$500,MATCH($F3,Index!$A$1:$A$500,0) ) -> NE | D3: 0 | E3: =IF(D3=1,H3/100,H3) -> 0.6531498 | F3: NE | G3: 2 | H3: 0.6531498 | K3: 1-0 | L3: 0.54266093 | M3: 2 | N3: 0.07473033 | O3: 20 | P3: 0.1852192 | Q3: 2
A4: 1 | B4: 2010 | C4: =INDEX(Index!$B$1:$B$500,MATCH($F4,Index!$A$1:$A$500,0) ) -> SEA | D4: 0 | E4: =IF(D4=1,H4/100,H4) -> 0.59850683 | F4: SEA | G4: 3 | H4: 0.59850683 | K4: 1-0 | L4: 0.035383067 | M4: 13 | N4: -0.46614368 | O4: 1 | P4: 0.096980075 | Q4: 7
A5: 1 | B5: 2010 | C5: =INDEX(Index!$B$1:$B$500,MATCH($F5,Index!$A$1:$A$500,0) ) -> HOU | D5: 0 | E5: =IF(D5=1,H5/100,H5) -> 0.57392718 | F5: HOU | G5: 4 | H5: 0.57392718 | K5: 1-0 | L5: 0.56508865 | M5: 1 | N5: 0.13078022 | O5: 24 | P5: 0.13961875 | Q5: 5
A6: 1 | B6: 2010 | C6: =INDEX(Index!$B$1:$B$500,MATCH($F6,Index!$A$1:$A$500,0) ) -> GB | D6: 0 | E6: =IF(D6=1,H6/100,H6) -> 0.53854398 | F6: GB | G6: 5 | H6: 0.53854398 | K6: 1-0 | L6: 0.26996596 | M6: 5 | N6: -0.092123389 | O6: 9 | P6: 0.17645464 | Q6: 3
A7: 1 | B7: 2010 | C7: =INDEX(Index!$B$1:$B$500,MATCH($F7,Index!$A$1:$A$500,0) ) -> JAX | D7: 0 | E7: =IF(D7=1,H7/100,H7) -> 0.39799793 | F7: JAC | G7: 6 | H7: 0.39799793 | K7: 1-0 | L7: 0.38405927 | M7: 3 | N7: 0.15406465 | O7: 25 | P7: 0.16800331 | Q7: 4
A8: 1 | B8: 2010 | C8: =INDEX(Index!$B$1:$B$500,MATCH($F8,Index!$A$1:$A$500,0) ) -> MIA | D8: 0 | E8: =IF(D8=1,H8/100,H8) -> 0.38362457 | F8: MIA | G8: 7 | H8: 0.38362457 | K8: 1-0 | L8: 0.089675139 | M8: 12 | N8: -0.42574925 | O8: 3 | P8: -0.13179982 | Q8: 28
A9: 1 | B9: 2010 | C9: =INDEX(Index!$B$1:$B$500,MATCH($F9,Index!$A$1:$A$500,0) ) -> NYG | D9: 0 | E9: =IF(D9=1,H9/100,H9) -> 0.34286081 | F9: NYG | G9: 8 | H9: 0.34286081 | K9: 1-0 | L9: 0.10597059 | M9: 11 | N9: -0.45411654 | O9: 2 | P9: -0.21722633 | Q9: 30
A10: 1 | B10: 2010 | C10: =INDEX(Index!$B$1:$B$500,MATCH($F10,Index!$A$1:$A$500,0) ) -> CHI | D10: 0 | E10: =IF(D10=1,H10/100,H10) -> 0.33490914 | F10: CHI | G10: 9 | H10: 0.33490914 | K10: 1-0 | L10: -0.025280351 | M10: 20 | N10: -0.33088078 | O10: 6 | P10: 0.029308706 | Q10: 15
A11: 1 | B11: 2010 | C11: =INDEX(Index!$B$1:$B$500,MATCH($F11,Index!$A$1:$A$500,0) ) -> DAL | D11: 0 | E11: =IF(D11=1,H11/100,H11) -> 0.24329542 | F11: DAL | G11: 10 | H11: 0.24329542 | K11: 0-1 | L11: 0.32586901 | M11: 4 | N11: -0.040983887 | O11: 15 | P11: -0.12355748 | Q11: 27
A12: 1 | B12: 2010 | C12: =INDEX(Index!$B$1:$B$500,MATCH($F12,Index!$A$1:$A$500,0) ) -> NO | D12: 0 | E12: =IF(D12=1,H12/100,H12) -> 0.2008647 | F12: NO | G12: 11 | H12: 0.2008647 | K12: 1-0 | L12: 0.2150652 | M12: 7 | N12: -0.079974364 | O12: 12 | P12: -0.094174865 | Q12: 25
A13: 1 | B13: 2010 | C13: =INDEX(Index!$B$1:$B$500,MATCH($F13,Index!$A$1:$A$500,0) ) -> KC | D13: 0 | E13: =IF(D13=1,H13/100,H13) -> 0.16792251 | F13: KC | G13: 12 | H13: 0.16792251 | K13: 1-0 | L13: -0.0228242 | M13: 19 | N13: 0.092179098 | O13: 23 | P13: 0.28292581 | Q13: 1
... A7137: 18 | B7137: 2022 | C7137: =INDEX(Index!$B$1:$B$500,MATCH($F7137,Index!$A$1:$A$500,0) ) -> IND | D7137: 0 | E7137: =IF(D7137=1,H7137/100,H7137) -> -0.29332656 | F7137: IND | G7137: 32 | H7137: -0.29332656 | K7137: 4-12-1 | L7137: -0.26153509 | M7137: 32 | N7137: 0.012634713 | O7137: 17 | P7137: -0.019156751 | Q7137: 26
A7138: =#REF! -> #REF! | B7138: 2023 | C7138: =INDEX(Index!$B$1:$B$500,MATCH($F7138,Index!$A$1:$A$500,0) ) -> NYG | D7138: 0 | E7138: =IF(D7138=1,H7138/100,H7138) -> -1.0338662 | F7138: NYG | G7138: 32 | H7138: -1.0338662 | I7138: 0 | J7138: -1.0327219 | K7138: 0-1 | L7138: -0.752196 | M7138: 32 | N7138: 0.13334296 | O7138: 23 | P7138: -0.14832721 | Q7138: 32 | R7138: -0.67729962 | S7138: 0.21501676 | T7138: -0.14040552 | U7138: 0.041051709 | V7138: 31 | W7138: -1.0338662 | X7138: 32 | Y7138: 0 | Z7138: 1 | AA7138: 0.16687047 | AB7138: 1 | AC7138: 0 | AD7138: 1
A7139: =#REF! -> #REF! | B7139: 2023 | C7139: =INDEX(Index!$B$1:$B$500,MATCH($F7139,Index!$A$1:$A$500,0) ) -> CIN | D7139: 0 | E7139: =IF(D7139=1,H7139/100,H7139) -> -0.61258944 | F7139: CIN | G7139: 31 | H7139: -0.61258944 | I7139: 0 | J7139: -0.56770591 | K7139: 0-1 | L7139: -0.42929248 | M7139: 31 | N7139: 0.079686763 | O7139: 21 | P7139: -0.10361019 | Q7139: 28 | R7139: -0.42929248 | S7139: 0.049114292 | T7139: -0.08929913 | U7139: 0.22778777 | V7139: 27 | W7139: -0.61258944 | X7139: 31 | Y7139: 0 | Z7139: 1 | AA7139: -0.0032478268 | AB7139: 19 | AC7139: 0 | AD7139: 1
A7140: =#REF! -> #REF! | B7140: 2023 | C7140: =INDEX(Index!$B$1:$B$500,MATCH($F7140,Index!$A$1:$A$500,0) ) -> PIT | D7140: 0 | E7140: =IF(D7140=1,H7140/100,H7140) -> -0.51483492 | F7140: PIT | G7140: 30 | H7140: -0.51483492 | I7140: 0 | J7140: -0.56483588 | K7140: 0-1 | L7140: -0.27831613 | M7140: 28 | N7140: 0.19019799 | O7140: 26 | P7140: -0.046320802 | Q7140: 25 | R7140: -0.27831613 | S7140: 0.24742004 | T7140: -0.039099705 | U7140: 0.19847524 | V7140: 30 | W7140: -0.51483492 | X7140: 30 | Y7140: 0 | Z7140: 1 | AA7140: 0.021892097 | AB7140: 12 | AC7140: 0 | AD7140: 1
A7141: =#REF! -> #REF! | B7141: 2023 | C7141: =INDEX(Index!$B$1:$B$500,MATCH($F7141,Index!$A$1:$A$500,0) ) -> CHI | D7141: 0 | E7141: =IF(D7141=1,H7141/100,H7141) -> -0.41965556 | F7141: CHI | G7141: 29 | H7141: -0.41965556 | I7141: 0 | J7141: -0.4111414 | K7141: 0-1 | L7141: -0.18658257 | M7141: 23 | N7141: 0.21949386 | O7141: 28 | P7141: -0.013579125 | Q7141: 20 | R7141: -0.19037193 | S7141: 0.21949386 | T7141: -0.0012756046 | U7141: 0.21376409 | V7141: 28 | W7141: -0.41965556 | X7141: 29 | Y7141: 0 | Z7141: 1 | AA7141: 0.054979737 | AB7141: 3 | AC7141: 0 | AD7141: 1
A7142: =#REF! -> #REF! | B7142: 2023 | C7142: =INDEX(Index!$B$1:$B$500,MATCH($F7142,Index!$A$1:$A$500,0) ) -> IND | D7142: 0 | E7142: =IF(D7142=1,H7142/100,H7142) -> -0.3474929 | F7142: IND | G7142: 28 | H7142: -0.3474929 | I7142: 0 | J7142: -0.33636638 | K7142: 0-1 | L7142: -0.22480493 | M7142: 26 | N7142: 0.054811674 | O7142: 19 | P7142: -0.067876296 | Q7142: 27 | R7142: -0.28113463 | S7142: 0.0019573893 | T7142: -0.053274354 | U7142: 0.20384608 | V7142: 29 | W7142: -0.3474929 | X7142: 28 | Y7142: 0 | Z7142: 1 | AA7142: -0.034550954 | AB7142: 24 | AC7142: 0 | AD7142: 1
A7143: =#REF! -> #REF! | B7143: 2023 | C7143: =INDEX(Index!$B$1:$B$500,MATCH($F7143,Index!$A$1:$A$500,0) ) -> LAC | D7143: 0 | E7143: =IF(D7143=1,H7143/100,H7143) -> -0.29881255 | F7143: LAC | G7143: 27 | H7143: -0.29881255 | I7143: 0 | J7143: -0.27922067 | K7143: 0-1 | L7143: 0.40659927 | M7143: 2 | N7143: 0.7327823 | O7143: 32 | P7143: 0.027370474 | Q7143: 10 | R7143: 0.40659927 | S7143: 0.7327823 | T7143: 0.046962357 | U7143: 0.39050088 | V7143: 20 | W7143: -0.29881255 | X7143: 27 | Y7143: 0 | Z7143: 1 | AA7143: 0.043959921 | AB7143: 7 | AC7143: 0 | AD7143: 1
A7144: =#REF! -> #REF! | B7144: 2023 | C7144: =INDEX(Index!$B$1:$B$500,MATCH($F7144,Index!$A$1:$A$500,0) ) -> HOU | D7144: 0 | E7144: =IF(D7144=1,H7144/100,H7144) -> -0.28595961 | F7144: HOU | G7144: 26 | H7144: -0.28595961 | I7144: 0 | J7144: -0.31947168 | K7144: 0-1 | L7144: -0.27302682 | M7144: 27 | N7144: 0.057001838 | O7144: 20 | P7144: 0.044069045 | Q7144: 9 | R7144: -0.31364728 | S7144: 0.061624658 | T7144: 0.055800267 | U7144: 0 | V7144: 32 | W7144: -0.28595961 | X7144: 26 | Y7144: 0 | Z7144: 1 | AA7144: -0.043438576 | AB7144: 27 | AC7144: 0 | AD7144: 1
A7145: =#REF! -> #REF! | B7145: 2023 | C7145: =INDEX(Index!$B$1:$B$500,MATCH($F7145,Index!$A$1:$A$500,0) ) -> TEN | D7145: 0 | E7145: =IF(D7145=1,H7145/100,H7145) -> -0.27616478 | F7145: TEN | G7145: 25 | H7145: -0.27616478 | I7145: 0 | J7145: -0.28509827 | K7145: 0-1 | L7145: -0.31726603 | M7145: 29 | N7145: -0.033933533 | O7145: 13 | P7145: 0.0071677206 | Q7145: 15 | R7145: -0.31726603 | S7145: 0.015353322 | T7145: 0.047521081 | U7145: 0.27520083 | V7145: 25 | W7145: -0.27616478 | X7145: 25 | Y7145: 0 | Z7145: 1 | AA7145: -0.031900816 | AB7145: 23 | AC7145: 0 | AD7145: 1
A7146: =#REF! -> #REF! | B7146: 2023 | C7146: =INDEX(Index!$B$1:$B$500,MATCH($F7146,Index!$A$1:$A$500,0) ) -> SEA | D7146: 0 | E7146: =IF(D7146=1,H7146/100,H7146) -> -0.18777316 | F7146: SEA | G7146: 24 | H7146: -0.18777316 | I7146: 0 | J7146: -0.17382607 | K7146: 0-1 | L7146: 0.10813912 | M7146: 11 | N7146: 0.302258 | O7146: 30 | P7146: 0.0063457254 | Q7146: 16 | R7146: 0.10813912 | S7146: 0.302258 | T7146: 0.020292816 | U7146: 0.27587987 | V7146: 24 | W7146: -0.18777316 | X7146: 24 | Y7146: 0 | Z7146: 1 | AA7146: 0.010724371 | AB7146: 14 | AC7146: 0 | AD7146: 1
A7147: =#REF! -> #REF! | B7147: 2023 | C7147: =INDEX(Index!$B$1:$B$500,MATCH($F7147,Index!$A$1:$A$500,0) ) -> CAR | D7147: 0 | E7147: =IF(D7147=1,H7147/100,H7147) -> -0.17890568 | F7147: CAR | G7147: 23 | H7147: -0.17890568 | I7147: 0 | J7147: -0.20649735 | K7147: 0-1 | L7147: -0.21749249 | M7147: 25 | N7147: 0.035724098 | O7147: 18 | P7147: 0.074310906 | Q7147: 6 | R7147: -0.20231215 | S7147: 0.096437288 | T7147: 0.092252086 | U7147: 0.24100017 | V7147: 26 | W7147: -0.17890568 | X7147: 23 | Y7147: 0 | Z7147: 1 | AA7147: 0.071149758 | AB7147: 2 | AC7147: 0 | AD7147: 1
A7148: =#REF! -> #REF! | B7148: 2023 | C7148: =INDEX(Index!$B$1:$B$500,MATCH($F7148,Index!$A$1:$A$500,0) ) -> ARI | D7148: 0 | E7148: =IF(D7148=1,H7148/100,H7148) -> -0.16823707 | F7148: ARI | G7148: 22 | H7148: -0.16823707 | I7148: 0 | J7148: -0.20744131 | K7148: 0-1 | L7148: -0.32481609 | M7148: 30 | N7148: -0.062336963 | O7148: 12 | P7148: 0.094242055 | Q7148: 4 | R7148: -0.44988581 | S7148: -0.13372734 | T7148: 0.10871716 | U7148: 0.44179594 | V7148: 17 | W7148: -0.16823707 | X7148: 22 | Y7148: 0 | Z7148: 1 | AA7148: -0.00084679572 | AB7148: 17 | AC7148: 0 | AD7148: 1
A7149: =#REF! -> #REF! | B7149: 2023 | C7149: =INDEX(Index!$B$1:$B$500,MATCH($F7149,Index!$A$1:$A$500,0) ) -> LV | D7149: 0 | E7149: =IF(D7149=1,H7149/100,H7149) -> -0.066970919 | F7149: LV | G7149: 21 | H7149: -0.066970919 | I7149: 0 | J7149: -0.010870858 | K7149: 1-0 | L7149: 0.10523163 | M7149: 13 | N7149: 0.19499014 | O7149: 27 | P7149: 0.022787601 | Q7149: 11 | R7149: 0.13182018 | S7149: 0.19499014 | T7149: 0.052299104 | U7149: 0.51627207 | V7149: 15 | W7149: -0.066970919 | X7149: 21 | Y7149: 0 | Z7149: 1 | AA7149: -0.13639267 | AB7149: 32 | AC7149: 0 | AD7149: 1
... A7169: =#REF! -> #REF! | B7169: 2023 | C7169: =INDEX(Index!$B$1:$B$500,MATCH($F7169,Index!$A$1:$A$500,0) ) -> DAL | D7169: 0 | E7169: =IF(D7169=1,H7169/100,H7169) -> 0.79058426 | F7169: DAL | G7169: 1 | H7169: 0.79058426 | I7169: 0 | J7169: 0.86389033 | K7169: 1-0 | L7169: 0.14661962 | M7169: 9 | N7169: -0.66647494 | O7169: 1 | P7169: -0.022510303 | Q7169: 21 | R7169: 0.23320722 | S7169: -0.63959621 | T7169: -0.0089131037 | U7169: 0.74714228 | V7169: 4 | W7169: 0.79058426 | X7169: 1 | Y7169: 0 | Z7169: 1 | AA7169: -0.005515469 | AB7169: 20 | AC7169: 0 | AD7169: 1
A7170: =#REF! -> #REF! | B7170: 2023 | C7170: =INDEX(Index!$B$1:$B$500,MATCH($F7170,Index!$A$1:$A$500,0) ) -> NYG | D7170: 0 | E7170: =IF(D7170=1,H7170/100,H7170) -> -0.56813742 | F7170: NYG | G7170: 32 | H7170: -0.56813742 | I7170: 32 | J7170: -0.55915307 | K7170: 44927 | L7170: -0.29767712 | M7170: 29 | N7170: 0.20356179 | O7170: 27 | P7170: -0.066898509 | Q7170: 30 | R7170: -0.26376594 | S7170: 0.24334489 | T7170: -0.052042247 | U7170: 0.85936036 | V7170: 17 | W7170: -0.56813742 | X7170: 32 | Y7170: 0.30356329 | Z7170: 4 | AA7170: 0.13711589 | AB7170: 1 | AC7170: 0.36386574 | AD7170: 30
A7171: =#REF! -> #REF! | B7171: 2023 | C7171: =INDEX(Index!$B$1:$B$500,MATCH($F7171,Index!$A$1:$A$500,0) ) -> CHI | D7171: 0 | E7171: =IF(D7171=1,H7171/100,H7171) -> -0.47957066 | F7171: CHI | G7171: 31 | H7171: -0.47957066 | I7171: 29 | J7171: -0.44508951 | K7171: 0-2 | L7171: -0.3283262 | M7171: 30 | N7171: 0.18929529 | O7171: 26 | P7171: 0.038050827 | Q7171: 7 | R7171: -0.29226119 | S7171: 0.20793448 | T7171: 0.055106163 | U7171: 0 | V7171: 31 | W7171: -0.47957066 | X7171: 31 | Y7171: 0.25095097 | Z7171: 5 | AA7171: 0.0270221 | AB7171: 11 | AC7171: 0.0086479953 | AD7171: 8
A7172: =#REF! -> #REF! | B7172: 2023 | C7172: =INDEX(Index!$B$1:$B$500,MATCH($F7172,Index!$A$1:$A$500,0) ) -> HOU | D7172: 0 | E7172: =IF(D7172=1,H7172/100,H7172) -> -0.41652617 | F7172: HOU | G7172: 30 | H7172: -0.41652617 | I7172: 26 | J7172: -0.45899171 | K7172: 0-2 | L7172: -0.21529662 | M7172: 27 | N7172: 0.18813872 | O7172: 25 | P7172: -0.013090832 | Q7172: 19 | R7172: -0.2461505 | S7172: 0.219505 | T7172: 0.0066637873 | U7172: 0 | V7172: 31 | W7172: -0.41652617 | X7172: 30 | Y7172: 0.17855062 | Z7172: 9 | AA7172: -0.036216602 | AB7172: 24 | AC7172: 0.038860001 | AD7172: 16
A7173: =#REF! -> #REF! | B7173: 2023 | C7173: =INDEX(Index!$B$1:$B$500,MATCH($F7173,Index!$A$1:$A$500,0) ) -> CIN | D7173: 0 | E7173: =IF(D7173=1,H7173/100,H7173) -> -0.33961224 | F7173: CIN | G7173: 29 | H7173: -0.33961224 | I7173: 31 | J7173: -0.31410824 | K7173: 0-2 | L7173: -0.19256327 | M7173: 25 | N7173: 0.21478418 | O7173: 29 | P7173: 0.067735201 | Q7173: 4 | R7173: -0.19256327 | S7173: 0.20027083 | T7173: 0.078725858 | U7173: 0.23447881 | V7173: 28 | W7173: -0.33961224 | X7173: 29 | Y7173: 0.30687622 | Z7173: 3 | AA7173: 0.021818967 | AB7173: 14 | AC7173: 0.1466862 | AD7173: 27
A7174: =#REF! -> #REF! | B7174: 2023 | C7174: =INDEX(Index!$B$1:$B$500,MATCH($F7174,Index!$A$1:$A$500,0) ) -> PIT | D7174: 0 | E7174: =IF(D7174=1,H7174/100,H7174) -> -0.33854037 | F7174: PIT | G7174: 28 | H7174: -0.33854037 | I7174: 30 | J7174: -0.33830493 | K7174: 44927 | L7174: -0.42180574 | M7174: 32 | N7174: -0.058584807 | O7174: 12 | P7174: 0.02468057 | Q7174: 12 | R7174: -0.44892961 | S7174: -0.076579237 | T7174: 0.034045441 | U7174: 0.13457492 | V7174: 30 | W7174: -0.33854037 | X7174: 28 | Y7174: 0.3950837 | Z7174: 2 | AA7174: -0.038819747 | AB7174: 25 | AC7174: 0.084142541 | AD7174: 22
A7175: =#REF! -> #REF! | B7175: 2023 | C7175: =INDEX(Index!$B$1:$B$500,MATCH($F7175,Index!$A$1:$A$500,0) ) -> LV | D7175: 0 | E7175: =IF(D7175=1,H7175/100,H7175) -> -0.31981178 | F7175: LV | G7175: 27 | H7175: -0.31981178 | I7175: 21 | J7175: -0.32426477 | K7175: 44927 | L7175: -0.12602961 | M7175: 24 | N7175: 0.22250059 | O7175: 31 | P7175: 0.028718421 | Q7175: 9 | R7175: -0.1487122 | S7175: 0.22250059 | T7175: 0.046948017 | U7175: 0.6828873 | V7175: 23 | W7175: -0.31981178 | X7175: 27 | Y7175: 0.15082122 | Z7175: 10 | AA7175: -0.083332465 | AB7175: 31 | AC7175: 0.14669537 | AD7175: 28
A7176: =#REF! -> #REF! | B7176: 2023 | C7176: =INDEX(Index!$B$1:$B$500,MATCH($F7176,Index!$A$1:$A$500,0) ) -> NYJ | D7176: 0 | E7176: =IF(D7176=1,H7176/100,H7176) -> -0.23026245 | F7176: NYJ | G7176: 26 | H7176: -0.23026245 | I7176: 17 | J7176: -0.21956071 | K7176: 44927 | L7176: -0.41097826 | M7176: 31 | N7176: -0.040897821 | O7176: 13 | P7176: 0.13981799 | Q7176: 1 | R7176: -0.39998334 | S7176: -0.025966399 | T7176: 0.15445623 | U7176: 0.68661181 | V7176: 21 | W7176: -0.23026245 | X7176: 26 | Y7176: 0.51419882 | Z7176: 1 | AA7176: -0.0033236011 | AB7176: 19 | AC7176: 0.088819232 | AD7176: 23
A7177: =#REF! -> #REF! | B7177: 2023 | C7177: =INDEX(Index!$B$1:$B$500,MATCH($F7177,Index!$A$1:$A$500,0) ) -> TEN | D7177: 0 | E7177: =IF(D7177=1,H7177/100,H7177) -> -0.19976481 | F7177: TEN | G7177: 25 | H7177: -0.19976481 | I7177: 25 | J7177: -0.1906381 | K7177: 44927 | L7177: -0.19509307 | M7177: 26 | N7177: -0.011399511 | O7177: 16 | P7177: -0.016071249 | Q7177: 20 | R7177: -0.19509307 | S7177: 0.011868795 | T7177: 0.016323767 | U7177: 0.37331468 | V7177: 27 | W7177: -0.19976481 | X7177: 25 | Y7177: 0.033116328 | Z7177: 16 | AA7177: -0.013400205 | AB7177: 21 | AC7177: 0.019039671 | AD7177: 11
A7178: =#REF! -> #REF! | B7178: 2023 | C7178: =INDEX(Index!$B$1:$B$500,MATCH($F7178,Index!$A$1:$A$500,0) ) -> NE | D7178: 0 | E7178: =IF(D7178=1,H7178/100,H7178) -> -0.18212229 | F7178: NE | G7178: 24 | H7178: -0.18212229 | I7178: 14 | J7178: -0.18824356 | K7178: 0-2 | L7178: 0.014718713 | M7178: 17 | N7178: 0.17544706 | O7178: 24 | P7178: -0.021393941 | Q7178: 22 | R7178: -0.016209764 | S7178: 0.15849131 | T7178: -0.013542479 | U7178: 0.39975694 | V7178: 26 | W7178: -0.18212229 | X7178: 24 | Y7178: 0.24829072 | Z7178: 6 | AA7178: 0.022699655 | AB7178: 13 | AC7178: 0.089219824 | AD7178: 24
A7179: =#REF! -> #REF! | B7179: 2023 | C7179: =INDEX(Index!$B$1:$B$500,MATCH($F7179,Index!$A$1:$A$500,0) ) -> CAR | D7179: 0 | E7179: =IF(D7179=1,H7179/100,H7179) -> -0.16287287 | F7179: CAR | G7179: 23 | H7179: -0.16287287 | I7179: 23 | J7179: -0.17408172 | K7179: 0-2 | L7179: -0.24807655 | M7179: 28 | N7179: -0.0010741517 | O7179: 18 | P7179: 0.084129529 | Q7179: 3 | R7179: -0.25919639 | S7179: 0.020450364 | T7179: 0.10556504 | U7179: 0.22535826 | V7179: 29 | W7179: -0.16287287 | X7179: 23 | Y7179: 0.13093587 | Z7179: 11 | AA7179: 0.063418222 | AB7179: 5 | AC7179: 0.0061842722 | AD7179: 5
A7180: =#REF! -> #REF! | B7180: 2023 | C7180: =INDEX(Index!$B$1:$B$500,MATCH($F7180,Index!$A$1:$A$500,0) ) -> LAC | D7180: 0 | E7180: =IF(D7180=1,H7180/100,H7180) -> -0.13144238 | F7180: LAC | G7180: 22 | H7180: -0.13144238 | I7180: 27 | J7180: -0.10776886 | K7180: 0-2 | L7180: 0.21743052 | M7180: 3 | N7180: 0.36442751 | O7180: 32 | P7180: 0.015554608 | Q7180: 14 | R7180: 0.21743052 | S7180: 0.36442751 | T7180: 0.039228131 | U7180: 0.81233365 | V7180: 19 | W7180: -0.13144238 | X7180: 22 | Y7180: 0.070857933 | Z7180: 13 | AA7180: 0.0072947954 | AB7180: 17 | AC7180: 0.072385372 | AD7180: 21
A7181: =#REF! -> #REF! | B7181: 2023 | C7181: =INDEX(Index!$B$1:$B$500,MATCH($F7181,Index!$A$1:$A$500,0) ) -> DEN | D7181: 0 | E7181: =IF(D7181=1,H7181/100,H7181) -> -0.093646572 | F7181: DEN | G7181: 21 | H7181: -0.093646572 | I7181: 18 | J7181: -0.092428632 | K7181: 0-2 | L7181: 0.15224685 | M7181: 7 | N7181: 0.21581957 | O7181: 30 | P7181: -0.030073856 | Q7181: 23 | R7181: 0.13199089 | S7181: 0.23772578 | T7181: 0.013306257 | U7181: 0.65106393 | V7181: 25 | W7181: -0.093646572 | X7181: 21 | Y7181: -0.092602463 | Z7181: 21 | AA7181: -0.022270691 | AB7181: 22 | AC7181: 0.0026912616 | AD7181: 3
A7182: =#REF! -> #REF! | B7182: 2023 | C7182: =INDEX(Index!$B$1:$B$500,MATCH($F7182,Index!$A$1:$A$500,0) ) -> SEA | D7182: 0 | E7182: =IF(D7182=1,H7182/100,H7182) -> -0.075029264 | F7182: SEA | G7182: 20 | H7182: -0.075029264 | I7182: 24 | J7182: -0.064155309 | K7182: 44927 | L7182: 0.12216801 | M7182: 10 | N7182: 0.14618515 | O7182: 22 | P7182: -0.051012119 | Q7182: 28 | R7182: 0.12216801 | S7182: 0.15679189 | T7182: -0.02953143 | U7182: 0.84906521 | V7182: 18 | W7182: -0.075029264 | X7182: 20 | Y7182: -0.035996915 | Z7182: 18 | AA7182: 0.051256453 | AB7182: 6 | AC7182: 0.021492684 | AD7182: 12
A7183: =#REF! -> #REF! | B7183: 2023 | C7183: =INDEX(Index!$B$1:$B$500,MATCH($F7183,Index!$A$1:$A$500,0) ) -> LAR | D7183: 0 | E7183: =IF(D7183=1,H7183/100,H7183) -> -0.05296079 | F7183: LA | G7183: 19 | H7183: -0.05296079 | I7183: 11 | J7183: -0.059453413 | K7183: 44927 | L7183: 0.20274551 | M7183: 5 | N7183: 0.21002985 | O7183: 28 | P7183: -0.045676453 | Q7183: 27 | R7183: 0.20274551 | S7183: 0.23532154 | T7183: -0.026877388 | U7183: 0.97416327 | V7183: 16 | W7183: -0.05296079 | X7183: 19 | Y7183: 0.19901805 | Z7183: 7 | AA7183: 0.0794245 | AB7183: 3 | AC7183: 0.044401271 | AD7183: 17
A7184: =#REF! -> #REF! | B7184: 2023 | C7184: =INDEX(Index!$B$1:$B$500,MATCH($F7184,Index!$A$1:$A$500,0) ) -> ARI | D7184: 0 | E7184: =IF(D7184=1,H7184/100,H7184) -> -0.025982048 | F7184: ARI | G7184: 18 | H7184: -0.025982048 | I7184: 22 | J7184: -0.079928141 | K7184: 0-2 | L7184: -0.038984498 | M7184: 20 | N7184: -0.0062953029 | O7184: 17 | P7184: 0.006707147 | Q7184: 15 | R7184: -0.094662498 | S7184: 0.015250587 | T7184: 0.029984945 | U7184: 0.67776131 | V7184: 24 | W7184: -0.025982048 | X7184: 18 | Y7184: -0.21676528 | Z7184: 27 | AA7184: 0.038803978 | AB7184: 9 | AC7184: 0.037761992 | AD7184: 15
A7185: =#REF! -> #REF! | B7185: 2023 | C7185: =INDEX(Index!$B$1:$B$500,MATCH($F7185,Index!$A$1:$A$500,0) ) -> DET | D7185: 0 | E7185: =IF(D7185=1,H7185/100,H7185) -> -0.019033039 | F7185: DET | G7185: 17 | H7185: -0.019033039 | I7185: 13 | J7185: -0.041050079 | K7185: 44927 | L7185: 0.13222816 | M7185: 9 | N7185: 0.15747021 | O7185: 23 | P7185: 0.0062090101 | Q7185: 16 | R7185: 0.096196853 | S7185: 0.15747021 | T7185: 0.020223279 | U7185: 1.0207382 | V7185: 15 | W7185: -0.019033039 | X7185: 17 | Y7185: 0.0098344577 | Z7185: 17 | AA7185: 0.026366145 | AB7185: 12 | AC7185: 0.012005125 | AD7185: 9
A7186: =#REF! -> #REF! | B7186: 2023 | C7186: =INDEX(Index!$B$1:$B$500,MATCH($F7186,Index!$A$1:$A$500,0) ) -> MIN | D7186: 0 | E7186: =IF(D7186=1,H7186/100,H7186) -> 0.035991719 | F7186: MIN | G7186: 16 | H7186: 0.035991719 | I7186: 19 | J7186: -0.058466177 | K7186: 0-2 | L7186: 0.062848427 | M7186: 14 | N7186: 0.061298859 | O7186: 20 | P7186: 0.034442151 | Q7186: 8 | R7186: -0.041702217 | S7186: 0.061298859 | T7186: 0.044534899 | U7186: 0.68538876 | V7186: 22 | W7186: 0.035991719 | X7186: 16 | Y7186: 0.18005586 | Z7186: 8 | AA7186: -0.041411735 | AB7186: 26 | AC7186: 0.04646011 | AD7186: 18
A7187: =#REF! -> #REF! | B7187: 2023 | C7187: =INDEX(Index!$B$1:$B$500,MATCH($F7187,Index!$A$1:$A$500,0) ) -> IND | D7187: 0 | E7187: =IF(D7187=1,H7187/100,H7187) -> 0.060450851 | F7187: IND | G7187: 15 | H7187: 0.060450851 | I7187: 28 | J7187: 0.053208657 | K7187: 44927 | L7187: -0.010249171 | M7187: 18 | N7187: -0.1073819 | O7187: 9 | P7187: -0.036681876 | Q7187: 26 | R7187: -0.014129344 | S7187: -0.083928637 | T7187: -0.016590635 | U7187: 0.68765139 | V7187: 20 | W7187: 0.060450851 | X7187: 15 | Y7187: -0.1575727 | Z7187: 23 | AA7187: -0.068664015 | AB7187: 29 | AC7187: 0.42007535 | AD7187: 31
A7188: =#REF! -> #REF! | B7188: 2023 | C7188: =INDEX(Index!$B$1:$B$500,MATCH($F7188,Index!$A$1:$A$500,0) ) -> ATL | D7188: 0 | E7188: =IF(D7188=1,H7188/100,H7188) -> 0.064196696 | F7188: ATL | G7188: 14 | H7188: 0.064196696 | I7188: 8 | J7188: 0.064791866 | K7188: 36557 | L7188: 0.040782639 | M7188: 15 | N7188: -0.039623133 | O7188: 14 | P7188: -0.016209075 | Q7188: 21 | R7188: 0.0612962 | S7188: 0.0057037493 | T7188: 0.0091994155 | U7188: 1.0545222 | V7188: 14 | W7188: 0.064196696 | X7188: 14 | Y7188: 0.067009057 | Z7188: 14 | AA7188: -0.026413991 | AB7188: 23 | AC7188: 0.14373082 | AD7188: 26
A7189: =#REF! -> #REF! | B7189: 2023 | C7189: =INDEX(Index!$B$1:$B$500,MATCH($F7189,Index!$A$1:$A$500,0) ) -> KC | D7189: 0 | E7189: =IF(D7189=1,H7189/100,H7189) -> 0.094698179 | F7189: KC | G7189: 13 | H7189: 0.094698179 | I7189: 20 | J7189: 0.1244128 | K7189: 44927 | L7189: 0.10128948 | M7189: 12 | N7189: 0.034777494 | O7189: 19 | P7189: 0.028186195 | Q7189: 10 | R7189: 0.11885292 | S7189: 0.036843045 | T7189: 0.042402922 | U7189: 1.1108089 | V7189: 13 | W7189: 0.094698179 | X7189: 13 | Y7189: 0.041173868 | Z7189: 15 | AA7189: -0.073107732 | AB7189: 30 | AC7189: 0.066250893 | AD7189: 20
A7190: =#REF! -> #REF! | B7190: 2023 | C7190: =INDEX(Index!$B$1:$B$500,MATCH($F7190,Index!$A$1:$A$500,0) ) -> JAX | D7190: 0 | E7190: =IF(D7190=1,H7190/100,H7190) -> 0.10138078 | F7190: JAC | G7190: 12 | H7190: 0.10138078 | I7190: 2 | J7190: 0.047193028 | K7190: 44927 | L7190: -0.10628416 | M7190: 23 | N7190: -0.11336291 | O7190: 8 | P7190: 0.094302026 | Q7190: 2 | R7190: -0.14332612 | S7190: -0.072216997 | T7190: 0.11830215 | U7190: 1.150687 | V7190: 12 | W7190: 0.10138078 | X7190: 12 | Y7190: 0.077574515 | Z7190: 12 | AA7190: -0.0042778066 | AB7190: 20 | AC7190: 0.49526324 | AD7190: 32
A7191: =#REF! -> #REF! | B7191: 2023 | C7191: =INDEX(Index!$B$1:$B$500,MATCH($F7191,Index!$A$1:$A$500,0) ) -> WAS | D7191: 0 | E7191: =IF(D7191=1,H7191/100,H7191) -> 0.13460686 | F7191: WAS | G7191: 11 | H7191: 0.13460686 | I7191: 9 | J7191: 0.16666715 | K7191: 36557 | L7191: 0.10960803 | M7191: 11 | N7191: -0.10380014 | O7191: 10 | P7191: -0.078801306 | Q7191: 31 | R7191: 0.095047497 | S7191: -0.092969465 | T7191: -0.021349809 | U7191: 1.461384 | V7191: 9 | W7191: 0.13460686 | X7191: 11 | Y7191: -0.05981431 | Z7191: 19 | AA7191: 0.046282013 | AB7191: 8 | AC7191: 0.0082603362 | AD7191: 6
A7192: =#REF! -> #REF! | B7192: 2023 | C7192: =INDEX(Index!$B$1:$B$500,MATCH($F7192,Index!$A$1:$A$500,0) ) -> PHI | D7192: 0 | E7192: =IF(D7192=1,H7192/100,H7192) -> 0.15510076 | F7192: PHI | G7192: 10 | H7192: 0.15510076 | I7192: 10 | J7192: 0.047629048 | K7192: 36557 | L7192: 0.092970254 | M7192: 13 | N7192: -0.038711467 | O7192: 15 | P7192: 0.023419035 | Q7192: 13 | R7192: 0.07755598 | S7192: 0.066235835 | T7192: 0.036308903 | U7192: 1.7264519 | V7192: 5 | W7192: 0.15510076 | X7192: 10 | Y7192: -0.073065285 | Z7192: 20 | AA7192: 0.10163105 | AB7192: 2 | AC7192: 0.00030397543 | AD7192: 2
A7193: =#REF! -> #REF! | B7193: 2023 | C7193: =INDEX(Index!$B$1:$B$500,MATCH($F7193,Index!$A$1:$A$500,0) ) -> NO | D7193: 0 | E7193: =IF(D7193=1,H7193/100,H7193) -> 0.19767503 | F7193: NO | G7193: 9 | H7193: 0.19767503 | I7193: 12 | J7193: 0.18915108 | K7193: 36557 | L7193: -0.039509331 | M7193: 21 | N7193: -0.27024262 | O7193: 4 | P7193: -0.033058257 | Q7193: 24 | R7193: -0.016652525 | S7193: -0.2143432 | T7193: -0.0085395955 | U7193: 1.5923353 | V7193: 7 | W7193: 0.19767503 | X7193: 9 | Y7193: -0.18131884 | Z7193: 24 | AA7193: -0.056539574 | AB7193: 27 | AC7193: 0.017097194 | AD7193: 10
A7194: =#REF! -> #REF! | B7194: 2023 | C7194: =INDEX(Index!$B$1:$B$500,MATCH($F7194,Index!$A$1:$A$500,0) ) -> TB | D7194: 0 | E7194: =IF(D7194=1,H7194/100,H7194) -> 0.20501096 | F7194: TB | G7194: 8 | H7194: 0.20501096 | I7194: 16 | J7194: 0.18400196 | K7194: 36557 | L7194: 0.018967796 | M7194: 16 | N7194: -0.1948748 | O7194: 7 | P7194: -0.0088316418 | Q7194: 18 | R7194: 0.036362198 | S7194: -0.13320758 | T7194: 0.014432182 | U7194: 1.3980706 | V7194: 10 | W7194: 0.20501096 | X7194: 8 | Y7194: -0.22178947 | Z7194: 28 | AA7194: 0.069656762 | AB7194: 4 | AC7194: 0.13507142 | AD7194: 25
A7195: =#REF! -> #REF! | B7195: 2023 | C7195: =INDEX(Index!$B$1:$B$500,MATCH($F7195,Index!$A$1:$A$500,0) ) -> BAL | D7195: 0 | E7195: =IF(D7195=1,H7195/100,H7195) -> 0.29665039 | F7195: BAL | G7195: 7 | H7195: 0.29665039 | I7195: 6 | J7195: 0.26944791 | K7195: 36557 | L7195: 0.20421889 | M7195: 4 | N7195: -0.19807462 | O7195: 5 | P7195: -0.10564312 | Q7195: 32 | R7195: 0.20641885 | S7195: -0.15745096 | T7195: -0.094421905 | U7195: 2 | V7195: 1 | W7195: 0.29665039 | X7195: 7 | Y7195: -0.37806921 | Z7195: 31 | AA7195: 0.0059784295 | AB7195: 18 | AC7195: 0.00024669231 | AD7195: 1
A7196: =#REF! -> #REF! | B7196: 2023 | C7196: =INDEX(Index!$B$1:$B$500,MATCH($F7196,Index!$A$1:$A$500,0) ) -> GB | D7196: 0 | E7196: =IF(D7196=1,H7196/100,H7196) -> 0.29689098 | F7196: GB | G7196: 6 | H7196: 0.29689098 | I7196: 4 | J7196: 0.30382207 | K7196: 44927 | L7196: 0.19294147 | M7196: 6 | N7196: -0.059094292 | O7196: 11 | P7196: 0.044855218 | Q7196: 5 | R7196: 0.19984844 | S7196: -0.042818619 | T7196: 0.061155019 | U7196: 1.6368909 | V7196: 6 | W7196: 0.29689098 | X7196: 6 | Y7196: -0.20768698 | Z7196: 26 | AA7196: -0.10771209 | AB7196: 32 | AC7196: 0.03117314 | AD7196: 14
A7197: =#REF! -> #REF! | B7197: 2023 | C7197: =INDEX(Index!$B$1:$B$500,MATCH($F7197,Index!$A$1:$A$500,0) ) -> CLE | D7197: 0 | E7197: =IF(D7197=1,H7197/100,H7197) -> 0.31710205 | F7197: CLE | G7197: 5 | H7197: 0.31710205 | I7197: 3 | J7197: 0.30988376 | K7197: 44927 | L7197: -0.097989145 | M7197: 22 | N7197: -0.41832424 | O7197: 2 | P7197: -0.0032330523 | Q7197: 17 | R7197: -0.15647476 | S7197: -0.45287174 | T7197: 0.013486783 | U7197: 1.5330726 | V7197: 8 | W7197: 0.31710205 | X7197: 5 | Y7197: -0.33907631 | Z7197: 30 | AA7197: -0.068246508 | AB7197: 28 | AC7197: 0.052388398 | AD7197: 19
A7198: =#REF! -> #REF! | B7198: 2023 | C7198: =INDEX(Index!$B$1:$B$500,MATCH($F7198,Index!$A$1:$A$500,0) ) -> MIA | D7198: 0 | E7198: =IF(D7198=1,H7198/100,H7198) -> 0.34148068 | F7198: MIA | G7198: 4 | H7198: 0.34148068 | I7198: 7 | J7198: 0.29053989 | K7198: 36557 | L7198: 0.47438455 | M7198: 1 | N7198: 0.076707781 | O7198: 21 | P7198: -0.056196092 | Q7198: 29 | R7198: 0.48017294 | S7198: 0.14843675 | T7198: -0.041196306 | U7198: 1.8331228 | V7198: 4 | W7198: 0.34148068 | X7198: 4 | Y7198: -0.15678233 | Z7198: 22 | AA7198: 0.007857479 | AB7198: 16 | AC7198: 0.0083465558 | AD7198: 7
... A7201: =#REF! -> #REF! | B7201: 2023 | C7201: =INDEX(Index!$B$1:$B$500,MATCH($F7201,Index!$A$1:$A$500,0) ) -> DAL | D7201: 0 | E7201: =IF(D7201=1,H7201/100,H7201) -> 0.63310863 | F7201: DAL | G7201: 1 | H7201: 0.63310863 | I7201: 1 | J7201: 0.72774492 | K7201: 36557 | L7201: -0.014014334 | M7201: 19 | N7201: -0.62189162 | O7201: 1 | P7201: 0.025231338 | Q7201: 11 | R7201: 0.051168972 | S7201: -0.62530898 | T7201: 0.051266963 | U7201: 2 | V7201: 1 | W7201: 0.63310863 | X7201: 1 | Y7201: -0.39919993 | Z7201: 32 | AA7201: 0.038111344 | AB7201: 10 | AC7201: 0.029386531 | AD7201: 13
A7202: =#REF! -> #REF! | B7202: 2023 | C7202: =INDEX(Index!$B$1:$B$500,MATCH($F7202,Index!$A$1:$A$500,0) ) -> CHI | D7202: 0 | E7202: =IF(D7202=1,H7202/100,H7202) -> -0.59002543 | F7202: CHI | G7202: 32 | H7202: -0.59002543 | I7202: 31 | J7202: -0.575503 | K7202: 0-3 | L7202: -0.37227748 | M7202: 31 | N7202: 0.22517783 | O7202: 30 | P7202: 0.0074298829 | Q7202: 17 | R7202: -0.35875711 | S7202: 0.23673995 | T7202: 0.019994058 | U7202: 0 | V7202: 32 | W7202: -0.59002543 | X7202: 32 | Y7202: 0.12219789 | Z7202: 9 | AA7202: -0.014997624 | AB7202: 20 | AC7202: 0.031757899 | AD7202: 5
A7203: =#REF! -> #REF! | B7203: 2023 | C7203: =INDEX(Index!$B$1:$B$500,MATCH($F7203,Index!$A$1:$A$500,0) ) -> NYG | D7203: 0 | E7203: =IF(D7203=1,H7203/100,H7203) -> -0.52775873 | F7203: NYG | G7203: 31 | H7203: -0.52775873 | I7203: 32 | J7203: -0.50859 | K7203: 44928 | L7203: -0.28273052 | M7203: 29 | N7203: 0.22934768 | O7203: 31 | P7203: -0.015680527 | Q7203: 22 | R7203: -0.25682958 | S7203: 0.25401403 | T7203: 0.0022536103 | U7203: 0.82448787 | V7203: 24 | W7203: -0.52775873 | X7203: 31 | Y7203: 0.31876478 | Z7203: 1 | AA7203: 0.097278152 | AB7203: 4 | AC7203: 0.19010702 | AD7203: 21
A7204: =#REF! -> #REF! | B7204: 2023 | C7204: =INDEX(Index!$B$1:$B$500,MATCH($F7204,Index!$A$1:$A$500,0) ) -> LV | D7204: 0 | E7204: =IF(D7204=1,H7204/100,H7204) -> -0.39045129 | F7204: LV | G7204: 30 | H7204: -0.39045129 | I7204: 27 | J7204: -0.38242411 | K7204: 44928 | L7204: -0.22451443 | M7204: 28 | N7204: 0.1899008 | O7204: 28 | P7204: 0.023963936 | Q7204: 12 | R7204: -0.23375691 | S7204: 0.1899008 | T7204: 0.041233594 | U7204: 0.59877902 | V7204: 28 | W7204: -0.39045129 | X7204: 30 | Y7204: 0.060223605 | Z7204: 12 | AA7204: -0.021399781 | AB7204: 21 | AC7204: 0.076157914 | AD7204: 11
A7205: =#REF! -> #REF! | B7205: 2023 | C7205: =INDEX(Index!$B$1:$B$500,MATCH($F7205,Index!$A$1:$A$500,0) ) -> DEN | D7205: 0 | E7205: =IF(D7205=1,H7205/100,H7205) -> -0.31050227 | F7205: DEN | G7205: 29 | H7205: -0.31050227 | I7205: 21 | J7205: -0.33587251 | K7205: 0-3 | L7205: 0.043524772 | M7205: 14 | N7205: 0.3979295 | O7205: 32 | P7205: 0.043902454 | Q7205: 5 | R7205: 0.011043674 | S7205: 0.42584043 | T7205: 0.078924241 | U7205: 0.77087006 | V7205: 26 | W7205: -0.31050227 | X7205: 29 | Y7205: -0.012741971 | Z7205: 18 | AA7205: 0.036272737 | AB7205: 12 | AC7205: 0.1185039 | AD7205: 16
A7206: =#REF! -> #REF! | B7206: 2023 | C7206: =INDEX(Index!$B$1:$B$500,MATCH($F7206,Index!$A$1:$A$500,0) ) -> NYJ | D7206: 0 | E7206: =IF(D7206=1,H7206/100,H7206) -> -0.28542117 | F7206: NYJ | G7206: 28 | H7206: -0.28542117 | I7206: 26 | J7206: -0.25683988 | K7206: 44928 | L7206: -0.3925883 | M7206: 32 | N7206: 0.0068719823 | O7206: 17 | P7206: 0.11403911 | Q7206: 1 | R7206: -0.36547938 | S7206: 0.017206832 | T7206: 0.12584633 | U7206: 0.67004837 | V7206: 27 | W7206: -0.28542117 | X7206: 28 | Y7206: 0.29236056 | Z7206: 2 | AA7206: 0.065310271 | AB7206: 9 | AC7206: 0.056553601 | AD7206: 8
A7207: =#REF! -> #REF! | B7207: 2023 | C7207: =INDEX(Index!$B$1:$B$500,MATCH($F7207,Index!$A$1:$A$500,0) ) -> TEN | D7207: 0 | E7207: =IF(D7207=1,H7207/100,H7207) -> -0.2824256 | F7207: TEN | G7207: 27 | H7207: -0.2824256 | I7207: 25 | J7207: -0.25767811 | K7207: 44928 | L7207: -0.30582247 | M7207: 30 | N7207: -0.010991013 | O7207: 15 | P7207: 0.012405848 | Q7207: 14 | R7207: -0.29015736 | S7207: 0.0035836919 | T7207: 0.036062938 | U7207: 0.45914936 | V7207: 29 | W7207: -0.2824256 | X7207: 27 | Y7207: 0.19145481 | Z7207: 4 | AA7207: -0.043990888 | AB7207: 25 | AC7207: 0.055462775 | AD7207: 7
A7208: =#REF! -> #REF! | B7208: 2023 | C7208: =INDEX(Index!$B$1:$B$500,MATCH($F7208,Index!$A$1:$A$500,0) ) -> CAR | D7208: 0 | E7208: =IF(D7208=1,H7208/100,H7208) -> -0.27224192 | F7208: CAR | G7208: 26 | H7208: -0.27224192 | I7208: 23 | J7208: -0.26206163 | K7208: 0-3 | L7208: -0.20249511 | M7208: 26 | N7208: 0.098297338 | O7208: 24 | P7208: 0.028550522 | Q7208: 11 | R7208: -0.19667434 | S7208: 0.1119753 | T7208: 0.046588021 | U7208: 0.10216642 | V7208: 31 | W7208: -0.27224192 | X7208: 26 | Y7208: 0.0028072811 | Z7208: 17 | AA7208: -0.026617973 | AB7208: 22 | AC7208: 0.034968486 | AD7208: 6
A7209: =#REF! -> #REF! | B7209: 2023 | C7209: =INDEX(Index!$B$1:$B$500,MATCH($F7209,Index!$A$1:$A$500,0) ) -> ATL | D7209: 0 | E7209: =IF(D7209=1,H7209/100,H7209) -> -0.23112107 | F7209: ATL | G7209: 25 | H7209: -0.23112107 | I7209: 14 | J7209: -0.23565336 | K7209: 44958 | L7209: -0.1631045 | M7209: 24 | N7209: 0.027213271 | O7209: 20 | P7209: -0.040803301 | Q7209: 26 | R7209: -0.16170185 | S7209: 0.057616894 | T7209: -0.016334612 | U7209: 1.1011553 | V7209: 22 | W7209: -0.23112107 | X7209: 25 | Y7209: 0.030115688 | Z7209: 15 | AA7209: -0.11864708 | AB7209: 30 | AC7209: 0.27975753 | AD7209: 27
A7210: =#REF! -> #REF! | B7210: 2023 | C7210: =INDEX(Index!$B$1:$B$500,MATCH($F7210,Index!$A$1:$A$500,0) ) -> JAX | D7210: 0 | E7210: =IF(D7210=1,H7210/100,H7210) -> -0.18314822 | F7210: JAC | G7210: 24 | H7210: -0.18314822 | I7210: 12 | J7210: -0.21918905 | K7210: 44928 | L7210: -0.10030803 | M7210: 23 | N7210: 0.017111773 | O7210: 18 | P7210: -0.065728423 | Q7210: 30 | R7210: -0.13228532 | S7210: 0.045028516 | T7210: -0.041875211 | U7210: 1.1775087 | V7210: 21 | W7210: -0.18314822 | X7210: 24 | Y7210: 0.062825888 | Z7210: 11 | AA7210: 0.023499065 | AB7210: 14 | AC7210: 0.45006717 | AD7210: 32
A7211: =#REF! -> #REF! | B7211: 2023 | C7211: =INDEX(Index!$B$1:$B$500,MATCH($F7211,Index!$A$1:$A$500,0) ) -> CIN | D7211: 0 | E7211: =IF(D7211=1,H7211/100,H7211) -> -0.18139661 | F7211: CIN | G7211: 23 | H7211: -0.18139661 | I7211: 29 | J7211: -0.18530789 | K7211: 44928 | L7211: -0.17131262 | M7211: 25 | N7211: 0.069301329 | O7211: 22 | P7211: 0.059217341 | Q7211: 2 | R7211: -0.17131262 | S7211: 0.083788489 | T7211: 0.069793223 | U7211: 1.0392119 | V7211: 23 | W7211: -0.18139661 | X7211: 23 | Y7211: 0.19384708 | Z7211: 3 | AA7211: 0.10474824 | AB7211: 3 | AC7211: 0.18913966 | AD7211: 20
A7212: =#REF! -> #REF! | B7212: 2023 | C7212: =INDEX(Index!$B$1:$B$500,MATCH($F7212,Index!$A$1:$A$500,0) ) -> WAS | D7212: 0 | E7212: =IF(D7212=1,H7212/100,H7212) -> -0.14867144 | F7212: WAS | G7212: 22 | H7212: -0.14867144 | I7212: 11 | J7212: -0.14700993 | K7212: 44958 | L7212: -0.069863706 | M7212: 19 | N7212: 0.022123369 | O7212: 19 | P7212: -0.056684367 | Q7212: 28 | R7212: -0.088573047 | S7212: 0.041135372 | T7212: -0.017301516 | U7212: 1.5436724 | V7212: 15 | W7212: -0.14867144 | X7212: 22 | Y7212: 0.14267445 | Z7212: 7 | AA7212: 0.0063382538 | AB7212: 18 | AC7212: 0.30414183 | AD7212: 29
A7213: =#REF! -> #REF! | B7213: 2023 | C7213: =INDEX(Index!$B$1:$B$500,MATCH($F7213,Index!$A$1:$A$500,0) ) -> HOU | D7213: 0 | E7213: =IF(D7213=1,H7213/100,H7213) -> -0.11637061 | F7213: HOU | G7213: 21 | H7213: -0.11637061 | I7213: 30 | J7213: -0.12722546 | K7213: 44928 | L7213: -0.071339754 | M7213: 20 | N7213: 0.10059085 | O7213: 25 | P7213: 0.055559992 | Q7213: 3 | R7213: -0.092661762 | S7213: 0.11072334 | T7213: 0.076159637 | U7213: 0.11535204 | V7213: 30 | W7213: -0.11637061 | X7213: 21 | Y7213: 0.015521649 | Z7213: 16 | AA7213: -0.10148857 | AB7213: 27 | AC7213: 0.27993209 | AD7213: 28
A7214: =#REF! -> #REF! | B7214: 2023 | C7214: =INDEX(Index!$B$1:$B$500,MATCH($F7214,Index!$A$1:$A$500,0) ) -> MIN | D7214: 0 | E7214: =IF(D7214=1,H7214/100,H7214) -> -0.094959337 | F7214: MIN | G7214: 20 | H7214: -0.094959337 | I7214: 16 | J7214: -0.18231619 | K7214: 0-3 | L7214: 0.025491141 | M7214: 16 | N7214: 0.13144436 | O7214: 27 | P7214: 0.010993878 | Q7214: 15 | R7214: -0.043797562 | S7214: 0.16123018 | T7214: 0.022711548 | U7214: 0.77803873 | V7214: 25 | W7214: -0.094959337 | X7214: 20 | Y7214: 0.076882367 | Z7214: 10 | AA7214: -0.064113243 | AB7214: 26 | AC7214: 0.080816881 | AD7214: 13
A7215: =#REF! -> #REF! | B7215: 2023 | C7215: =INDEX(Index!$B$1:$B$500,MATCH($F7215,Index!$A$1:$A$500,0) ) -> TB | D7215: 0 | E7215: =IF(D7215=1,H7215/100,H7215) -> -0.087854198 | F7215: TB | G7215: 19 | H7215: -0.087854198 | I7215: 8 | J7215: -0.079209535 | K7215: 44958 | L7215: -0.091819327 | M7215: 22 | N7215: -0.036645103 | O7215: 14 | P7215: -0.032679975 | Q7215: 24 | R7215: -0.068773168 | S7215: -0.0018061793 | T7215: -0.012242547 | U7215: 1.558211 | V7215: 14 | W7215: -0.087854198 | X7215: 19 | Y7215: -0.12207745 | Z7215: 24 | AA7215: 0.0085755236 | AB7215: 16 | AC7215: 0.35489208 | AD7215: 30
A7216: =#REF! -> #REF! | B7216: 2023 | C7216: =INDEX(Index!$B$1:$B$500,MATCH($F7216,Index!$A$1:$A$500,0) ) -> LAR | D7216: 0 | E7216: =IF(D7216=1,H7216/100,H7216) -> -0.07032954 | F7216: LA | G7216: 18 | H7216: -0.07032954 | I7216: 19 | J7216: -0.07054003 | K7216: 44928 | L7216: 0.08796739 | M7216: 12 | N7216: 0.11943154 | O7216: 26 | P7216: -0.038865389 | Q7216: 25 | R7216: 0.08796739 | S7216: 0.13522137 | T7216: -0.023286048 | U7216: 1.2569999 | V7216: 18 | W7216: -0.07032954 | X7216: 18 | Y7216: 0.13127409 | Z7216: 8 | AA7216: 0.12582316 | AB7216: 1 | AC7216: 0.030764421 | AD7216: 4
A7217: =#REF! -> #REF! | B7217: 2023 | C7217: =INDEX(Index!$B$1:$B$500,MATCH($F7217,Index!$A$1:$A$500,0) ) -> PIT | D7217: 0 | E7217: =IF(D7217=1,H7217/100,H7217) -> -0.063542255 | F7217: PIT | G7217: 17 | H7217: -0.063542255 | I7217: 28 | J7217: -0.053170125 | K7217: 44958 | L7217: -0.21564821 | M7217: 27 | N7217: -0.13036093 | O7217: 8 | P7217: 0.021745016 | Q7217: 13 | R7217: -0.23308576 | S7217: -0.13962276 | T7217: 0.040292879 | U7217: 1.2021048 | V7217: 20 | W7217: -0.063542255 | X7217: 17 | Y7217: 0.17328008 | Z7217: 6 | AA7217: 0.023274356 | AB7217: 15 | AC7217: 0.25499339 | AD7217: 26
A7218: =#REF! -> #REF! | B7218: 2023 | C7218: =INDEX(Index!$B$1:$B$500,MATCH($F7218,Index!$A$1:$A$500,0) ) -> LAC | D7218: 0 | E7218: =IF(D7218=1,H7218/100,H7218) -> -0.0002511178 | F7218: LAC | G7218: 16 | H7218: -0.0002511178 | I7218: 22 | J7218: 0.06163138 | K7218: 44928 | L7218: 0.2445285 | M7218: 3 | N7218: 0.21533448 | O7218: 29 | P7218: -0.02944513 | Q7218: 23 | R7218: 0.27586562 | S7218: 0.20718354 | T7218: -0.0070506964 | U7218: 1.6345722 | V7218: 13 | W7218: -0.0002511178 | X7218: 16 | Y7218: 0.041170626 | Z7218: 14 | AA7218: -0.014336626 | AB7218: 19 | AC7218: 0.083064868 | AD7218: 14
A7219: =#REF! -> #REF! | B7219: 2023 | C7219: =INDEX(Index!$B$1:$B$500,MATCH($F7219,Index!$A$1:$A$500,0) ) -> IND | D7219: 0 | E7219: =IF(D7219=1,H7219/100,H7219) -> 0.00081314963 | F7219: IND | G7219: 15 | H7219: 0.00081314963 | I7219: 15 | J7219: 0.019277193 | K7219: 44958 | L7219: -0.082105124 | M7219: 21 | N7219: -0.051131363 | O7219: 13 | P7219: 0.031786911 | Q7219: 10 | R7219: -0.071567178 | S7219: -0.041527154 | T7219: 0.049317218 | U7219: 1.2830091 | V7219: 17 | W7219: 0.00081314963 | X7219: 15 | Y7219: -0.023539604 | Z7219: 19 | AA7219: -0.11067774 | AB7219: 29 | AC7219: 0.22202717 | AD7219: 25
A7220: =#REF! -> #REF! | B7220: 2023 | C7220: =INDEX(Index!$B$1:$B$500,MATCH($F7220,Index!$A$1:$A$500,0) ) -> NE | D7220: 0 | E7220: =IF(D7220=1,H7220/100,H7220) -> 0.037203034 | F7220: NE | G7220: 14 | H7220: 0.037203034 | I7220: 24 | J7220: -0.041985224 | K7220: 44928 | L7220: 0.051134403 | M7220: 13 | N7220: -0.055269285 | O7220: 11 | P7220: -0.069200654 | Q7220: 31 | R7220: 0.029445952 | S7220: 0.010473222 | T7220: -0.060957955 | U7220: 1.2123809 | V7220: 19 | W7220: 0.037203034 | X7220: 14 | Y7220: 0.17807602 | Z7220: 5 | AA7220: 0.044670398 | AB7220: 11 | AC7220: 0.19441367 | AD7220: 22
A7221: =#REF! -> #REF! | B7221: 2023 | C7221: =INDEX(Index!$B$1:$B$500,MATCH($F7221,Index!$A$1:$A$500,0) ) -> SEA | D7221: 0 | E7221: =IF(D7221=1,H7221/100,H7221) -> 0.087898149 | F7221: SEA | G7221: 13 | H7221: 0.087898149 | I7221: 20 | J7221: 0.070071157 | K7221: 44958 | L7221: 0.18511578 | M7221: 4 | N7221: 0.093651784 | O7221: 23 | P7221: -0.0035658427 | Q7221: 21 | R7221: 0.18511578 | S7221: 0.13113126 | T7221: 0.016086637 | U7221: 1.8545209 | V7221: 12 | W7221: 0.087898149 | X7221: 13 | Y7221: -0.043465078 | Z7221: 20 | AA7221: 0.094566029 | AB7221: 6 | AC7221: 0.089946588 | AD7221: 15
A7222: =#REF! -> #REF! | B7222: 2023 | C7222: =INDEX(Index!$B$1:$B$500,MATCH($F7222,Index!$A$1:$A$500,0) ) -> GB | D7222: 0 | E7222: =IF(D7222=1,H7222/100,H7222) -> 0.15041276 | F7222: GB | G7222: 12 | H7222: 0.15041276 | I7222: 6 | J7222: 0.15543411 | K7222: 44958 | L7222: 0.13655096 | M7222: 9 | N7222: -0.058890297 | O7222: 10 | P7222: -0.045028501 | Q7222: 27 | R7222: 0.14069659 | S7222: -0.047032612 | T7222: -0.032295088 | U7222: 1.9304236 | V7222: 10 | W7222: 0.15041276 | X7222: 12 | Y7222: -0.22316724 | Z7222: 31 | AA7222: -0.12674913 | AB7222: 31 | AC7222: 0.073685435 | AD7222: 10
A7223: =#REF! -> #REF! | B7223: 2023 | C7223: =INDEX(Index!$B$1:$B$500,MATCH($F7223,Index!$A$1:$A$500,0) ) -> NO | D7223: 0 | E7223: =IF(D7223=1,H7223/100,H7223) -> 0.15164476 | F7223: NO | G7223: 11 | H7223: 0.15164476 | I7223: 9 | J7223: 0.12192751 | K7223: 44958 | L7223: -0.045269691 | M7223: 17 | N7223: -0.16435532 | O7223: 6 | P7223: 0.03255913 | Q7223: 8 | R7223: -0.029159678 | S7223: -0.099581165 | T7223: 0.051506021 | U7223: 2.22266 | V7223: 7 | W7223: 0.15164476 | X7223: 11 | Y7223: -0.13475159 | Z7223: 26 | AA7223: -0.16018514 | AB7223: 32 | AC7223: 0.011411212 | AD7223: 3
A7224: =#REF! -> #REF! | B7224: 2023 | C7224: =INDEX(Index!$B$1:$B$500,MATCH($F7224,Index!$A$1:$A$500,0) ) -> ARI | D7224: 0 | E7224: =IF(D7224=1,H7224/100,H7224) -> 0.18381029 | F7224: ARI | G7224: 10 | H7224: 0.18381029 | I7224: 18 | J7224: 0.11338861 | K7224: 44928 | L7224: 0.1490491 | M7224: 8 | N7224: 0.0026912599 | O7224: 16 | P7224: 0.03745245 | Q7224: 6 | R7224: 0.11125902 | S7224: 0.059174308 | T7224: 0.061303895 | U7224: 1.5380535 | V7224: 16 | W7224: 0.18381029 | X7224: 10 | Y7224: -0.13042229 | Z7224: 25 | AA7224: 0.056996139 | AB7224: 10 | AC7224: 0.17408759 | AD7224: 18
A7225: =#REF! -> #REF! | B7225: 2023 | C7225: =INDEX(Index!$B$1:$B$500,MATCH($F7225,Index!$A$1:$A$500,0) ) -> DET | D7225: 0 | E7225: =IF(D7225=1,H7225/100,H7225) -> 0.21217623 | F7225: DET | G7225: 9 | H7225: 0.21217623 | I7225: 17 | J7225: 0.22025775 | K7225: 44958 | L7225: 0.15498518 | M7225: 7 | N7225: -0.055235256 | O7225: 12 | P7225: 0.0019557971 | Q7225: 18 | R7225: 0.12978716 | S7225: -0.072356606 | T7225: 0.018113986 | U7225: 1.9010847 | V7225: 11 | W7225: 0.21217623 | X7225: 9 | Y7225: 0.053604068 | Z7225: 13 | AA7225: -0.10462405 | AB7225: 28 | AC7225: 0.19848226 | AD7225: 23
A7226: =#REF! -> #REF! | B7226: 2023 | C7226: =INDEX(Index!$B$1:$B$500,MATCH($F7226,Index!$A$1:$A$500,0) ) -> BAL | D7226: 0 | E7226: =IF(D7226=1,H7226/100,H7226) -> 0.22890002 | F7226: BAL | G7226: 8 | H7226: 0.22890002 | I7226: 7 | J7226: 0.20366893 | K7226: 44958 | L7226: 0.12867801 | M7226: 11 | N7226: -0.16510266 | O7226: 5 | P7226: -0.064880648 | Q7226: 29 | R7226: 0.13017702 | S7226: -0.12871828 | T7226: -0.055226372 | U7226: 2.6413025 | V7226: 3 | W7226: 0.22890002 | X7226: 8 | Y7226: -0.098984691 | Z7226: 23 | AA7226: 0.10524344 | AB7226: 2 | AC7226: 0.0042450204 | AD7226: 2
... A7234: =#REF! -> #REF! | B7234: 2023 | C7234: =INDEX(Index!$B$1:$B$500,MATCH($F7234,Index!$A$1:$A$500,0) ) -> BUF | D7234: 0 | E7234: =IF(D7234=1,H7234/100,H7234) -> 0.5906912 | F7234: BUF | G7234: 1 | H7234: 0.5906912 | I7234: 1 | J7234: 0.62356709 | K7234: 44929 | L7234: 0.29999428 | M7234: 3 | N7234: -0.27290978 | O7234: 2 | P7234: 0.017787145 | Q7234: 14 | R7234: 0.33187763 | S7234: -0.26486281 | T7234: 0.026826644 | U7234: 3.0653196 | V7234: 3 | W7234: 0.5906912 | X7234: 1 | Y7234: -0.083491186 | Z7234: 26 | AA7234: -0.010386577 | AB7234: 21 | AC7234: 0.24295201 | AD7234: 27
A7235: =#REF! -> #REF! | B7235: 2023 | C7235: =INDEX(Index!$B$1:$B$500,MATCH($F7235,Index!$A$1:$A$500,0) ) -> SF | D7235: 0 | E7235: =IF(D7235=1,H7235/100,H7235) -> 0.47677105 | F7235: SF | G7235: 2 | H7235: 0.47677105 | I7235: 3 | J7235: 0.51400221 | K7235: 4-0 | L7235: 0.36806808 | M7235: 2 | N7235: -0.088286497 | O7235: 7 | P7235: 0.020416473 | Q7235: 10 | R7235: 0.44001575 | S7235: -0.035463294 | T7235: 0.038523175 | U7235: 4 | V7235: 1 | W7235: 0.47677105 | X7235: 2 | Y7235: -0.17222797 | Z7235: 32 | AA7235: 0.08369144 | AB7235: 6 | AC7235: 0.027567406 | AD7235: 3
A7236: =#REF! -> #REF! | B7236: 2023 | C7236: =INDEX(Index!$B$1:$B$500,MATCH($F7236,Index!$A$1:$A$500,0) ) -> DET | D7236: 0 | E7236: =IF(D7236=1,H7236/100,H7236) -> 0.35241548 | F7236: DET | G7236: 3 | H7236: 0.35241548 | I7236: 9 | J7236: 0.34361375 | K7236: 44929 | L7236: 0.20285436 | M7236: 4 | N7236: -0.13637339 | O7236: 5 | P7236: 0.013187723 | Q7236: 17 | R7236: 0.1829037 | S7236: -0.13458937 | T7236: 0.026120677 | U7236: 3.0385692 | V7236: 5 | W7236: 0.35241548 | X7236: 3 | Y7236: 0.025884816 | Z7236: 13 | AA7236: -0.096321985 | AB7236: 28 | AC7236: 0.14339873 | AD7236: 19
A7237: =#REF! -> #REF! | B7237: 2023 | C7237: =INDEX(Index!$B$1:$B$500,MATCH($F7237,Index!$A$1:$A$500,0) ) -> BAL | D7237: 0 | E7237: =IF(D7237=1,H7237/100,H7237) -> 0.32414563 | F7237: BAL | G7237: 4 | H7237: 0.32414563 | I7237: 8 | J7237: 0.30683562 | K7237: 44929 | L7237: 0.13402352 | M7237: 10 | N7237: -0.22128352 | O7237: 4 | P7237: -0.031161406 | Q7237: 26 | R7237: 0.1190502 | S7237: -0.21112443 | T7237: -0.023339002 | U7237: 3.3456991 | V7237: 2 | W7237: 0.32414563 | X7237: 4 | Y7237: -0.01388525 | Z7237: 17 | AA7237: 0.056710479 | AB7237: 9 | AC7237: 0.083461758 | AD7237: 12
A7238: =#REF! -> #REF! | B7238: 2023 | C7238: =INDEX(Index!$B$1:$B$500,MATCH($F7238,Index!$A$1:$A$500,0) ) -> DAL | D7238: 0 | E7238: =IF(D7238=1,H7238/100,H7238) -> 0.28996627 | F7238: DAL | G7238: 5 | H7238: 0.28996627 | I7238: 7 | J7238: 0.45474192 | K7238: 44929 | L7238: -0.0022450825 | M7238: 16 | N7238: -0.27306051 | O7238: 1 | P7238: 0.019150844 | Q7238: 12 | R7238: 0.075006564 | S7238: -0.33543629 | T7238: 0.044299066 | U7238: 2.8813134 | V7238: 7 | W7238: 0.28996627 | X7238: 5 | Y7238: -0.16415563 | Z7238: 30 | AA7238: 0.10932179 | AB7238: 2 | AC7238: 0.22984718 | AD7238: 26
A7239: =#REF! -> #REF! | B7239: 2023 | C7239: =INDEX(Index!$B$1:$B$500,MATCH($F7239,Index!$A$1:$A$500,0) ) -> PHI | D7239: 0 | E7239: =IF(D7239=1,H7239/100,H7239) -> 0.27568929 | F7239: PHI | G7239: 6 | H7239: 0.27568929 | I7239: 5 | J7239: 0.2282337 | K7239: 4-0 | L7239: 0.15037134 | M7239: 7 | N7239: -0.063918752 | O7239: 10 | P7239: 0.061399191 | Q7239: 2 | R7239: 0.14797499 | S7239: -0.0076213022 | T7239: 0.072637406 | U7239: 3.0482534 | V7239: 4 | W7239: 0.27568929 | X7239: 6 | Y7239: -0.041621769 | Z7239: 21 | AA7239: 0.086920167 | AB7239: 5 | AC7239: 0.10923267 | AD7239: 17
A7240: =#REF! -> #REF! | B7240: 2023 | C7240: =INDEX(Index!$B$1:$B$500,MATCH($F7240,Index!$A$1:$A$500,0) ) -> MIA | D7240: 0 | E7240: =IF(D7240=1,H7240/100,H7240) -> 0.25165134 | F7240: MIA | G7240: 7 | H7240: 0.25165134 | I7240: 2 | J7240: 0.22325036 | K7240: 44929 | L7240: 0.46302163 | M7240: 1 | N7240: 0.14433326 | O7240: 29 | P7240: -0.067037022 | Q7240: 30 | R7240: 0.49150654 | S7240: 0.21332216 | T7240: -0.054934022 | U7240: 2.8270907 | V7240: 8 | W7240: 0.25165134 | X7240: 7 | Y7240: 0.063581691 | Z7240: 9 | AA7240: 0.0033814999 | AB7240: 18 | AC7240: 0.32608262 | AD7240: 31
A7241: =#REF! -> #REF! | B7241: 2023 | C7241: =INDEX(Index!$B$1:$B$500,MATCH($F7241,Index!$A$1:$A$500,0) ) -> KC | D7241: 0 | E7241: =IF(D7241=1,H7241/100,H7241) -> 0.23027175 | F7241: KC | G7241: 8 | H7241: 0.23027175 | I7241: 6 | J7241: 0.25868799 | K7241: 44929 | L7241: 0.15012396 | M7241: 8 | N7241: -0.037447976 | O7241: 14 | P7241: 0.042699817 | Q7241: 4 | R7241: 0.17116239 | S7241: -0.034539599 | T7241: 0.052986004 | U7241: 2.6796513 | V7241: 9 | W7241: 0.23027175 | X7241: 8 | Y7241: -0.0467397 | Z7241: 24 | AA7241: -0.035023391 | AB7241: 25 | AC7241: 0.079735178 | AD7241: 11
A7242: =#REF! -> #REF! | B7242: 2023 | C7242: =INDEX(Index!$B$1:$B$500,MATCH($F7242,Index!$A$1:$A$500,0) ) -> SEA | D7242: 0 | E7242: =IF(D7242=1,H7242/100,H7242) -> 0.20081724 | F7242: SEA | G7242: 9 | H7242: 0.20081724 | I7242: 13 | J7242: 0.23013571 | K7242: 44929 | L7242: 0.14611237 | M7242: 9 | N7242: -0.037740864 | O7242: 13 | P7242: 0.016964002 | Q7242: 15 | R7242: 0.15314798 | S7242: -0.044635053 | T7242: 0.03235268 | U7242: 2.9137282 | V7242: 6 | W7242: 0.20081724 | X7242: 9 | Y7242: -0.11405725 | Z7242: 28 | AA7242: 0.098652719 | AB7242: 3 | AC7242: 0.060262977 | AD7242: 8
A7243: =#REF! -> #REF! | B7243: 2023 | C7243: =INDEX(Index!$B$1:$B$500,MATCH($F7243,Index!$A$1:$A$500,0) ) -> CLE | D7243: 0 | E7243: =IF(D7243=1,H7243/100,H7243) -> 0.11798502 | F7243: CLE | G7243: 10 | H7243: 0.11798502 | I7243: 4 | J7243: 0.11165745 | K7243: 44959 | L7243: -0.15128268 | M7243: 24 | N7243: -0.26962556 | O7243: 3 | P7243: -0.00035785331 | Q7243: 20 | R7243: -0.19400665 | S7243: -0.29553927 | T7243: 0.010124837 | U7243: 2.2352987 | V7243: 12 | W7243: 0.11798502 | X7243: 10 | Y7243: -0.051717335 | Z7243: 25 | AA7243: -0.020452091 | AB7243: 23 | AC7243: 0.29454307 | AD7243: 30
A7244: =#REF! -> #REF! | B7244: 2023 | C7244: =INDEX(Index!$B$1:$B$500,MATCH($F7244,Index!$A$1:$A$500,0) ) -> HOU | D7244: 0 | E7244: =IF(D7244=1,H7244/100,H7244) -> 0.08060729 | F7244: HOU | G7244: 11 | H7244: 0.08060729 | I7244: 21 | J7244: 0.039556561 | K7244: 44959 | L7244: 0.013937187 | M7244: 14 | N7244: -0.029752299 | O7244: 16 | P7244: 0.036917803 | Q7244: 5 | R7244: -0.02299161 | S7244: -0.0038335467 | T7244: 0.058714624 | U7244: 0.64152547 | V7244: 29 | W7244: 0.08060729 | X7244: 11 | Y7244: 0.026222377 | Z7244: 12 | AA7244: -0.10449348 | AB7244: 29 | AC7244: 0.2622574 | AD7244: 28
A7245: =#REF! -> #REF! | B7245: 2023 | C7245: =INDEX(Index!$B$1:$B$500,MATCH($F7245,Index!$A$1:$A$500,0) ) -> LAC | D7245: 0 | E7245: =IF(D7245=1,H7245/100,H7245) -> 0.071110412 | F7245: LAC | G7245: 12 | H7245: 0.071110412 | I7245: 16 | J7245: 0.11317352 | K7245: 44959 | L7245: 0.17355336 | M7245: 5 | N7245: 0.05568857 | O7245: 22 | P7245: -0.046754381 | Q7245: 28 | R7245: 0.22517088 | S7245: 0.086081474 | T7245: -0.02591588 | U7245: 2.4598838 | V7245: 10 | W7245: 0.071110412 | X7245: 12 | Y7245: -0.043643842 | Z7245: 23 | AA7245: 0.023208478 | AB7245: 12 | AC7245: 0.031698166 | AD7245: 4
A7246: =#REF! -> #REF! | B7246: 2023 | C7246: =INDEX(Index!$B$1:$B$500,MATCH($F7246,Index!$A$1:$A$500,0) ) -> TB | D7246: 0 | E7246: =IF(D7246=1,H7246/100,H7246) -> 0.018850986 | F7246: TB | G7246: 13 | H7246: 0.018850986 | I7246: 19 | J7246: 0.048611144 | K7246: 44929 | L7246: -0.070686961 | M7246: 20 | N7246: -0.12654799 | O7246: 6 | P7246: -0.037010044 | Q7246: 27 | R7246: -0.039801222 | S7246: -0.10371188 | T7246: -0.015299516 | U7246: 2.2991611 | V7246: 11 | W7246: 0.018850986 | X7246: 13 | Y7246: -0.042518277 | Z7246: 22 | AA7246: 0.0098949342 | AB7246: 15 | AC7246: 0.2113963 | AD7246: 25
A7247: =#REF! -> #REF! | B7247: 2023 | C7247: =INDEX(Index!$B$1:$B$500,MATCH($F7247,Index!$A$1:$A$500,0) ) -> MIN | D7247: 0 | E7247: =IF(D7247=1,H7247/100,H7247) -> 0.016013221 | F7247: MIN | G7247: 14 | H7247: 0.016013221 | I7247: 20 | J7247: -0.067409199 | K7247: 44986 | L7247: 0.045005083 | M7247: 12 | N7247: 0.026871155 | O7247: 20 | P7247: -0.0021207075 | Q7247: 21 | R7247: -0.010112296 | S7247: 0.067089714 | T7247: 0.0097928116 | U7247: 1.6197233 | V7247: 20 | W7247: 0.016013221 | X7247: 14 | Y7247: 0.0092251015 | Z7247: 14 | AA7247: -0.061645597 | AB7247: 26 | AC7247: 0.067119033 | AD7247: 9
A7248: =#REF! -> #REF! | B7248: 2023 | C7248: =INDEX(Index!$B$1:$B$500,MATCH($F7248,Index!$A$1:$A$500,0) ) -> JAX | D7248: 0 | E7248: =IF(D7248=1,H7248/100,H7248) -> 0.013584129 | F7248: JAC | G7248: 15 | H7248: 0.013584129 | I7248: 24 | J7248: -0.032925245 | K7248: 44959 | L7248: -0.024692808 | M7248: 17 | N7248: -0.052100426 | O7248: 11 | P7248: -0.013823488 | Q7248: 22 | R7248: -0.051669458 | S7248: -0.013695787 | T7248: 0.0050484256 | U7248: 2.1112116 | V7248: 14 | W7248: 0.013584129 | X7248: 15 | Y7248: 0.0075184681 | Z7248: 15 | AA7248: 0.046288815 | AB7248: 10 | AC7248: 0.40051915 | AD7248: 32
A7249: =#REF! -> #REF! | B7249: 2023 | C7249: =INDEX(Index!$B$1:$B$500,MATCH($F7249,Index!$A$1:$A$500,0) ) -> ARI | D7249: 0 | E7249: =IF(D7249=1,H7249/100,H7249) -> -0.0041292286 | F7249: ARI | G7249: 16 | H7249: -0.0041292286 | I7249: 10 | J7249: -0.046723139 | K7249: 44986 | L7249: 0.15879757 | M7249: 6 | N7249: 0.18409972 | O7249: 30 | P7249: 0.021172922 | Q7249: 9 | R7249: 0.12764309 | S7249: 0.21668909 | T7249: 0.042322865 | U7249: 1.4052457 | V7249: 22 | W7249: -0.0041292286 | X7249: 16 | Y7249: 0.040351289 | Z7249: 10 | AA7249: 0.041279752 | AB7249: 11 | AC7249: 0.26619905 | AD7249: 29
A7250: =#REF! -> #REF! | B7250: 2023 | C7250: =INDEX(Index!$B$1:$B$500,MATCH($F7250,Index!$A$1:$A$500,0) ) -> LAR | D7250: 0 | E7250: =IF(D7250=1,H7250/100,H7250) -> -0.0070657788 | F7250: LA | G7250: 17 | H7250: -0.0070657788 | I7250: 18 | J7250: -0.010162138 | K7250: 44959 | L7250: 0.13334356 | M7250: 11 | N7250: 0.07077981 | O7250: 24 | P7250: -0.069629532 | Q7250: 31 | R7250: 0.14397352 | S7250: 0.1072482 | T7250: -0.046887456 | U7250: 1.9948978 | V7250: 15 | W7250: -0.0070657788 | X7250: 17 | Y7250: 0.10586374 | Z7250: 5 | AA7250: 0.059428038 | AB7250: 8 | AC7250: 0.049466255 | AD7250: 5
A7251: =#REF! -> #REF! | B7251: 2023 | C7251: =INDEX(Index!$B$1:$B$500,MATCH($F7251,Index!$A$1:$A$500,0) ) -> NO | D7251: 0 | E7251: =IF(D7251=1,H7251/100,H7251) -> -0.019634576 | F7251: NO | G7251: 18 | H7251: -0.019634576 | I7251: 11 | J7251: -0.02925759 | K7251: 44959 | L7251: -0.12053049 | M7251: 22 | N7251: -0.071775234 | O7251: 9 | P7251: 0.029120676 | Q7251: 8 | R7251: -0.13220939 | S7251: -0.053147513 | T7251: 0.049804285 | U7251: 2.1506469 | V7251: 13 | W7251: -0.019634576 | X7251: 18 | Y7251: -0.12113515 | Z7251: 29 | AA7251: -0.10552465 | AB7251: 30 | AC7251: 0.069257106 | AD7251: 10
...

Sheet DVOA Pred
A1: Season | B1: Week | C1: Home | D1: Away | E1: Home Pts | F1: Away Pts | G1: ELH | H1: ELA
A2: 2024 | B2: 2 | C2: MIA | D2: BUF | E2: 25.3 | F2: 21.2 | G2: =F2-E2 -> -4.1 | H2: =G2*-1 -> 4.1
A3: 2024 | B3: 2 | C3: BAL | D3: LV | E3: 26 | F3: 17.3 | G3: =F3-E3 -> -8.7 | H3: =G3*-1 -> 8.7
A4: 2024 | B4: 2 | C4: CAR | D4: LAC | E4: 20.4 | F4: 22.2 | G4: =F4-E4 -> 1.8 | H4: =G4*-1 -> -1.8
A5: 2024 | B5: 2 | C5: DAL | D5: NO | E5: 26.7 | F5: 20.7 | G5: =F5-E5 -> -6 | H5: =G5*-1 -> 6
A6: 2024 | B6: 2 | C6: DET | D6: TB | E6: 27.8 | F6: 20.8 | G6: =F6-E6 -> -7 | H6: =G6*-1 -> 7
A7: 2024 | B7: 2 | C7: GB | D7: IND | E7: 19.7 | F7: 23 | G7: =F7-E7 -> 3.3 | H7: =G7*-1 -> -3.3
A8: 2024 | B8: 2 | C8: JAX | D8: CLE | E8: 23.7 | F8: 21 | G8: =F8-E8 -> -2.7 | H8: =G8*-1 -> 2.7
A9: 2024 | B9: 2 | C9: MIN | D9: SF | E9: 20 | F9: 27.8 | G9: =F9-E9 -> 7.8 | H9: =G9*-1 -> -7.8
A10: 2024 | B10: 2 | C10: NE | D10: SEA | E10: 19.2 | F10: 23.7 | G10: =F10-E10 -> 4.5 | H10: =G10*-1 -> -4.5
A11: 2024 | B11: 2 | C11: TEN | D11: NYJ | E11: 19.2 | F11: 23.3 | G11: =F11-E11 -> 4.1 | H11: =G11*-1 -> -4.1
A12: 2024 | B12: 2 | C12: WAS | D12: NYG | E12: 20.7 | F12: 18.2 | G12: =F12-E12 -> -2.5 | H12: =G12*-1 -> 2.5
A13: 2024 | B13: 2 | C13: ARI | D13: LAR | E13: 22.1 | F13: 23.9 | G13: =F13-E13 -> 1.8 | H13: =G13*-1 -> -1.8
... A108: 2024 | B108: 8 | C108: PIT | D108: NYG | E108: 23.9 | F108: 16.5 | G108: =F108-E108 -> -7.4 | H108: =G108*-1 -> 7.4

Sheet WDVOA
A1: Team | B1: Year | C1: WEEK 1 | D1: WEEK 2 | E1: WEEK 3 | F1: WEEK 4 | G1: WEEK 5 | H1: WEEK 6 | I1: WEEK 7 | J1: WEEK 8 | K1: WEEK 9 | L1: WEEK 10 | M1: WEEK 11 | N1: WEEK 12 | O1: WEEK 13 | P1: WEEK 14 | Q1: WEEK 15 | R1: WEEK 16 | S1: WEEK 17 | T1: WEEK 18 | U1: Team | V1: Week | W1: Last 4
A2: ARI | B2: 2023 | C2: -0.51630592 | D2: -0.23512042 | E2: 0.72732159 | F2: -0.31749235 | G2: -0.30345467 | H2: -0.66831092 | I2: -0.55207732 | J2: -0.17572015 | K2: -1.0020736 | L2: 0.12012496 | M2: -0.041963289 | N2: -0.65594194 | O2: 0.045215837 | Q2: -0.43955183 | U2: =A2 -> ARI | V2: 15 | W2: =AVERAGE(N2:Q2) -> -0.35009264
A3: ATL | B3: 2023 | C3: -0.063610767 | D3: -0.35242022 | E3: -0.66420514 | F3: -0.26003206 | G3: 0.10526048 | H3: -0.5467368 | I3: 0.24021049 | J3: -0.3818532 | K3: -0.077245177 | L3: -0.44856672 | N3: 0.25490447 | O3: 0.12939914 | P3: -0.045306814 | Q3: -0.43255584 | U3: =A3 -> ATL | V3: 15 | W3: =AVERAGE(N3:Q3) -> -0.02338976
A4: BAL | B4: 2023 | C4: 0.30550577 | D4: 0.23715173 | E4: 0.16455011 | F4: 0.73279272 | G4: -0.15709423 | H4: 0.29663266 | I4: 1.2343398 | J4: 0.35972495 | K4: 1.0525742 | L4: -0.016279248 | M4: 0.43093479 | N4: 0.2829748 | P4: 0.48244929 | Q4: 0.29711888 | U4: =A4 -> BAL | V4: 15 | W4: =AVERAGE(N4:Q4) -> 0.35418099
A5: BUF | B5: 2023 | C5: -0.033756496 | D5: 0.58796942 | E5: 0.60817947 | F5: 1.1908499 | G5: 0.30896914 | H5: -0.22168913 | I5: -0.38782612 | J5: 0.44078477 | K5: -0.057252991 | L5: -0.10452003 | M5: 0.72128538 | N5: -0.074449842 | P5: 0.15405923 | Q5: 0.75264114 | U5: =A5 -> BUF | V5: 15 | W5: =AVERAGE(N5:Q5) -> 0.27741684
A6: CAR | B6: 2023 | C6: -0.35489873 | D6: -0.10421467 | E6: -0.48294812 | F6: -0.42040143 | G6: -0.53293462 | H6: -0.28376951 | J6: -0.13463742 | K6: -0.30674032 | L6: -0.3390613 | M6: -0.36356363 | N6: -0.42688911 | O6: -0.30244905 | P6: -0.62183444 | Q6: -0.072644644 | U6: =A6 -> CAR | V6: 15 | W6: =AVERAGE(N6:Q6) -> -0.35595431
A7: CHI | B7: 2023 | C7: -0.49448249 | D7: -0.59775653 | E7: -0.64188181 | F7: -0.069714499 | G7: 0.079039971 | H7: 0.046913667 | I7: 0.21966903 | J7: -0.4865565 | K7: -0.33117361 | L7: -0.017622117 | M7: 0.12370303 | N7: 0.19923517 | P7: 0.51701497 | Q7: -0.041933237 | U7: =A7 -> CHI | V7: 15 | W7: =AVERAGE(N7:Q7) -> 0.2247723
A8: CIN | B8: 2023 | C8: -0.5939949 | D8: 0.28137023 | E8: 0.26413546 | F8: -0.63655231 | G8: 0.050577607 | H8: 0.084370154 | J8: 0.85720066 | K8: 0.55679376 | L8: -0.43989999 | M8: -0.2027795 | N8: -0.39259147 | O8: 0.18558786 | P8: 0.3820644 | Q8: 0.15632629 | U8: =A8 -> CIN | V8: 15 | W8: =AVERAGE(N8:Q8) -> 0.082846769
A9: CLE | B9: 2023 | C9: 0.40419095 | D9: 0.16710278 | E9: 0.5452918 | F9: -0.40205441 | H9: 0.4659197 | I9: -0.21875407 | J9: -0.12943195 | K9: 0.76808454 | L9: 0.32952305 | M9: 0.0090410269 | N9: -0.6748909 | O9: -0.24709375 | P9: 0.47645981 | Q9: 0.086433313 | U9: =A9 -> CLE | V9: 15 | W9: =AVERAGE(N9:Q9) -> -0.089772883
A10: DAL | B10: 2023 | C10: 0.43617582 | D10: 0.39081389 | E10: -0.64260541 | F10: 0.44839875 | G10: -0.47355017 | H10: 0.13743522 | J10: 0.65269664 | K10: 0.26011346 | L10: 0.53477622 | M10: 0.18521207 | N10: 0.46632812 | O10: 0.0024592683 | P10: 0.54710248 | Q10: -0.36877369 | U10: =A10 -> DAL | V10: 15 | W10: =AVERAGE(N10:Q10) -> 0.16177905
A11: DEN | B11: 2023 | C11: -0.16347512 | D11: -0.41582967 | E11: -0.54095919 | F11: -0.23032361 | G11: -0.22959706 | H11: -0.31169039 | I11: 0.054030194 | J11: 0.49154718 | L11: -0.02124972 | M11: 0.13210671 | N11: 0.45114381 | O11: -0.11166629 | P11: 0.57144413 | Q11: -0.42815978 | U11: =A11 -> DEN | V11: 15 | W11: =AVERAGE(N11:Q11) -> 0.12069047
A12: DET | B12: 2023 | C12: 0.23054797 | D12: -0.08323597 | E12: 0.58138484 | F12: 0.77877122 | G12: 0.35836255 | H12: 0.38671645 | I12: -0.61326919 | J12: 0.43313678 | L12: 0.34184551 | M12: 0.13512027 | N12: -0.37770428 | O12: 0.20695089 | P12: -0.61335266 | Q12: 0.47082139 | U12: =A12 -> DET | V12: 15 | W12: =AVERAGE(N12:Q12) -> -0.078321167
A13: GB | B13: 2023 | C13: 0.33165952 | D13: 0.062185239 | E13: -0.11493356 | F13: -0.54087368 | G13: -0.18097771 | I13: -0.38711912 | J13: -0.34774053 | K13: 0.68420961 | L13: -0.18577675 | M13: -0.17274664 | N13: 0.46195478 | O13: 0.45292352 | P13: -0.57492194 | Q13: -0.34636676 | U13: =A13 -> GB | V13: 15 | W13: =AVERAGE(N13:Q13) -> -0.0016026008
A14: HOU | B14: 2023 | C14: 0.10922681 | D14: -0.56504364 | E14: 0.52639624 | F14: 0.54776232 | G14: -0.24753315 | H14: -0.11074891 | J14: -0.20675863 | K14: 0.34576482 | L14: 0.52002731 | M14: -0.23898444 | N14: 0.058440665 | O14: 0.2001417 | P14: -0.84063822 | Q14: 0.34361541 | U14: =A14 -> HOU | V14: 15 | W14: =AVERAGE(N14:Q14) -> -0.059610114
A15: IND | B15: 2023 | C15: -0.33992029 | D15: 0.5778984 | E15: 0.26132208 | F15: -0.2718744 | G15: 0.21619069 | H15: -0.28375761 | I15: 0.27571541 | J15: -0.49503217 | K15: -0.080920056 | L15: 0.015073486 | N15: 0.45617499 | O15: -0.10515018 | P15: -0.59246752 | Q15: 0.31383514 | U15: =A15 -> IND | V15: 15 | W15: =AVERAGE(N15:Q15) -> 0.018098108
A16: JAC | B16: 2023 | C16: 0.53670716 | D16: -0.19207184 | E16: -0.76422507 | F16: 0.43330957 | G16: 0.27477773 | H16: 0.413719 | I16: 0.34512943 | J16: 0.25715294 | L16: -0.40796691 | M16: 0.40105657 | N16: 0.11447211 | O16: -0.28104903 | P16: -0.077909518 | Q16: 0.002167944 | U16: =A16 -> JAC | V16: 15 | W16: =AVERAGE(N16:Q16) -> -0.060579624
A17: KC | B17: 2023 | C17: 0.017584563 | D17: 0.3679683 | E17: 0.71043727 | F17: -0.054998433 | G17: 0.35083542 | H17: 0.46802641 | I17: 0.64338824 | J17: -0.35947956 | K17: 0.43297778 | M17: -0.021582962 | N17: 0.35625191 | O17: -0.13293374 | P17: 0.42086557 | Q17: 0.14568545 | U17: =A17 -> KC | V17: 15 | W17: =AVERAGE(N17:Q17) -> 0.1974673
A18: LAC | B18: 2023 | C18: -0.12127911 | D18: -0.056615203 | E18: 0.24476508 | F18: 0.13523015 | H18: -0.059478515 | I18: -0.35809944 | J18: 0.37731983 | K18: 0.3293255 | L18: -0.12194788 | M18: -0.20194701 | N18: 0.11912783 | O18: 0.15500314 | P18: -0.53946107 | Q18: -0.85476469 | U18: =A18 -> LAC | V18: 15 | W18: =AVERAGE(N18:Q18) -> -0.2800237
A19: LA | B19: 2023 | C19: 0.09682098 | D19: 0.231245 | E19: -0.26679504 | F19: 0.061573 | G19: -0.14589911 | H19: 0.44402563 | I19: -0.33353432 | J19: -0.52295959 | K19: -0.85901918 | M19: 0.099492118 | N19: 0.26845667 | O19: 0.24324225 | P19: -0.067665881 | Q19: 0.17049766 | U19: =A19 -> LA | V19: 15 | W19: =AVERAGE(N19:Q19) -> 0.15363268
A20: LV | B20: 2023 | C20: -0.18239925 | D20: -0.44119955 | E20: -0.40306873 | F20: -0.30356094 | G20: -0.069254244 | H20: 0.12956479 | I20: -0.53647556 | J20: -0.52777447 | K20: 0.35204388 | L20: -0.09134804 | M20: -0.080869915 | N20: -0.18434223 | P20: -0.12526405 | Q20: 0.71425032 | U20: =A20 -> LV | V20: 15 | W20: =AVERAGE(N20:Q20) -> 0.13488134
A21: MIA | B21: 2023 | C21: 0.12082583 | D21: 0.30313368 | E21: 0.78968883 | F21: -0.65055774 | G21: 0.46835936 | H21: 0.23577365 | I21: -0.23762121 | J21: 0.34519541 | K21: 0.0023256053 | M21: 0.17884599 | N21: 0.48926964 | O21: 0.74547195 | P21: 0.0036259034 | Q21: 0.64134352 | U21: =A21 -> MIA | V21: 15 | W21: =AVERAGE(N21:Q21) -> 0.46992775
A22: MIN | B22: 2023 | C22: -0.10185317 | D22: 0.32638847 | E22: -0.37207754 | F22: 0.043519686 | G22: 0.031279526 | H22: 0.02465236 | I22: 0.24141846 | J22: 0.30174486 | K22: -0.10096262 | L22: 0.3750283 | M22: -0.17938421 | N22: -0.34329517 | P22: -0.078734972 | Q22: -0.035615672 | U22: =A22 -> MIN | V22: 15 | W22: =AVERAGE(N22:Q22) -> -0.1525486
A23: NE | B23: 2023 | C23: 0.08637355 | D23: -0.18034291 | E23: 0.33490214 | F23: -0.54775601 | G23: -0.99374702 | H23: -0.22867448 | I23: 0.5534108 | J23: -0.023283789 | K23: -0.33471564 | L23: -0.18106016 | N23: -0.55366032 | O23: -0.34801114 | P23: 0.27861666 | Q23: -0.16458985 | U23: =A23 -> NE | V23: 15 | W23: =AVERAGE(N23:Q23) -> -0.19691116
A24: NO | B24: 2023 | C24: 0.023541792 | D24: -0.012006291 | E24: 0.071656883 | F24: -0.48748114 | G24: 0.67459555 | H24: 0.030609198 | I24: -0.28834159 | J24: 0.3294834 | K24: 0.10963806 | L24: -0.4210757 | N24: -0.33538547 | O24: -0.2383707 | P24: 0.0026525147 | Q24: 0.49404329 | U24: =A24 -> NO | V24: 15 | W24: =AVERAGE(N24:Q24) -> -0.019265094
A25: NYG | B25: 2023 | C25: -0.89346109 | D25: -0.44814954 | E25: 0.0423855 | F25: -0.63255782 | G25: -0.65552107 | H25: -0.014231374 | I25: 0.079181091 | J25: -0.61334865 | K25: -0.74149099 | L25: -0.5015061 | M25: -0.054589778 | N25: 0.08211791 | P25: 0.11822475 | Q25: -0.81008606 | U25: =A25 -> NYG | V25: 15 | W25: =AVERAGE(N25:Q25) -> -0.2032478
A26: NYJ | B26: 2023 | C26: 0.18328205 | D26: -0.31028446 | E26: -0.5385296 | F26: 0.1579486 | G26: 0.073773797 | H26: 0.2345242 | J26: -0.01021158 | K26: -0.40751338 | L26: -0.14498656 | M26: -0.62610217 | N26: -0.5463484 | O26: -0.42271378 | P26: 0.85712605 | Q26: -0.64442617 | U26: =A26 -> NYJ | V26: 15 | W26: =AVERAGE(N26:Q26) -> -0.18909057
A27: PHI | B27: 2023 | C27: -0.046669204 | D27: 0.15955231 | E27: 0.72812059 | F27: -0.033509078 | G27: 0.40304078 | H27: -0.27537074 | I27: 0.4793292 | J27: -0.13571282 | K27: 0.025733272 | M27: 0.22188105 | N27: 0.33075046 | O27: -0.20830633 | P27: -0.19413394 | Q27: -0.071176742 | U27: =A27 -> PHI | V27: 15 | W27: =AVERAGE(N27:Q27) -> -0.035716638
A28: PIT | B28: 2023 | C28: -0.10070101 | D28: -0.099361011 | E28: 0.28749704 | F28: -0.69855757 | G28: 0.55623317 | I28: 0.32450342 | J28: 0.01484919 | K28: 0.2964627 | L28: 0.33781534 | M28: 0.07592835 | N28: 0.54533135 | O28: -0.41161821 | P28: -0.32650398 | Q28: -0.67485851 | U28: =A28 -> PIT | V28: 15 | W28: =AVERAGE(N28:Q28) -> -0.21691234
A29: SEA | B29: 2023 | C29: -0.13772288 | D29: 0.13295077 | E29: 0.034346308 | F29: 0.28946807 | H29: -0.065229021 | I29: 0.043279426 | J29: 0.27395261 | K29: -0.74023357 | L29: -0.10027171 | M29: -0.018751808 | N29: -0.051267694 | O29: 0.076330115 | P29: -0.12409607 | Q29: 0.22024917 | U29: =A29 -> SEA | V29: 15 | W29: =AVERAGE(N29:Q29) -> 0.030303881
A30: SF | B30: 2023 | C30: 0.54363929 | D30: 0.48069876 | E30: 0.19575873 | F30: 0.44847487 | G30: 0.90535212 | H30: -0.024977042 | I30: -0.090758254 | J30: -0.10575438 | L30: 0.98215705 | M30: 0.63049302 | N30: 0.52533659 | O30: 0.76226728 | P30: 0.79589939 | Q30: 0.79632854 | U30: =A30 -> SF | V30: 15 | W30: =AVERAGE(N30:Q30) -> 0.71995795
A31: TB | B31: 2023 | C31: 0.033444013 | D31: 0.40959635 | E31: -0.64343554 | F31: 0.42631935 | H31: -0.24065694 | I31: -0.56347464 | J31: -0.10924444 | K31: -0.26412552 | L31: 0.49312369 | M31: 0.028723209 | N31: -0.33239178 | O31: 0.10520282 | P31: -0.090328848 | Q31: 0.64101641 | U31: =A31 -> TB | V31: 15 | W31: =AVERAGE(N31:Q31) -> 0.08087465
A32: TEN | B32: 2023 | C32: -0.31999241 | D32: -0.17639911 | E32: -0.532302 | F32: 0.50640652 | G32: -0.13764213 | H32: 0.10612318 | J32: 0.29853133 | K32: -0.25986326 | L32: -0.65779336 | M32: -0.2773334 | N32: 0.091286652 | O32: -0.35465034 | P32: 0.10584982 | Q32: -0.46721302 | U32: =A32 -> TEN | V32: 15 | W32: =AVERAGE(N32:Q32) -> -0.15618172
A33: WAS | B33: 2023 | C33: -0.017342792 | D33: -0.05427061 | E33: -0.58328351 | F33: -0.11592104 | G33: -0.35402896 | H33: 0.23326928 | I33: -0.75727722 | J33: 0.23173772 | K33: -0.073344169 | L33: -0.10731074 | M33: -0.49162297 | N33: -0.60260158 | O33: -0.4767297 | Q33: -0.43765727 | U33: =A33 -> WAS | V33: 15 | W33: =AVERAGE(N33:Q33) -> -0.50566285
A34: ARI | B34: 2024 | C34: -0.364 | D34: 0.818 | E34: -0.216 | F34: -0.697 | G34: 0.148 | H34: -0.33 | I34: 0.16530496 | U34: =A34 -> ARI | V34: 7 | W34: =AVERAGE(E34:H34) -> -0.27375
A35: ATL | B35: 2024 | C35: -0.02 | D35: 0.164 | E35: -0.187 | F35: 0.11 | G35: 0.097 | H35: 0.305 | I35: -0.4151517 | U35: =A35 -> ATL | V35: 7 | W35: =AVERAGE(E35:H35) -> 0.08125
A36: BAL | B36: 2024 | C36: -0.133 | D36: 0.305 | E36: 0.749 | F36: 0.67 | G36: 0.148 | H36: 0.33 | I36: 0.84183626 | U36: =A36 -> BAL | V36: 7 | W36: =AVERAGE(E36:H36) -> 0.47425
A37: BUF | B37: 2024 | C37: 0.187 | D37: 0.416 | E37: 0.985 | F37: -0.501 | G37: 0.011 | H37: 0.146 | I37: 0.43128541 | U37: =A37 -> BUF | V37: 7 | W37: =AVERAGE(E37:H37) -> 0.16025
A38: CAR | B38: 2024 | C38: -0.936 | D38: -0.685 | E38: 0.441 | F38: -0.079 | G38: -0.64 | H38: -0.501 | I38: -0.90398215 | U38: =A38 -> CAR | V38: 7 | W38: =AVERAGE(E38:H38) -> -0.19475
A39: CHI | B39: 2024 | C39: -0.024 | D39: -0.411 | E39: -0.252 | F39: 0.052 | G39: 0.476 | H39: 0.409 | U39: =A39 -> CHI | V39: 7 | W39: =AVERAGE(E39:H39) -> 0.17125
A40: CIN | B40: 2024 | C40: -0.07 | D40: 0.099 | E40: 0.211 | F40: 0.071 | G40: 0.129 | H40: 0.072 | I40: 0.10244759 | U40: =A40 -> CIN | V40: 7 | W40: =AVERAGE(E40:H40) -> 0.12075
A41: CLE | B41: 2024 | C41: -0.658 | D41: 0.013 | E41: -0.348 | F41: -0.355 | G41: -0.421 | H41: -0.495 | I41: -0.42664549 | U41: =A41 -> CLE | V41: 7 | W41: =AVERAGE(E41:H41) -> -0.40475
A42: DAL | B42: 2024 | C42: 0.701 | D42: -0.615 | E42: -0.516 | F42: 0.506 | G42: 0.076 | H42: -0.571 | U42: =A42 -> DAL | V42: 7 | W42: =AVERAGE(E42:H42) -> -0.12625
A43: DEN | B43: 2024 | C43: -0.565 | D43: -0.267 | E43: 0.518 | F43: 0.03 | G43: 0.273 | H43: -0.083 | I43: 0.83968296 | U43: =A43 -> DEN | V43: 7 | W43: =AVERAGE(E43:H43) -> 0.1845
A44: DET | B44: 2024 | C44: 0.109 | D44: 0.248 | E44: 0.326 | F44: 0.625 | H44: 0.844 | I44: 0.38512065 | U44: =A44 -> DET | V44: 7 | W44: =AVERAGE(E44:H44) -> 0.59833333
A45: GB | B45: 2024 | C45: 0.001 | D45: 0.311 | E45: 0.492 | F45: -0.077 | G45: 0.01 | H45: 0.233 | I45: 0.29638424 | U45: =A45 -> GB | V45: 7 | W45: =AVERAGE(E45:H45) -> 0.1645
A46: HOU | B46: 2024 | C46: 0.204 | D46: 0.47 | E46: -0.653 | F46: 0.242 | G46: 0.317 | H46: 0.421 | I46: 0.076738253 | U46: =A46 -> HOU | V46: 7 | W46: =AVERAGE(E46:H46) -> 0.08175
A47: IND | B47: 2024 | C47: 0.008 | D47: -0.26 | E47: 0.298 | F47: 0.131 | G47: -0.352 | H47: 0.122 | I47: -0.24854138 | U47: =A47 -> IND | V47: 7 | W47: =AVERAGE(E47:H47) -> 0.04975
A48: JAX | B48: 2024 | C48: 0.041 | D48: -0.069 | E48: -0.91 | F48: -0.191 | G48: 0.316 | H48: -0.542 | I48: 0.46468608 | U48: =A48 -> JAX | V48: 7 | W48: =AVERAGE(E48:H48) -> -0.33175
A49: KC | B49: 2024 | C49: 0.202 | D49: -0.143 | E49: 0.248 | F49: 0.175 | G49: 0.534 | I49: 0.61472694 | U49: =A49 -> KC | V49: 7 | W49: =AVERAGE(E49:H49) -> 0.319
A50: LAC | B50: 2024 | C50: 0.28 | D50: 0.681 | E50: -0.435 | F50: -0.166 | H50: 0.272 | I50: 0.0048750512 | U50: =A50 -> LAC | V50: 7 | W50: =AVERAGE(E50:H50) -> -0.10966667
A51: LAR | B51: 2024 | C51: -0.115 | D51: -0.625 | E51: 0.07 | F51: -0.227 | G51: -0.056 | I51: -0.022154424 | U51: =A51 -> LAR | V51: 7 | W51: =AVERAGE(E51:H51) -> -0.071
A52: LV | B52: 2024 | C52: -0.329 | D52: -0.324 | E52: -0.424 | F52: 0.057 | G52: -0.501 | H52: -0.31 | I52: -0.42382548 | U52: =A52 -> LV | V52: 7 | W52: =AVERAGE(E52:H52) -> -0.2945
A53: MIA | B53: 2024 | C53: -0.032 | D53: -0.557 | E53: -0.69 | F53: -0.386 | G53: -0.483 | I53: -0.074341259 | U53: =A53 -> MIA | V53: 7 | W53: =AVERAGE(E53:H53) -> -0.51966667
A54: MIN | B54: 2024 | C54: 0.731 | D54: 0.236 | E54: 0.433 | F54: 0.208 | G54: 0.206 | I54: 0.052480316 | U54: =A54 -> MIN | V54: 7 | W54: =AVERAGE(E54:H54) -> 0.28233333
A55: NE | B55: 2024 | C55: 0.231 | D55: -0.2 | E55: -0.661 | F55: -0.581 | G55: -0.147 | H55: -0.61 | I55: -0.86170148 | U55: =A55 -> NE | V55: 7 | W55: =AVERAGE(E55:H55) -> -0.49975
A56: NO | B56: 2024 | C56: 0.996 | D56: 0.884 | E56: -0.286 | F56: 0.107 | G56: -0.276 | H56: -0.344 | I56: -0.80064571 | U56: =A56 -> NO | V56: 7 | W56: =AVERAGE(E56:H56) -> -0.19975
A57: NYG | B57: 2024 | C57: -0.659 | D57: 0.033 | E57: 0.226 | F57: -0.408 | G57: 0.357 | H57: -0.111 | I57: -0.48749153 | U57: =A57 -> NYG | V57: 7 | W57: =AVERAGE(E57:H57) -> 0.016
A58: NYJ | B58: 2024 | C58: -0.312 | D58: 0.112 | E58: 0.603 | F58: -0.372 | G58: -0.019 | H58: -0.17 | I58: -0.56100105 | U58: =A58 -> NYJ | V58: 7 | W58: =AVERAGE(E58:H58) -> 0.0105
A59: PHI | B59: 2024 | C59: -0.11 | D59: -0.099 | E59: 0.113 | F59: -0.479 | H59: -0.005 | I59: 0.56197892 | U59: =A59 -> PHI | V59: 7 | W59: =AVERAGE(E59:H59) -> -0.12366667
A60: PIT | B60: 2024 | C60: -0.001 | D60: 0.385 | E60: 0.434 | F60: -0.122 | G60: -0.213 | H60: -0.039 | I60: 0.52734051 | U60: =A60 -> PIT | V60: 7 | W60: =AVERAGE(E60:H60) -> 0.015
A61: SEA | B61: 2024 | C61: 0.709 | D61: 0.3 | E61: 0.584 | F61: -0.337 | G61: -0.201 | H61: -0.198 | I61: 0.36399895 | U61: =A61 -> SEA | V61: 7 | W61: =AVERAGE(E61:H61) -> -0.038
A62: SF | B62: 2024 | C62: 0.463 | D62: -0.324 | E62: 0.057 | F62: 0.46 | G62: -0.049 | H62: 0.611 | I62: -0.22275159 | U62: =A62 -> SF | V62: 7 | W62: =AVERAGE(E62:H62) -> 0.26975
A63: TB | B63: 2024 | C63: 0.321 | D63: -0.181 | E63: -0.464 | F63: 0.462 | G63: 0.042 | H63: 0.436 | I63: -0.46061268 | U63: =A63 -> TB | V63: 7 | W63: =AVERAGE(E63:H63) -> 0.119
A64: TEN | B64: 2024 | C64: -0.273 | D64: -0.124 | E64: -0.402 | F64: 0.106 | H64: -0.122 | I64: -0.47389205 | U64: =A64 -> TEN | V64: 7 | W64: =AVERAGE(E64:H64) -> -0.13933333
A65: WAS | B65: 2024 | C65: -0.591 | D65: -0.247 | E65: 0.028 | F65: 0.859 | G65: 0.439 | H65: 0.12 | I65: 0.74469085 | U65: =A65 -> WAS | V65: 7 | W65: =AVERAGE(E65:H65) -> 0.3615

Sheet ALYO
A1: WEEK | B1: SEASON | C1: TEAM | D1: TEAM | E1: YEAR | F1: WEEK | G1: ADJ LINE YARDS | H1: RANK | I1: RB YARDS | J1: RANK | K1: POWER SUCCESS | L1: RANK | M1: STUFFED | N1: RANK | O1: SECOND LEVEL | P1: RANK | Q1: OPEN FIELD | R1: RANK | S1: SACKS | T1: ADJUSTED SACK RATE | U1: RANK
A2: 4 | B2: 2023 | C2: =INDEX(Index!$B$1:$B$500,MATCH($D2,Index!$A$1:$A$500,0) ) -> MIN | D2: MIN | E2: 2023 | F2: 4 | G2: 5.300138 | H2: 1 | I2: 4.6617647 | J2: 6 | K2: 0.4 | L2: 30 | M2: 0.13235294 | N2: 6 | O2: 1.75 | P2: 2 | Q2: 0.38235294 | R2: 22 | S2: 10 | T2: 0.067010015 | U2: 14
A3: 4 | B3: 2023 | C3: =INDEX(Index!$B$1:$B$500,MATCH($D3,Index!$A$1:$A$500,0) ) -> PHI | D3: PHI | E3: 2023 | F3: 4 | G3: 5.0364099 | H3: 2 | I3: 5.27 | J3: 2 | K3: 0.82352941 | L3: 6 | M3: 0.08 | N3: 1 | O3: 1.43 | P3: 4 | Q3: 0.95 | R3: 7 | S3: 11 | T3: 0.086606057 | U3: 24
A4: 4 | B4: 2023 | C4: =INDEX(Index!$B$1:$B$500,MATCH($D4,Index!$A$1:$A$500,0) ) -> BUF | D4: BUF | E4: 2023 | F4: 4 | G4: 4.9978866 | H4: 3 | I4: 4.923913 | J4: 4 | K4: 0.76923077 | L4: 9 | M4: 0.11956522 | N4: 3 | O4: 1.3913043 | P4: 6 | Q4: 0.92391304 | R4: 8 | S4: 9 | T4: 0.070446628 | U4: 16
A5: 4 | B5: 2023 | C5: =INDEX(Index!$B$1:$B$500,MATCH($D5,Index!$A$1:$A$500,0) ) -> SF | D5: SF | E5: 2023 | F5: 4 | G5: 4.9311794 | H5: 4 | I5: 5.1238095 | J5: 3 | K5: 0.75 | L5: 10 | M5: 0.11428571 | N5: 2 | O5: 1.2857143 | P5: 10 | Q5: 1.2857143 | R5: 3 | S5: 7 | T5: 0.065915929 | U5: 12
A6: 4 | B6: 2023 | C6: =INDEX(Index!$B$1:$B$500,MATCH($D6,Index!$A$1:$A$500,0) ) -> MIA | D6: MIA | E6: 2023 | F6: 4 | G6: 4.8834285 | H6: 5 | I6: 7.0434783 | J6: 1 | K6: 0.375 | L6: 31 | M6: 0.16304348 | N6: 13 | O6: 1.7634409 | P6: 1 | Q6: 2.7204301 | R6: 1 | S6: 5 | T6: 0.030868314 | U6: 2
A7: 4 | B7: 2023 | C7: =INDEX(Index!$B$1:$B$500,MATCH($D7,Index!$A$1:$A$500,0) ) -> CHI | D7: CHI | E7: 2023 | F7: 4 | G7: 4.6065226 | H7: 6 | I7: 4.6323529 | J7: 7 | K7: 0.69230769 | L7: 16 | M7: 0.13235294 | N7: 6 | O7: 1.2941176 | P7: 8 | Q7: 0.73529412 | R7: 14 | S7: 17 | T7: 0.12999734 | U7: 30
A8: 4 | B8: 2023 | C8: =INDEX(Index!$B$1:$B$500,MATCH($D8,Index!$A$1:$A$500,0) ) -> SEA | D8: SEA | E8: 2023 | F8: 4 | G8: 4.606008 | H8: 7 | I8: 4.4555556 | J8: 10 | K8: 0.58333333 | L8: 23 | M8: 0.2 | N8: 21 | O8: 1.311828 | P8: 7 | Q8: 0.79569892 | R8: 12 | S8: 7 | T8: 0.063384501 | U8: 10
A9: 4 | B9: 2023 | C9: =INDEX(Index!$B$1:$B$500,MATCH($D9,Index!$A$1:$A$500,0) ) -> DET | D9: DET | E9: 2023 | F9: 4 | G9: 4.445446 | H9: 8 | I9: 3.9916667 | J9: 18 | K9: 0.72727273 | L9: 13 | M9: 0.18333333 | N9: 16 | O9: 1.1735537 | P9: 14 | Q9: 0.43801653 | R9: 21 | S9: 5 | T9: 0.041797191 | U9: 3
A10: 4 | B10: 2023 | C10: =INDEX(Index!$B$1:$B$500,MATCH($D10,Index!$A$1:$A$500,0) ) -> DAL | D10: DAL | E10: 2023 | F10: 4 | G10: 4.4284043 | H10: 9 | I10: 3.8672566 | J10: 21 | K10: 0.66666667 | L10: 17 | M10: 0.17699115 | N10: 15 | O10: 1.0265487 | P10: 21 | Q10: 0.53097345 | R10: 18 | S10: 6 | T10: 0.049056674 | U10: 6
A11: 4 | B11: 2023 | C11: =INDEX(Index!$B$1:$B$500,MATCH($D11,Index!$A$1:$A$500,0) ) -> DEN | D11: DEN | E11: 2023 | F11: 4 | G11: 4.3773973 | H11: 10 | I11: 4.2714286 | J11: 14 | K11: 0.85714286 | L11: 2 | M11: 0.15714286 | N11: 12 | O11: 1.2857143 | P11: 10 | Q11: 0.6 | R11: 17 | S11: 11 | T11: 0.085701016 | U11: 23
A12: 4 | B12: 2023 | C12: =INDEX(Index!$B$1:$B$500,MATCH($D12,Index!$A$1:$A$500,0) ) -> NO | D12: NO | E12: 2023 | F12: 4 | G12: 4.3699701 | H12: 11 | I12: 3.3857143 | J12: 25 | K12: 0.81818182 | L12: 7 | M12: 0.14285714 | N12: 9 | O12: 0.77142857 | P12: 31 | Q12: 0.18571429 | R12: 26 | S12: 15 | T12: 0.091121212 | U12: 25
A13: 4 | B13: 2023 | C13: =INDEX(Index!$B$1:$B$500,MATCH($D13,Index!$A$1:$A$500,0) ) -> ATL | D13: ATL | E13: 2023 | F13: 4 | G13: 4.3627719 | H13: 12 | I13: 4.7857143 | J13: 5 | K13: 0.57142857 | L13: 24 | M13: 0.17346939 | N13: 14 | O13: 1.4693878 | P13: 3 | Q13: 0.96938776 | R13: 6 | S13: 16 | T13: 0.11707678 | U13: 28
... A97: 6 | B97: 2023 | C97: =INDEX(Index!$B$1:$B$500,MATCH($D97,Index!$A$1:$A$500,0) ) -> WAS | D97: WAS | E97: 2023 | F97: 6 | G97: 3.952722 | H97: 19 | I97: 4.01 | J97: 18 | K97: 0.7 | L97: 15 | M97: 0.14 | N97: 4 | O97: 1.16 | P97: 14 | Q97: 0.53 | R97: 19 | S97: 34 | T97: 0.14041821 | U97: 32
A98: =F98 -> 7 | B98: 2023 | C98: =INDEX(Index!$B$1:$B$500,MATCH($D98,Index!$A$1:$A$500,0) ) -> MIA | D98: MIA | E98: 2023 | F98: 7 | G98: 4.9250126 | H98: 1 | I98: 7.0457516 | J98: 1 | K98: 0.41666667 | L98: 32 | M98: 0.17647059 | N98: 12 | O98: 1.7857143 | P98: 1 | Q98: 2.7792208 | R98: 1 | S98: 10 | T98: 0.041663182 | U98: 2
A99: =F99 -> 7 | B99: 2023 | C99: =INDEX(Index!$B$1:$B$500,MATCH($D99,Index!$A$1:$A$500,0) ) -> MIN | D99: MIN | E99: 2023 | F99: 7 | G99: 4.7900504 | H99: 2 | I99: 4.2079208 | J99: 12 | K99: 0.7 | L99: 14 | M99: 0.14851485 | N99: 7 | O99: 1.5148515 | P99: 2 | Q99: 0.30693069 | R99: 24 | S99: 15 | T99: 0.06915792 | U99: 14
A100: =F100 -> 7 | B100: 2023 | C100: =INDEX(Index!$B$1:$B$500,MATCH($D100,Index!$A$1:$A$500,0) ) -> BUF | D100: BUF | E100: 2023 | F100: 7 | G100: 4.699501 | H100: 3 | I100: 4.4452055 | J100: 10 | K100: 0.72727273 | L100: 11 | M100: 0.1369863 | N100: 5 | O100: 1.2465753 | P100: 8 | Q100: 0.71917808 | R100: 11 | S100: 10 | T100: 0.049768067 | U100: 3
A101: =F101 -> 7 | B101: 2023 | C101: =INDEX(Index!$B$1:$B$500,MATCH($D101,Index!$A$1:$A$500,0) ) -> CHI | D101: CHI | E101: 2023 | F101: 7 | G101: 4.6860081 | H101: 4 | I101: 4.6853147 | J101: 5 | K101: 0.80952381 | L101: 4 | M101: 0.13286713 | N101: 3 | O101: 1.4405594 | P101: 4 | Q101: 0.65034965 | R101: 13 | S101: 27 | T101: 0.12021594 | U101: 30
A102: =F102 -> 7 | B102: 2023 | C102: =INDEX(Index!$B$1:$B$500,MATCH($D102,Index!$A$1:$A$500,0) ) -> SF | D102: SF | E102: 2023 | F102: 7 | G102: 4.6173285 | H102: 5 | I102: 4.721519 | J102: 3 | K102: 0.77777778 | L102: 6 | M102: 0.15822785 | N102: 10 | O102: 1.2341772 | P102: 9 | Q102: 1.0949367 | R102: 5 | S102: 11 | T102: 0.067872572 | U102: 13
A103: =F103 -> 7 | B103: 2023 | C103: =INDEX(Index!$B$1:$B$500,MATCH($D103,Index!$A$1:$A$500,0) ) -> DET | D103: DET | E103: 2023 | F103: 7 | G103: 4.5390139 | H103: 6 | I103: 4.2346369 | J103: 11 | K103: 0.64705882 | L103: 18 | M103: 0.17877095 | N103: 15 | O103: 1.1712707 | P103: 13 | Q103: 0.62983425 | R103: 17 | S103: 15 | T103: 0.057699219 | U103: 7
A104: =F104 -> 7 | B104: 2023 | C104: =INDEX(Index!$B$1:$B$500,MATCH($D104,Index!$A$1:$A$500,0) ) -> DEN | D104: DEN | E104: 2023 | F104: 7 | G104: 4.5068632 | H104: 7 | I104: 4.7086614 | J104: 4 | K104: 0.84615385 | L104: 2 | M104: 0.16535433 | N104: 11 | O104: 1.4251969 | P104: 5 | Q104: 0.94488189 | R104: 6 | S104: 20 | T104: 0.093584895 | U104: 27
A105: =F105 -> 7 | B105: 2023 | C105: =INDEX(Index!$B$1:$B$500,MATCH($D105,Index!$A$1:$A$500,0) ) -> LAR | D105: LA | E105: 2023 | F105: 7 | G105: 4.4466266 | H105: 8 | I105: 4.0903614 | J105: 16 | K105: 0.86666667 | L105: 1 | M105: 0.18674699 | N105: 18 | O105: 1.246988 | P105: 7 | Q105: 0.44578313 | R105: 21 | S105: 18 | T105: 0.074872156 | U105: 18
A106: =F106 -> 7 | B106: 2023 | C106: =INDEX(Index!$B$1:$B$500,MATCH($D106,Index!$A$1:$A$500,0) ) -> PHI | D106: PHI | E106: 2023 | F106: 7 | G106: 4.3816348 | H106: 9 | I106: 4.5031056 | J106: 8 | K106: 0.82758621 | L106: 3 | M106: 0.1242236 | N106: 1 | O106: 1.2484472 | P106: 6 | Q106: 0.72049689 | R106: 10 | S106: 17 | T106: 0.073657323 | U106: 17
A107: =F107 -> 7 | B107: 2023 | C107: =INDEX(Index!$B$1:$B$500,MATCH($D107,Index!$A$1:$A$500,0) ) -> SEA | D107: SEA | E107: 2023 | F107: 7 | G107: 4.367903 | H107: 10 | I107: 4.1824818 | J107: 13 | K107: 0.5625 | L107: 24 | M107: 0.19708029 | N107: 20 | O107: 1.1702128 | P107: 14 | Q107: 0.70921986 | R107: 12 | S107: 13 | T107: 0.07147852 | U107: 16
A108: =F108 -> 7 | B108: 2023 | C108: =INDEX(Index!$B$1:$B$500,MATCH($D108,Index!$A$1:$A$500,0) ) -> NO | D108: NO | E108: 2023 | F108: 7 | G108: 4.3130549 | H108: 11 | I108: 3.3809524 | J108: 27 | K108: 0.72727273 | L108: 11 | M108: 0.17687075 | N108: 14 | O108: 0.85714286 | P108: 29 | Q108: 0.19047619 | R108: 27 | S108: 20 | T108: 0.080351715 | U108: 23
A109: =F109 -> 7 | B109: 2023 | C109: =INDEX(Index!$B$1:$B$500,MATCH($D109,Index!$A$1:$A$500,0) ) -> BAL | D109: BAL | E109: 2023 | F109: 7 | G109: 4.2801192 | H109: 12 | I109: 4.1409396 | J109: 14 | K109: 0.77777778 | L109: 6 | M109: 0.18120805 | N109: 16 | O109: 1.1409396 | P109: 16 | Q109: 0.57718121 | R109: 19 | S109: 16 | T109: 0.077689968 | U109: 20
... A161: =F161 -> 8 | B161: 2023 | C161: =INDEX(Index!$B$1:$B$500,MATCH($D161,Index!$A$1:$A$500,0) ) -> TB | D161: TB | E161: 2023 | F161: 8 | G161: 3.2565965 | H161: 32 | I161: 2.880597 | J161: 32 | K161: 0.45454545 | L161: 30 | M161: 0.2238806 | N161: 26 | O161: 0.76119403 | P161: 32 | Q161: 0.13432836 | R161: 31 | S161: 11 | T161: 0.051837715 | U161: 4
A162: 9 | B162: 2023 | C162: =INDEX(Index!$B$1:$B$500,MATCH($D162,Index!$A$1:$A$500,0) ) -> MIA | D162: MIA | E162: 2023 | F162: 9 | G162: 4.7444477 | H162: 1 | I162: 6.5421053 | J162: 1 | K162: 0.46153846 | L162: 32 | M162: 0.17894737 | N162: 14 | O162: 1.7172775 | P162: 1 | Q162: 2.3874346 | R162: 1 | S162: 15 | T162: 0.05223334 | U162: 5
A163: 9 | B163: 2023 | C163: =INDEX(Index!$B$1:$B$500,MATCH($D163,Index!$A$1:$A$500,0) ) -> DET | D163: DET | E163: 2023 | F163: 9 | G163: 4.6850336 | H163: 2 | I163: 4.4931507 | J163: 7 | K163: 0.64705882 | L163: 16 | M163: 0.16438356 | N163: 7 | O163: 1.2850679 | P163: 5 | Q163: 0.71493213 | R163: 12 | S163: 16 | T163: 0.053124917 | U163: 6
A164: 9 | B164: 2023 | C164: =INDEX(Index!$B$1:$B$500,MATCH($D164,Index!$A$1:$A$500,0) ) -> BUF | D164: BUF | E164: 2023 | F164: 9 | G164: 4.6215308 | H164: 3 | I164: 4.3179191 | J164: 10 | K164: 0.73333333 | L164: 8 | M164: 0.13872832 | N164: 4 | O164: 1.1907514 | P164: 10 | Q164: 0.65317919 | R164: 13 | S164: 13 | T164: 0.050636797 | U164: 4
A165: 9 | B165: 2023 | C165: =INDEX(Index!$B$1:$B$500,MATCH($D165,Index!$A$1:$A$500,0) ) -> CHI | D165: CHI | E165: 2023 | F165: 9 | G165: 4.566964 | H165: 4 | I165: 4.5217391 | J165: 5 | K165: 0.73333333 | L165: 8 | M165: 0.14673913 | N165: 5 | O165: 1.3858696 | P165: 3 | Q165: 0.60869565 | R165: 15 | S165: 30 | T165: 0.10310223 | U165: 27
A166: 9 | B166: 2023 | C166: =INDEX(Index!$B$1:$B$500,MATCH($D166,Index!$A$1:$A$500,0) ) -> TEN | D166: TEN | E166: 2023 | F166: 9 | G166: 4.4851443 | H166: 5 | I166: 4.6420455 | J166: 3 | K166: 0.86666667 | L166: 1 | M166: 0.11931818 | N166: 2 | O166: 1.1777778 | P166: 12 | Q166: 0.95 | R166: 5 | S166: 29 | T166: 0.10562003 | U166: 30
A167: 9 | B167: 2023 | C167: =INDEX(Index!$B$1:$B$500,MATCH($D167,Index!$A$1:$A$500,0) ) -> BAL | D167: BAL | E167: 2023 | F167: 9 | G167: 4.4594653 | H167: 6 | I167: 4.7336683 | J167: 2 | K167: 0.81818182 | L167: 4 | M167: 0.17085427 | N167: 12 | O167: 1.2311558 | P167: 7 | Q167: 1 | R167: 3 | S167: 21 | T167: 0.073316221 | U167: 17
A168: 9 | B168: 2023 | C168: =INDEX(Index!$B$1:$B$500,MATCH($D168,Index!$A$1:$A$500,0) ) -> SF | D168: SF | E168: 2023 | F168: 9 | G168: 4.433419 | H168: 7 | I168: 4.4293194 | J168: 8 | K168: 0.76923077 | L168: 5 | M168: 0.16753927 | N168: 10 | O168: 1.140625 | P168: 16 | Q168: 0.93229167 | R168: 6 | S168: 14 | T168: 0.061862363 | U168: 8
A169: 9 | B169: 2023 | C169: =INDEX(Index!$B$1:$B$500,MATCH($D169,Index!$A$1:$A$500,0) ) -> DEN | D169: DEN | E169: 2023 | F169: 9 | G169: 4.4051884 | H169: 8 | I169: 4.5345912 | J169: 4 | K169: 0.82352941 | L169: 3 | M169: 0.18238994 | N169: 15 | O169: 1.408805 | P169: 2 | Q169: 0.80503145 | R169: 9 | S169: 26 | T169: 0.10457108 | U169: 29
A170: 9 | B170: 2023 | C170: =INDEX(Index!$B$1:$B$500,MATCH($D170,Index!$A$1:$A$500,0) ) -> WAS | D170: WAS | E170: 2023 | F170: 9 | G170: 4.2949228 | H170: 9 | I170: 4.130719 | J170: 14 | K170: 0.70588235 | L170: 12 | M170: 0.11764706 | N170: 1 | O170: 1.1568627 | P170: 15 | Q170: 0.48366013 | R170: 20 | S170: 44 | T170: 0.12713691 | U170: 31
A171: 9 | B171: 2023 | C171: =INDEX(Index!$B$1:$B$500,MATCH($D171,Index!$A$1:$A$500,0) ) -> SEA | D171: SEA | E171: 2023 | F171: 9 | G171: 4.2428665 | H171: 10 | I171: 4.392638 | J171: 9 | K171: 0.55555556 | L171: 26 | M171: 0.20858896 | N171: 23 | O171: 1.1676647 | P171: 14 | Q171: 0.95209581 | R171: 4 | S171: 18 | T171: 0.063645552 | U171: 9
A172: 9 | B172: 2023 | C172: =INDEX(Index!$B$1:$B$500,MATCH($D172,Index!$A$1:$A$500,0) ) -> LAR | D172: LA | E172: 2023 | F172: 9 | G172: 4.2415854 | H172: 11 | I172: 3.8516746 | J172: 20 | K172: 0.75 | L172: 6 | M172: 0.19617225 | N172: 18 | O172: 1.1866029 | P172: 11 | Q172: 0.35406699 | R172: 24 | S172: 21 | T172: 0.070948298 | U172: 14
A173: 9 | B173: 2023 | C173: =INDEX(Index!$B$1:$B$500,MATCH($D173,Index!$A$1:$A$500,0) ) -> NO | D173: NO | E173: 2023 | F173: 9 | G173: 4.2405234 | H173: 12 | I173: 3.3763441 | J173: 29 | K173: 0.68965517 | L173: 13 | M173: 0.19354839 | N173: 17 | O173: 0.8655914 | P173: 30 | Q173: 0.20430108 | R173: 29 | S173: 21 | T173: 0.073634791 | U173: 19
... A193: 9 | B193: 2023 | C193: =INDEX(Index!$B$1:$B$500,MATCH($D193,Index!$A$1:$A$500,0) ) -> TB | D193: TB | E193: 2023 | F193: 9 | G193: 3.3304861 | H193: 32 | I193: 2.8757764 | J193: 32 | K193: 0.58823529 | L193: 22 | M193: 0.21118012 | N193: 26 | O193: 0.76397516 | P193: 32 | Q193: 0.16149068 | R193: 32 | S193: 13 | T193: 0.05572545 | U193: 7

Sheet ALYD
A1: WEEK | B1: SEASON | C1: TEAM | D1: TEAM | E1: YEAR | F1: WEEK | G1: ADJ LINE YARDS | H1: RANK | I1: RB YARDS | J1: RANK | K1: POWER SUCCESS | L1: RANK | M1: STUFFED | N1: RANK | O1: SECOND LEVEL | P1: RANK | Q1: OPEN FIELD | R1: RANK | S1: SACKS | T1: ADJUSTED SACK RATE | U1: RANK
A2: 6 | B2: 2023 | C2: =INDEX(Index!$B$1:$B$500,MATCH($D2,Index!$A$1:$A$500,0) ) -> LAC | D2: LAC | E2: 2023 | F2: 6 | G2: 4.4900688 | H2: 24 | I2: 3.8504673 | J2: 14 | K2: 0.6 | L2: 10 | M2: 0.1588785 | N2: 24 | O2: 1.2149533 | P2: 23 | Q2: 0.3271028 | R2: 6 | S2: 21 | T2: 0.11138108 | U2: 1
A3: 6 | B3: 2023 | C3: =INDEX(Index!$B$1:$B$500,MATCH($D3,Index!$A$1:$A$500,0) ) -> BUF | D3: BUF | E3: 2023 | F3: 6 | G3: 3.7130489 | H3: 9 | I3: 5.204918 | J3: 30 | K3: 0.4 | L3: 2 | M3: 0.29508197 | N3: 1 | O3: 1.3577236 | P3: 29 | Q3: 1.9349593 | R3: 31 | S3: 24 | T3: 0.10799203 | U3: 2
A4: 6 | B4: 2023 | C4: =INDEX(Index!$B$1:$B$500,MATCH($D4,Index!$A$1:$A$500,0) ) -> CLE | D4: CLE | E4: 2023 | F4: 6 | G4: 3.0221351 | H4: 2 | I4: 3.8275862 | J4: 13 | K4: 0.66666667 | L4: 18 | M4: 0.28735632 | N4: 2 | O4: 1.1954023 | P4: 21 | Q4: 0.83908046 | R4: 25 | S4: 15 | T4: 0.10174267 | U4: 3
A5: 6 | B5: 2023 | C5: =INDEX(Index!$B$1:$B$500,MATCH($D5,Index!$A$1:$A$500,0) ) -> BAL | D5: BAL | E5: 2023 | F5: 6 | G5: 3.7076037 | H5: 8 | I5: 4.232 | J5: 23 | K5: 0.58333333 | L5: 8 | M5: 0.176 | N5: 15 | O5: 0.94444444 | P5: 6 | Q5: 1.0555556 | R5: 27 | S5: 24 | T5: 0.099609334 | U5: 4
A6: 6 | B6: 2023 | C6: =INDEX(Index!$B$1:$B$500,MATCH($D6,Index!$A$1:$A$500,0) ) -> MIA | D6: MIA | E6: 2023 | F6: 6 | G6: 4.2202158 | H6: 21 | I6: 4.1956522 | J6: 20 | K6: 0.82608696 | L6: 29 | M6: 0.15942029 | N6: 23 | O6: 1.0362319 | P6: 12 | Q6: 0.65217391 | R6: 20 | S6: 21 | T6: 0.094880952 | U6: 5
A7: 6 | B7: 2023 | C7: =INDEX(Index!$B$1:$B$500,MATCH($D7,Index!$A$1:$A$500,0) ) -> MIN | D7: MIN | E7: 2023 | F7: 6 | G7: 4.0158317 | H7: 15 | I7: 3.6666667 | J7: 11 | K7: 0.65 | L7: 16 | M7: 0.17361111 | N7: 18 | O7: 0.94482759 | P7: 7 | Q7: 0.33103448 | R7: 8 | S7: 18 | T7: 0.091832066 | U7: 6
A8: 6 | B8: 2023 | C8: =INDEX(Index!$B$1:$B$500,MATCH($D8,Index!$A$1:$A$500,0) ) -> WAS | D8: WAS | E8: 2023 | F8: 6 | G8: 4.3518214 | H8: 22 | I8: 4.168 | J8: 19 | K8: 0.8 | L8: 27 | M8: 0.128 | N8: 29 | O8: 1.1111111 | P8: 15 | Q8: 0.51587302 | R8: 16 | S8: 19 | T8: 0.091647885 | U8: 7
A9: 6 | B9: 2023 | C9: =INDEX(Index!$B$1:$B$500,MATCH($D9,Index!$A$1:$A$500,0) ) -> PIT | D9: PIT | E9: 2023 | F9: 6 | G9: 4.4500273 | H9: 23 | I9: 4.7560976 | J9: 28 | K9: 0.42857143 | L9: 4 | M9: 0.18699187 | N9: 13 | O9: 1.2439024 | P9: 24 | Q9: 1.1626016 | R9: 28 | S9: 17 | T9: 0.090847859 | U9: 8
A10: 6 | B10: 2023 | C10: =INDEX(Index!$B$1:$B$500,MATCH($D10,Index!$A$1:$A$500,0) ) -> CIN | D10: CIN | E10: 2023 | F10: 6 | G10: 4.5064089 | H10: 25 | I10: 4.7109375 | J10: 27 | K10: 0.72727273 | L10: 21 | M10: 0.1328125 | N10: 28 | O10: 1.421875 | P10: 31 | Q10: 0.953125 | R10: 26 | S10: 19 | T10: 0.086637404 | U10: 9
A11: 6 | B11: 2023 | C11: =INDEX(Index!$B$1:$B$500,MATCH($D11,Index!$A$1:$A$500,0) ) -> CAR | D11: CAR | E11: 2023 | F11: 6 | G11: 5.2553692 | H11: 32 | I11: 5.3026316 | J11: 31 | K11: 0.58823529 | L11: 9 | M11: 0.16447368 | N11: 20 | O11: 1.5064103 | P11: 32 | Q11: 1.1794872 | R11: 29 | S11: 14 | T11: 0.086100845 | U11: 10
A12: 6 | B12: 2023 | C12: =INDEX(Index!$B$1:$B$500,MATCH($D12,Index!$A$1:$A$500,0) ) -> SEA | D12: SEA | E12: 2023 | F12: 6 | G12: 2.9965511 | H12: 1 | I12: 2.6826923 | J12: 1 | K12: 0.61538462 | L12: 12 | M12: 0.25961538 | N12: 4 | O12: 0.62857143 | P12: 1 | Q12: 0.17142857 | R12: 3 | S12: 19 | T12: 0.085100702 | U12: 11
A13: 6 | B13: 2023 | C13: =INDEX(Index!$B$1:$B$500,MATCH($D13,Index!$A$1:$A$500,0) ) -> DAL | D13: DAL | E13: 2023 | F13: 6 | G13: 3.6072115 | H13: 5 | I13: 3.5932203 | J13: 9 | K13: 0.66666667 | L13: 18 | M13: 0.25423729 | N13: 5 | O13: 1.0336134 | P13: 11 | Q13: 0.4789916 | R13: 14 | S13: 16 | T13: 0.084642757 | U13: 12
... A33: 6 | B33: 2023 | C33: =INDEX(Index!$B$1:$B$500,MATCH($D33,Index!$A$1:$A$500,0) ) -> NYG | D33: NYG | E33: 2023 | F33: 6 | G33: 4.8127203 | H33: 30 | I33: 5.1354839 | J33: 29 | K33: 0.76923077 | L33: 25 | M33: 0.14193548 | N33: 27 | O33: 1.3548387 | P33: 28 | Q33: 1.2709677 | R33: 30 | S33: 5 | T33: 0.040519247 | U33: 32
A34: =F34 -> 7 | B34: 2023 | C34: =INDEX(Index!$B$1:$B$500,MATCH($D34,Index!$A$1:$A$500,0) ) -> SEA | D34: SEA | E34: 2023 | F34: 7 | G34: 3.0353328 | H34: 1 | I34: 2.8728814 | J34: 1 | K34: 0.64285714 | L34: 15 | M34: 0.24576271 | N34: 6 | O34: 0.70588235 | P34: 1 | Q34: 0.23529412 | R34: 1 | S34: 23 | T34: 0.086764115 | U34: 9
A35: =F35 -> 7 | B35: 2023 | C35: =INDEX(Index!$B$1:$B$500,MATCH($D35,Index!$A$1:$A$500,0) ) -> CLE | D35: CLE | E35: 2023 | F35: 7 | G35: 3.0947392 | H35: 2 | I35: 3.7804878 | J35: 14 | K35: 0.625 | L35: 12 | M35: 0.28455285 | N35: 1 | O35: 1.0952381 | P35: 18 | Q35: 0.77777778 | R35: 23 | S35: 19 | T35: 0.10824505 | U35: 1
A36: =F36 -> 7 | B36: 2023 | C36: =INDEX(Index!$B$1:$B$500,MATCH($D36,Index!$A$1:$A$500,0) ) -> JAX | D36: JAC | E36: 2023 | F36: 7 | G36: 3.4657543 | H36: 3 | I36: 3.446281 | J36: 3 | K36: 0.6 | L36: 10 | M36: 0.28099174 | N36: 3 | O36: 0.94214876 | P36: 4 | Q36: 0.66115702 | R36: 21 | S36: 13 | T36: 0.054241945 | U36: 30
A37: =F37 -> 7 | B37: 2023 | C37: =INDEX(Index!$B$1:$B$500,MATCH($D37,Index!$A$1:$A$500,0) ) -> CHI | D37: CHI | E37: 2023 | F37: 7 | G37: 3.5484811 | H37: 4 | I37: 3.4748201 | J37: 4 | K37: 0.78571429 | L37: 25 | M37: 0.21582734 | N37: 10 | O37: 1.1223022 | P37: 20 | Q37: 0.38848921 | R37: 9 | S37: 10 | T37: 0.043017649 | U37: 32
A38: =F38 -> 7 | B38: 2023 | C38: =INDEX(Index!$B$1:$B$500,MATCH($D38,Index!$A$1:$A$500,0) ) -> PHI | D38: PHI | E38: 2023 | F38: 7 | G38: 3.5918506 | H38: 5 | I38: 3.3018868 | J38: 2 | K38: 0.8 | L38: 26 | M38: 0.21698113 | N38: 9 | O38: 0.96226415 | P38: 6 | Q38: 0.23584906 | R38: 2 | S38: 24 | T38: 0.085774322 | U38: 12
A39: =F39 -> 7 | B39: 2023 | C39: =INDEX(Index!$B$1:$B$500,MATCH($D39,Index!$A$1:$A$500,0) ) -> DAL | D39: DAL | E39: 2023 | F39: 7 | G39: 3.6062578 | H39: 6 | I39: 3.5932203 | J39: 8 | K39: 0.66666667 | L39: 17 | M39: 0.25423729 | N39: 4 | O39: 1.0336134 | P39: 12 | Q39: 0.4789916 | R39: 14 | S39: 16 | T39: 0.081661279 | U39: 14
A40: =F40 -> 7 | B40: 2023 | C40: =INDEX(Index!$B$1:$B$500,MATCH($D40,Index!$A$1:$A$500,0) ) -> NYJ | D40: NYJ | E40: 2023 | F40: 7 | G40: 3.6404204 | H40: 7 | I40: 3.9785714 | J40: 17 | K40: 0.63636364 | L40: 14 | M40: 0.23571429 | N40: 7 | O40: 1.1702128 | P40: 22 | Q40: 0.82978723 | R40: 24 | S40: 13 | T40: 0.07392362 | U40: 18
A41: =F41 -> 7 | B41: 2023 | C41: =INDEX(Index!$B$1:$B$500,MATCH($D41,Index!$A$1:$A$500,0) ) -> BUF | D41: BUF | E41: 2023 | F41: 7 | G41: 3.7156097 | H41: 8 | I41: 4.9295775 | J41: 29 | K41: 0.53846154 | L41: 5 | M41: 0.28169014 | N41: 2 | O41: 1.3216783 | P41: 27 | Q41: 1.6923077 | R41: 31 | S41: 25 | T41: 0.099116797 | U41: 4
A42: =F42 -> 7 | B42: 2023 | C42: =INDEX(Index!$B$1:$B$500,MATCH($D42,Index!$A$1:$A$500,0) ) -> IND | D42: IND | E42: 2023 | F42: 7 | G42: 3.8269031 | H42: 9 | I42: 3.7102273 | J42: 13 | K42: 0.62962963 | L42: 13 | M42: 0.25 | N42: 5 | O42: 0.98314607 | P42: 7 | Q42: 0.71910112 | R42: 22 | S42: 20 | T42: 0.07246206 | U42: 20
A43: =F43 -> 7 | B43: 2023 | C43: =INDEX(Index!$B$1:$B$500,MATCH($D43,Index!$A$1:$A$500,0) ) -> ATL | D43: ATL | E43: 2023 | F43: 7 | G43: 3.8459404 | H43: 10 | I43: 3.6241611 | J43: 9 | K43: 0.42857143 | L43: 3 | M43: 0.20134228 | N43: 12 | O43: 1.0805369 | P43: 15 | Q43: 0.29530201 | R43: 4 | S43: 13 | T43: 0.059399789 | U43: 28
A44: =F44 -> 7 | B44: 2023 | C44: =INDEX(Index!$B$1:$B$500,MATCH($D44,Index!$A$1:$A$500,0) ) -> NO | D44: NO | E44: 2023 | F44: 7 | G44: 3.8566185 | H44: 11 | I44: 3.5263158 | J44: 6 | K44: 0.41176471 | L44: 2 | M44: 0.21804511 | N44: 8 | O44: 1.0298507 | P44: 11 | Q44: 0.32835821 | R44: 6 | S44: 13 | T44: 0.063850535 | U44: 26
A45: =F45 -> 7 | B45: 2023 | C45: =INDEX(Index!$B$1:$B$500,MATCH($D45,Index!$A$1:$A$500,0) ) -> BAL | D45: BAL | E45: 2023 | F45: 7 | G45: 3.9320648 | H45: 12 | I45: 4.4100719 | J45: 24 | K45: 0.57142857 | L45: 6 | M45: 0.16546763 | N45: 18 | O45: 1.0357143 | P45: 13 | Q45: 1.0428571 | R45: 28 | S45: 29 | T45: 0.10177244 | U45: 3
... A97: =F97 -> 8 | B97: 2023 | C97: =INDEX(Index!$B$1:$B$500,MATCH($D97,Index!$A$1:$A$500,0) ) -> CAR | D97: CAR | E97: 2023 | F97: 8 | G97: 5.0806707 | H97: 32 | I97: 5.0169492 | J97: 31 | K97: 0.54545455 | L97: 4 | M97: 0.15819209 | N97: 22 | O97: 1.4198895 | P97: 31 | Q97: 1.0497238 | R97: 29 | S97: 16 | T97: 0.088117269 | U97: 9
A98: 9 | B98: 2023 | C98: =INDEX(Index!$B$1:$B$500,MATCH($D98,Index!$A$1:$A$500,0) ) -> CLE | D98: CLE | E98: 2023 | F98: 9 | G98: 2.9314682 | H98: 1 | I98: 4.0135135 | J98: 16 | K98: 0.63636364 | L98: 15 | M98: 0.30405405 | N98: 1 | O98: 1.1390728 | P98: 20 | Q98: 1.0463576 | R98: 30 | S98: 27 | T98: 0.11583199 | U98: 1
A99: 9 | B99: 2023 | C99: =INDEX(Index!$B$1:$B$500,MATCH($D99,Index!$A$1:$A$500,0) ) -> CHI | D99: CHI | E99: 2023 | F99: 9 | G99: 3.367807 | H99: 2 | I99: 3.2272727 | J99: 1 | K99: 0.63157895 | L99: 13 | M99: 0.23295455 | N99: 5 | O99: 0.97159091 | P99: 7 | Q99: 0.32386364 | R99: 5 | S99: 10 | T99: 0.035058176 | U99: 32
A100: 9 | B100: 2023 | C100: =INDEX(Index!$B$1:$B$500,MATCH($D100,Index!$A$1:$A$500,0) ) -> JAX | D100: JAC | E100: 2023 | F100: 9 | G100: 3.3958571 | H100: 3 | I100: 3.3759398 | J100: 3 | K100: 0.6 | L100: 10 | M100: 0.27067669 | N100: 2 | O100: 0.90977444 | P100: 3 | Q100: 0.60150376 | R100: 16 | S100: 16 | T100: 0.060868315 | U100: 27
A101: 9 | B101: 2023 | C101: =INDEX(Index!$B$1:$B$500,MATCH($D101,Index!$A$1:$A$500,0) ) -> NYJ | D101: NYJ | E101: 2023 | F101: 9 | G101: 3.5298364 | H101: 4 | I101: 3.8535354 | J101: 13 | K101: 0.71428571 | L101: 21 | M101: 0.22222222 | N101: 8 | O101: 1.08 | P101: 16 | Q101: 0.765 | R101: 22 | S101: 22 | T101: 0.086973301 | U101: 8
A102: 9 | B102: 2023 | C102: =INDEX(Index!$B$1:$B$500,MATCH($D102,Index!$A$1:$A$500,0) ) -> HOU | D102: HOU | E102: 2023 | F102: 9 | G102: 3.6329065 | H102: 5 | I102: 3.3048128 | J102: 2 | K102: 0.76923077 | L102: 27 | M102: 0.20855615 | N102: 9 | O102: 0.90374332 | P102: 2 | Q102: 0.28877005 | R102: 4 | S102: 17 | T102: 0.074030218 | U102: 20
A103: 9 | B103: 2023 | C103: =INDEX(Index!$B$1:$B$500,MATCH($D103,Index!$A$1:$A$500,0) ) -> DAL | D103: DAL | E103: 2023 | F103: 9 | G103: 3.6463746 | H103: 6 | I103: 3.5246914 | J103: 4 | K103: 0.75 | L103: 25 | M103: 0.22839506 | N103: 6 | O103: 1.0368098 | P103: 12 | Q103: 0.36196319 | R103: 8 | S103: 21 | T103: 0.078762301 | U103: 15
A104: 9 | B104: 2023 | C104: =INDEX(Index!$B$1:$B$500,MATCH($D104,Index!$A$1:$A$500,0) ) -> BUF | D104: BUF | E104: 2023 | F104: 9 | G104: 3.6711332 | H104: 7 | I104: 4.622093 | J104: 28 | K104: 0.57142857 | L104: 8 | M104: 0.25581395 | N104: 3 | O104: 1.2254335 | P104: 25 | Q104: 1.4393064 | R104: 31 | S104: 29 | T104: 0.087439656 | U104: 7
A105: 9 | B105: 2023 | C105: =INDEX(Index!$B$1:$B$500,MATCH($D105,Index!$A$1:$A$500,0) ) -> SEA | D105: SEA | E105: 2023 | F105: 9 | G105: 3.7232729 | H105: 8 | I105: 3.9438202 | J105: 15 | K105: 0.71428571 | L105: 21 | M105: 0.2247191 | N105: 7 | O105: 0.94972067 | P105: 6 | Q105: 0.81005587 | R105: 25 | S105: 27 | T105: 0.075167221 | U105: 18
A106: 9 | B106: 2023 | C106: =INDEX(Index!$B$1:$B$500,MATCH($D106,Index!$A$1:$A$500,0) ) -> BAL | D106: BAL | E106: 2023 | F106: 9 | G106: 3.7575045 | H106: 9 | I106: 4.1420455 | J106: 21 | K106: 0.55555556 | L106: 5 | M106: 0.19318182 | N106: 15 | O106: 1.0338983 | P106: 10 | Q106: 0.86440678 | R106: 27 | S106: 35 | T106: 0.10290662 | U106: 2
A107: 9 | B107: 2023 | C107: =INDEX(Index!$B$1:$B$500,MATCH($D107,Index!$A$1:$A$500,0) ) -> PHI | D107: PHI | E107: 2023 | F107: 9 | G107: 3.8388464 | H107: 10 | I107: 3.6515152 | J107: 8 | K107: 0.71428571 | L107: 21 | M107: 0.1969697 | N107: 14 | O107: 1.0378788 | P107: 13 | Q107: 0.37121212 | R107: 9 | S107: 30 | T107: 0.07888402 | U107: 14
A108: 9 | B108: 2023 | C108: =INDEX(Index!$B$1:$B$500,MATCH($D108,Index!$A$1:$A$500,0) ) -> ATL | D108: ATL | E108: 2023 | F108: 9 | G108: 3.9069535 | H108: 11 | I108: 3.7222222 | J108: 10 | K108: 0.5 | L108: 2 | M108: 0.20707071 | N108: 11 | O108: 1.1010101 | P108: 18 | Q108: 0.35353535 | R108: 7 | S108: 19 | T108: 0.063174012 | U108: 26
A109: 9 | B109: 2023 | C109: =INDEX(Index!$B$1:$B$500,MATCH($D109,Index!$A$1:$A$500,0) ) -> IND | D109: IND | E109: 2023 | F109: 9 | G109: 3.9421955 | H109: 12 | I109: 3.7733333 | J109: 11 | K109: 0.64705882 | L109: 17 | M109: 0.24 | N109: 4 | O109: 1.0352423 | P109: 11 | Q109: 0.64757709 | R109: 18 | S109: 25 | T109: 0.073134203 | U109: 22
... A129: 9 | B129: 2023 | C129: =INDEX(Index!$B$1:$B$500,MATCH($D129,Index!$A$1:$A$500,0) ) -> LV | D129: LV | E129: 2023 | F129: 9 | G129: 4.8804066 | H129: 32 | I129: 4.6491228 | J129: 30 | K129: 0.69230769 | L129: 20 | M129: 0.13157895 | N129: 31 | O129: 1.4497817 | P129: 32 | Q129: 0.60262009 | R129: 17 | S129: 24 | T129: 0.077191834 | U129: 16

Sheet Tend
A1: WEEK | B1: SEASON | C1: TEAM | D1: unique_id | E1: season | F1: team | G1: team_nick | H1: team_name | I1: team_logo_espn | J1: team_color | K1: pass_rate | L1: rush_rate | M1: proe | N1: personnel_11 | O1: personnel_12 | P1: personnel_13 | Q1: personnel_21 | R1: personnel_22 | S1: personnel_other | T1: form_shotgun | U1: form_single | V1: form_iform | W1: form_empty | X1: form_other | Y1: adot | Z1: to_sticks | AA1: pass_left | AB1: pass_middle | AC1: pass_right | AD1: wr_target | AE1: te_target | AF1: rb_target | AG1: run_left | AH1: run_right | AI1: run_guard | AJ1: run_tackle | AK1: run_end | AL1: go_fourth | AM1: go_two | AN1: rec_gini | AO1: rush_gini | AP1: personnel_gini | AQ1: formation_gini | AR1: play_clock_used | AS1: plays_per_minute | AT1: avg_top | AU1: no_huddle
A2: 7 | B2: 2023 | C2: =INDEX(Index!$B$1:$B$500,MATCH($F2,Index!$A$1:$A$500,0) ) -> ARI | D2: ARI_2023 | E2: 2023 | F2: ARI | G2: Cardinals | H2: Arizona Cardinals | I2: https://a.espncdn.com/i/teamlogos/nfl/500/ari.png | J2: #97233F | K2: 0.59259259 | L2: 0.40740741 | M2: -6.8336354 | N2: 0.59893048 | O2: 0.24064171 | P2: 0.14973262 | Q2: 0 | R2: 0 | S2: 0.010695187 | T2: 0.48663102 | U2: 0.36363636 | V2: 0.07486631 | W2: 0.053475936 | X2: 0.021390374 | Y2: 8.4304348 | Z2: -0.73478261 | AA2: 0.35217391 | AB2: 0.24782609 | AC2: 0.4 | AD2: 0.56053812 | AE2: 0.30941704 | AF2: 0.13004484 | AG2: 0.48 | AH2: 0.52 | AI2: 0.12 | AJ2: 0.416 | AK2: 0.464 | AL2: 0.26415094 | AM2: 0.30769231 | AN2: 0.753003 | AO2: 0.78169856 | AP2: 0.82130125 | AQ2: 0.63712758 | AR2: 40 | AT2: 1.2 | AU2: 0.071759259
A3: 7 | B3: 2023 | C3: =INDEX(Index!$B$1:$B$500,MATCH($F3,Index!$A$1:$A$500,0) ) -> ATL | D3: ATL_2023 | E3: 2023 | F3: ATL | G3: Falcons | H3: Atlanta Falcons | I3: https://a.espncdn.com/i/teamlogos/nfl/500/atl.png | J3: #A71930 | K3: 0.56493506 | L3: 0.43506494 | M3: -9.7319837 | N3: 0.17391304 | O3: 0.32850242 | P3: 0.11594203 | Q3: 0.26570048 | R3: 0.086956522 | S3: 0.028985507 | T3: 0.24637681 | U3: 0.18357488 | V3: 0.13043478 | W3: 0.024154589 | X3: 0.41545894 | Y3: 7.8333333 | Z3: -1.127193 | AA3: 0.37280702 | AB3: 0.24122807 | AC3: 0.38596491 | AD3: 0.39819005 | AE3: 0.37556561 | AF3: 0.22624434 | AG3: 0.55154639 | AH3: 0.44845361 | AI3: 0.1443299 | AJ3: 0.39175258 | AK3: 0.46391753 | AL3: 0.17307692 | AM3: 0.18181818 | AN3: 0.74453243 | AO3: 0.8730034 | AP3: 0.67190016 | AQ3: 0.52035887 | AR3: 40 | AT3: 1.2895833 | AU3: 0.15367965
A4: 7 | B4: 2023 | C4: =INDEX(Index!$B$1:$B$500,MATCH($F4,Index!$A$1:$A$500,0) ) -> BAL | D4: BAL_2023 | E4: 2023 | F4: BAL | G4: Ravens | H4: Baltimore Ravens | I4: https://a.espncdn.com/i/teamlogos/nfl/500/bal.png | J4: #241773 | K4: 0.56629213 | L4: 0.43370787 | M4: -0.97178604 | N4: 0.33846154 | O4: 0.15897436 | P4: 0 | Q4: 0.28717949 | R4: 0.082051282 | S4: 0.13333333 | T4: 0.70769231 | U4: 0.11794872 | V4: 0.061538462 | W4: 0.035897436 | X4: 0.076923077 | Y4: 8.0447761 | Z4: -1.1890547 | AA4: 0.36318408 | AB4: 0.25870647 | AC4: 0.37810945 | AD4: 0.61928934 | AE4: 0.2284264 | AF4: 0.15228426 | AG4: 0.4921466 | AH4: 0.5078534 | AI4: 0.43455497 | AJ4: 0.23560209 | AK4: 0.32984293 | AL4: 0.10204082 | AM4: 0.052631579 | AN4: 0.72779188 | AO4: 0.80774475 | AP4: 0.69444444 | AQ4: 0.68131868 | AR4: 40 | AT4: 1.3194444 | AU4: 0.069662921
A5: 7 | B5: 2023 | C5: =INDEX(Index!$B$1:$B$500,MATCH($F5,Index!$A$1:$A$500,0) ) -> BUF | D5: BUF_2023 | E5: 2023 | F5: BUF | G5: Bills | H5: Buffalo Bills | I5: https://a.espncdn.com/i/teamlogos/nfl/500/buf.png | J5: #00338D | K5: 0.63048499 | L5: 0.36951501 | M5: 2.6522343 | N5: 0.50515464 | O5: 0.33505155 | P5: 0.020618557 | Q5: 0.087628866 | R5: 0.015463918 | S5: 0.036082474 | T5: 0.60309278 | U5: 0.29896907 | V5: 0.025773196 | W5: 0.067010309 | X5: 0.0051546392 | Y5: 8.877551 | Z5: -0.0081632653 | AA5: 0.37959184 | AB5: 0.14285714 | AC5: 0.47755102 | AD5: 0.62025316 | AE5: 0.23628692 | AF5: 0.14345992 | AG5: 0.54782609 | AH5: 0.45217391 | AI5: 0.48695652 | AJ5: 0.17391304 | AK5: 0.33913043 | AL5: 0.21052632 | AM5: 0.043478261 | AN5: 0.75988701 | AO5: 0.86315789 | AP5: 0.7757732 | AQ5: 0.70544919 | AR5: 40 | AT5: 1.3076389 | AU5: 0.10623557
A6: 7 | B6: 2023 | C6: =INDEX(Index!$B$1:$B$500,MATCH($F6,Index!$A$1:$A$500,0) ) -> CAR | D6: CAR_2023 | E6: 2023 | F6: CAR | G6: Panthers | H6: Carolina Panthers | I6: https://a.espncdn.com/i/teamlogos/nfl/500-dark/car.png | J6: #0085CA | K6: 0.66419753 | L6: 0.33580247 | M6: -3.0669442 | N6: 0.81714286 | O6: 0.12571429 | P6: 0.0057142857 | Q6: 0 | R6: 0 | S6: 0.051428571 | T6: 0.62285714 | U6: 0.16571429 | V6: 0.011428571 | W6: 0.04 | X6: 0.16 | Y6: 7.0705394 | Z6: -2.1244813 | AA6: 0.35684647 | AB6: 0.17842324 | AC6: 0.46473029 | AD6: 0.67873303 | AE6: 0.14027149 | AF6: 0.18099548 | AG6: 0.5625 | AH6: 0.4375 | AI6: 0.40625 | AJ6: 0.3125 | AK6: 0.28125 | AL6: 0.24489796 | AM6: 0.083333333 | AN6: 0.73181818 | AO6: 0.86068111 | AP6: 0.87095238 | AQ6: 0.67102041 | AR6: 40 | AT6: 1.3145833 | AU6: 0.15555556
A7: 7 | B7: 2023 | C7: =INDEX(Index!$B$1:$B$500,MATCH($F7,Index!$A$1:$A$500,0) ) -> CHI | D7: CHI_2023 | E7: 2023 | F7: CHI | G7: Bears | H7: Chicago Bears | I7: https://a.espncdn.com/i/teamlogos/nfl/500/chi.png | J7: #0B162A | K7: 0.57630979 | L7: 0.42369021 | M7: -5.0700928 | N7: 0.5 | O7: 0.2712766 | P7: 0.021276596 | Q7: 0.16489362 | R7: 0.037234043 | S7: 0.0053191489 | T7: 0.58510638 | U7: 0.16489362 | V7: 0.085106383 | W7: 0.042553191 | X7: 0.12234043 | Y7: 6.7463415 | Z7: -2.2780488 | AA7: 0.40487805 | AB7: 0.16585366 | AC7: 0.42926829 | AD7: 0.54639175 | AE7: 0.21134021 | AF7: 0.24226804 | AG7: 0.53038674 | AH7: 0.46961326 | AI7: 0.31491713 | AJ7: 0.25414365 | AK7: 0.43093923 | AL7: 0.21276596 | AM7: 0.11111111 | AN7: 0.6966753 | AO7: 0.71929825 | AP7: 0.77925532 | AQ7: 0.61854103 | AR7: 40 | AT7: 1.2520833 | AU7: 0.11389522
A8: 7 | B8: 2023 | C8: =INDEX(Index!$B$1:$B$500,MATCH($F8,Index!$A$1:$A$500,0) ) -> CIN | D8: CIN_2023 | E8: 2023 | F8: CIN | G8: Bengals | H8: Cincinnati Bengals | I8: https://a.espncdn.com/i/teamlogos/nfl/500/cin.png | J8: #FB4F14 | K8: 0.70194986 | L8: 0.29805014 | M8: 7.7801086 | N8: 0.86754967 | O8: 0.12582781 | P8: 0.0066225166 | Q8: 0 | R8: 0 | S8: 0 | T8: 0.84768212 | U8: 0.01986755 | V8: 0 | W8: 0.066225166 | X8: 0.066225166 | Y8: 6.2337662 | Z8: -1.961039 | AA8: 0.44155844 | AB8: 0.12121212 | AC8: 0.43722944 | AD8: 0.75225225 | AE8: 0.10810811 | AF8: 0.13963964 | AG8: 0.54929577 | AH8: 0.45070423 | AI8: 0.46478873 | AJ8: 0.4084507 | AK8: 0.12676056 | AL8: 0.12 | AM8: 0 | AN8: 0.76088589 | AO8: 0.92375799 | AP8: 0.89348786 | AQ8: 0.7833491 | AR8: 40 | AT8: 1.2083333 | AU8: 0.061281337
A9: 7 | B9: 2023 | C9: =INDEX(Index!$B$1:$B$500,MATCH($F9,Index!$A$1:$A$500,0) ) -> CLE | D9: CLE_2023 | E9: 2023 | F9: CLE | G9: Browns | H9: Cleveland Browns | I9: https://a.espncdn.com/i/teamlogos/nfl/500/cle.png | J9: #FF3C00 | K9: 0.56206089 | L9: 0.43793911 | M9: -5.2858086 | N9: 0.64971751 | O9: 0.11299435 | P9: 0.11299435 | Q9: 0 | R9: 0 | S9: 0.12429379 | T9: 0.40677966 | U9: 0.36158192 | V9: 0.073446328 | W9: 0.084745763 | X9: 0.073446328 | Y9: 8.8990385 | Z9: -0.45192308 | AA9: 0.38461538 | AB9: 0.16826923 | AC9: 0.44711538 | AD9: 0.62561576 | AE9: 0.22167488 | AF9: 0.15270936 | AG9: 0.53072626 | AH9: 0.46927374 | AI9: 0.40782123 | AJ9: 0.37988827 | AK9: 0.2122905 | AL9: 0.125 | AM9: 0.33333333 | AN9: 0.72524752 | AO9: 0.784689 | AP9: 0.78578154 | AQ9: 0.55205811 | AR9: 40 | AT9: 1.3895833 | AU9: 0.098360656
A10: 7 | B10: 2023 | C10: =INDEX(Index!$B$1:$B$500,MATCH($F10,Index!$A$1:$A$500,0) ) -> DAL | D10: DAL_2023 | E10: 2023 | F10: DAL | G10: Cowboys | H10: Dallas Cowboys | I10: https://a.espncdn.com/i/teamlogos/nfl/500/dal.png | J10: #002244 | K10: 0.5691906 | L10: 0.4308094 | M10: -2.62845 | N10: 0.4939759 | O10: 0.21686747 | P10: 0.10843373 | Q10: 0.060240964 | R10: 0.018072289 | S10: 0.10240964 | T10: 0.46385542 | U10: 0.36746988 | V10: 0.10843373 | W10: 0.042168675 | X10: 0.018072289 | Y10: 6.9230769 | Z10: -1.5948718 | AA10: 0.33846154 | AB10: 0.15384615 | AC10: 0.50769231 | AD10: 0.58638743 | AE10: 0.19895288 | AF10: 0.21465969 | AG10: 0.44444444 | AH10: 0.55555556 | AI10: 0.30555556 | AJ10: 0.2962963 | AK10: 0.39814815 | AL10: 0.15 | AM10: 0.13333333 | AN10: 0.72796684 | AO10: 0.8446571 | AP10: 0.70783133 | AQ10: 0.63339071 | AR10: 40 | AT10: 1.3180556 | AU10: 0.046997389
A11: 7 | B11: 2023 | C11: =INDEX(Index!$B$1:$B$500,MATCH($F11,Index!$A$1:$A$500,0) ) -> DEN | D11: DEN_2023 | E11: 2023 | F11: DEN | G11: Broncos | H11: Denver Broncos | I11: https://a.espncdn.com/i/teamlogos/nfl/500/den.png | J11: #002244 | K11: 0.64082687 | L11: 0.35917313 | M11: -2.4252417 | N11: 0.47398844 | O11: 0.31213873 | P11: 0.023121387 | Q11: 0.10982659 | R11: 0.040462428 | S11: 0.040462428 | T11: 0.41618497 | U11: 0.38728324 | V11: 0.11560694 | W11: 0.075144509 | X11: 0.0057803468 | Y11: 7.3412322 | Z11: -1.4691943 | AA11: 0.38388626 | AB11: 0.17535545 | AC11: 0.44075829 | AD11: 0.56410256 | AE11: 0.15384615 | AF11: 0.28205128 | AG11: 0.37313433 | AH11: 0.62686567 | AI11: 0.37313433 | AJ11: 0.2761194 | AK11: 0.35074627 | AL11: 0.11627907 | AM11: 0.1875 | AN11: 0.69243986 | AO11: 0.83831882 | AP11: 0.75674374 | AQ11: 0.60941371 | AR11: 40 | AT11: 1.1222222 | AU11: 0.072351421
A12: 7 | B12: 2023 | C12: =INDEX(Index!$B$1:$B$500,MATCH($F12,Index!$A$1:$A$500,0) ) -> DET | D12: DET_2023 | E12: 2023 | F12: DET | G12: Lions | H12: Detroit Lions | I12: https://a.espncdn.com/i/teamlogos/nfl/500/det.png | J12: #0076B6 | K12: 0.59436009 | L12: 0.40563991 | M12: -1.3441715 | N12: 0.47715736 | O12: 0.33502538 | P12: 0.060913706 | Q12: 0.096446701 | R12: 0.020304569 | S12: 0.010152284 | T12: 0.35025381 | U12: 0.49238579 | V12: 0.096446701 | W12: 0.035532995 | X12: 0.025380711 | Y12: 6.8784314 | Z12: -1.7607843 | AA12: 0.41568627 | AB12: 0.23921569 | AC12: 0.34509804 | AD12: 0.58677686 | AE12: 0.22727273 | AF12: 0.18595041 | AG12: 0.46478873 | AH12: 0.53521127 | AI12: 0.19014085 | AJ12: 0.45070423 | AK12: 0.35915493 | AL12: 0.32 | AM12: 0.045454545 | AN12: 0.75570539 | AO12: 0.83929074 | AP12: 0.77538071 | AQ12: 0.63814358 | AR12: 40 | AT12: 1.3666667 | AU12: 0.041214751
A13: 7 | B13: 2023 | C13: =INDEX(Index!$B$1:$B$500,MATCH($F13,Index!$A$1:$A$500,0) ) -> GB | D13: GB_2023 | E13: 2023 | F13: GB | G13: Packers | H13: Green Bay Packers | I13: https://a.espncdn.com/i/teamlogos/nfl/500/gb.png | J13: #203731 | K13: 0.62536023 | L13: 0.37463977 | M13: -2.0630461 | N13: 0.5625 | O13: 0.34027778 | P13: 0.041666667 | Q13: 0.027777778 | R13: 0 | S13: 0.027777778 | T13: 0.41666667 | U13: 0.38194444 | V13: 0.055555556 | W13: 0.027777778 | X13: 0.11805556 | Y13: 9.3865979 | Z13: 0.63402062 | AA13: 0.42783505 | AB13: 0.20103093 | AC13: 0.37113402 | AD13: 0.63020833 | AE13: 0.203125 | AF13: 0.16666667 | AG13: 0.56140351 | AH13: 0.43859649 | AI13: 0.35964912 | AJ13: 0.31578947 | AK13: 0.3245614 | AL13: 0.23255814 | AM13: 0.2 | AN13: 0.67938596 | AO13: 0.84696356 | AP13: 0.8125 | AQ13: 0.60119048 | AR13: 40 | AT13: 1.1479167 | AU13: 0.080691643
... A33: 7 | B33: 2023 | C33: =INDEX(Index!$B$1:$B$500,MATCH($F33,Index!$A$1:$A$500,0) ) -> WAS | D33: WAS_2023 | E33: 2023 | F33: WAS | G33: Commanders | H33: Washington Commanders | I33: https://a.espncdn.com/i/teamlogos/nfl/500/wsh.png | J33: #5A1414 | K33: 0.71136364 | L33: 0.28863636 | M33: 7.3804715 | N33: 0.68717949 | O33: 0.23076923 | P33: 0.071794872 | Q33: 0.0051282051 | R33: 0.0051282051 | S33: 0 | T33: 0.84102564 | U33: 0.12307692 | V33: 0.0051282051 | W33: 0.015384615 | X33: 0.015384615 | Y33: 7.9257812 | Z33: -1.1367188 | AA33: 0.3125 | AB33: 0.234375 | AC33: 0.453125 | AD33: 0.62711864 | AE33: 0.23305085 | AF33: 0.13983051 | AG33: 0.53333333 | AH33: 0.46666667 | AI33: 0.38333333 | AJ33: 0.325 | AK33: 0.29166667 | AL33: 0.16363636 | AM33: 0.1875 | AN33: 0.72175141 | AO33: 0.88023208 | AP33: 0.8482906 | AQ33: 0.79120879 | AR33: 40 | AT33: 1.2493056 | AU33: 0.059090909

Sheet PR
A1: WEEK | B1: SEASON | C1: TEAM | D1: Tm | E1: G | F1: Att | G1: Cmp | H1: Yds | I1: TD | J1: DADOT | K1: Air | L1: YAC | M1: Bltz | N1: Bltz% | O1: Hrry | P1: Hrry% | Q1: QBKD | R1: QBKD% | S1: Sk | T1: Prss | U1: Prss%▼ | V1: MTkl
A2: 4 | B2: 2023 | C2: =INDEX(Index!$G$1:$G$500,MATCH($D2,Index!$F$1:$F$500,0) ) -> BUF | D2: Buffalo Bills | E2: 4 | F2: 110 | G2: 74 | H2: 678 | I2: 3 | J2: 6.8 | K2: 459 | L2: 302 | M2: 23 | N2: 0.176 | O2: 9 | P2: 0.069 | Q2: 17 | R2: 0.155 | S2: 16 | T2: 42 | U2: 0.321 | V2: 28
A3: 4 | B3: 2023 | C3: =INDEX(Index!$G$1:$G$500,MATCH($D3,Index!$F$1:$F$500,0) ) -> CLE | D3: Cleveland Browns | E3: 4 | F3: 106 | G3: 57 | H3: 500 | I3: 3 | J3: 7.6 | K3: 264 | L3: 330 | M3: 36 | N3: 0.295 | O3: 5 | P3: 0.041 | Q3: 20 | R3: 0.189 | S3: 12 | T3: 37 | U3: 0.303 | V3: 21
A4: 4 | B4: 2023 | C4: =INDEX(Index!$G$1:$G$500,MATCH($D4,Index!$F$1:$F$500,0) ) -> KC | D4: Kansas City Chiefs | E4: 4 | F4: 138 | G4: 84 | H4: 762 | I4: 4 | J4: 8.2 | K4: 490 | L4: 322 | M4: 55 | N4: 0.35 | O4: 23 | P4: 0.146 | Q4: 14 | R4: 0.101 | S4: 10 | T4: 47 | U4: 0.299 | V4: 21
A5: 4 | B5: 2023 | C5: =INDEX(Index!$G$1:$G$500,MATCH($D5,Index!$F$1:$F$500,0) ) -> ATL | D5: Atlanta Falcons | E5: 4 | F5: 126 | G5: 79 | H5: 705 | I5: 6 | J5: 7.8 | K5: 430 | L5: 317 | M5: 36 | N5: 0.259 | O5: 17 | P5: 0.122 | Q5: 19 | R5: 0.151 | S5: 5 | T5: 41 | U5: 0.295 | V5: 26
A6: 4 | B6: 2023 | C6: =INDEX(Index!$G$1:$G$500,MATCH($D6,Index!$F$1:$F$500,0) ) -> PHI | D6: Philadelphia Eagles | E6: 4 | F6: 164 | G6: 110 | H6: 1043 | I6: 9 | J6: 8.4 | K6: 585 | L6: 531 | M6: 42 | N6: 0.228 | O6: 25 | P6: 0.136 | Q6: 18 | R6: 0.11 | S6: 11 | T6: 54 | U6: 0.293 | V6: 23
A7: 4 | B7: 2023 | C7: =INDEX(Index!$G$1:$G$500,MATCH($D7,Index!$F$1:$F$500,0) ) -> PIT | D7: Pittsburgh Steelers | E7: 4 | F7: 144 | G7: 86 | H7: 1018 | I7: 8 | J7: 9.4 | K7: 678 | L7: 413 | M7: 46 | N7: 0.279 | O7: 17 | P7: 0.103 | Q7: 18 | R7: 0.125 | S7: 13 | T7: 48 | U7: 0.291 | V7: 29
A8: 4 | B8: 2023 | C8: =INDEX(Index!$G$1:$G$500,MATCH($D8,Index!$F$1:$F$500,0) ) -> DET | D8: Detroit Lions | E8: 4 | F8: 154 | G8: 97 | H8: 879 | I8: 5 | J8: 8.4 | K8: 641 | L8: 346 | M8: 31 | N8: 0.175 | O8: 22 | P8: 0.124 | Q8: 14 | R8: 0.091 | S8: 13 | T8: 49 | U8: 0.277 | V8: 32
A9: 4 | B9: 2023 | C9: =INDEX(Index!$G$1:$G$500,MATCH($D9,Index!$F$1:$F$500,0) ) -> WAS | D9: Washington Commanders | E9: 5 | F9: 160 | G9: 99 | H9: 1193 | I9: 10 | J9: 9.5 | K9: 744 | L9: 515 | M9: 50 | N9: 0.269 | O9: 19 | P9: 0.102 | Q9: 16 | R9: 0.1 | S9: 16 | T9: 51 | U9: 0.274 | V9: 30
A10: 4 | B10: 2023 | C10: =INDEX(Index!$G$1:$G$500,MATCH($D10,Index!$F$1:$F$500,0) ) -> GB | D10: Green Bay Packers | E10: 4 | F10: 131 | G10: 85 | H10: 789 | I10: 4 | J10: 6.2 | K10: 453 | L10: 414 | M10: 53 | N10: 0.342 | O10: 20 | P10: 0.129 | Q10: 11 | R10: 0.084 | S10: 11 | T10: 42 | U10: 0.271 | V10: 26
A11: 4 | B11: 2023 | C11: =INDEX(Index!$G$1:$G$500,MATCH($D11,Index!$F$1:$F$500,0) ) -> NYJ | D11: New York Jets | E11: 4 | F11: 138 | G11: 93 | H11: 863 | I11: 5 | J11: 7.2 | K11: 374 | L11: 521 | M11: 32 | N11: 0.206 | O11: 16 | P11: 0.103 | Q11: 18 | R11: 0.13 | S11: 7 | T11: 41 | U11: 0.265 | V11: 31
A12: 4 | B12: 2023 | C12: =INDEX(Index!$G$1:$G$500,MATCH($D12,Index!$F$1:$F$500,0) ) -> JAX | D12: Jacksonville Jaguars | E12: 4 | F12: 141 | G12: 92 | H12: 953 | I12: 6 | J12: 7.2 | K12: 444 | L12: 548 | M12: 46 | N12: 0.289 | O12: 22 | P12: 0.138 | Q12: 11 | R12: 0.078 | S12: 9 | T12: 42 | U12: 0.264 | V12: 37
A13: 4 | B13: 2023 | C13: =INDEX(Index!$G$1:$G$500,MATCH($D13,Index!$F$1:$F$500,0) ) -> NE | D13: New England Patriots | E13: 4 | F13: 135 | G13: 91 | H13: 784 | I13: 3 | J13: 7.7 | K13: 482 | L13: 375 | M13: 67 | N13: 0.45 | O13: 18 | P13: 0.121 | Q13: 11 | R13: 0.081 | S13: 10 | T13: 39 | U13: 0.262 | V13: 22
... A65: 5 | B65: 2023 | C65: =INDEX(Index!$G$1:$G$500,MATCH($D65,Index!$F$1:$F$500,0) ) -> DEN | D65: Denver Broncos | E65: 5 | F65: 154 | G65: 119 | H65: 1315 | I65: 13 | J65: 6.9 | K65: 730 | L65: 679 | M65: 45 | N65: 0.256 | O65: 4 | P65: 0.023 | Q65: 10 | R65: 0.065 | S65: 12 | T65: 26 | U65: 0.148 | V65: 34

Sheet NFL Elo
A1: TEAM | B1: elo_rank | C1: wow_rank_change | D1: team_nick | E1: team_logo_espn | F1: team | G1: team_color | H1: nfelo | I1: _538_qb_adj | J1: spread_val | K1: wow_spread_val | L1: soy_spread_val | M1: soy_rank_change | N1: wins | O1: points_for_ytd | P1: points_against_ytd | Q1: point_dif_ytd | R1: film_dif_ytd | S1: epa_per_play_ytd | T1: epa_per_pass_ytd | U1: epa_per_rush_ytd | V1: epa_per_play_against_ytd | W1: epa_per_pass_against_ytd | X1: epa_per_rush_against_ytd | Y1: net_epa_per_play_ytd | Z1: wepa_margin_ytd | AA1: wepa_for_ytd | AB1: wepa_against_ytd | AC1: expected_wins_538_ytd | AD1: expected_wins_pff_ytd | AE1: qb_value_538_ytd | AF1: pythag_wins | AG1: nfelo_rank | AH1: point_dif_ytd_rank | AI1: net_epa_per_play_ytd_rank | AJ1: epa_per_play_ytd_rank | AK1: epa_per_pass_ytd_rank | AL1: epa_per_rush_ytd_rank | AM1: epa_per_play_against_ytd_rank | AN1: epa_per_pass_against_ytd_rank | AO1: epa_per_rush_against_ytd_rank | AP1: season | AQ1: week
A2: =INDEX(Index!$E$1:$E$32,MATCH($F2,Index!$D$1:$D$32,0)) -> SF | B2: 1 | C2: 0 | D2: 49ers | E2: https://a.espncdn.com/i/teamlogos/nfl/500/sf.png | F2: SF | G2: #AA0000 | H2: 1661 | I2: 0 | J2: 6.8 | K2: 0.7 | L2: 2 | M2: 2 | N2: 3 | O2: 90 | P2: 42 | Q2: 48 | R2: 50.6715 | S2: 0.14979392 | T2: 0.2709494 | U2: 0.025948156 | V2: -0.20617094 | W2: -0.25191027 | X2: -0.015787729 | Y2: 0.35596485 | Z2: 51.401156 | AA2: 12.177669 | AB2: -7.3635461 | AD2: 3 | AE2: 213.22194 | AF2: 2.5767321 | AG2: 1 | AH2: 3.5 | AI2: 3 | AJ2: 2 | AK2: 2 | AL2: 3 | AM2: 5 | AN2: 5 | AO2: 24 | AP2: 2023 | AQ2: 3
A3: =INDEX(Index!$E$1:$E$32,MATCH($F3,Index!$D$1:$D$32,0)) -> KC | B3: 2 | C3: 1 | D3: Chiefs | E3: https://a.espncdn.com/i/teamlogos/nfl/500/kc.png | F3: KC | G3: #E31837 | H3: 1645 | I3: 6 | J3: 6.2 | K3: 1.2 | L3: 0.4 | M3: -1 | N3: 2 | O3: 78 | P3: 40 | Q3: 38 | R3: 4.1931 | S3: 0.032390945 | T3: 0.1573033 | U3: -0.19888838 | V3: -0.2110538 | W3: -0.26749634 | X3: -0.16434195 | Y3: 0.24344475 | Z3: 45.061422 | AA3: 6.3278807 | AB3: -10.821823 | AD3: 2 | AE3: 280.22509 | AF3: 2.4887833 | AG3: 3 | AH3: 6 | AI3: 6 | AJ3: 9 | AK3: 6 | AL3: 23 | AM3: 4 | AN3: 4 | AO3: 14 | AP3: 2023 | AQ3: 3
A4: =INDEX(Index!$E$1:$E$32,MATCH($F4,Index!$D$1:$D$32,0)) -> BUF | B4: 2 | C4: 0 | D4: Bills | E4: https://a.espncdn.com/i/teamlogos/nfl/500/buf.png | F4: BUF | G4: #00338D | H4: 1645 | I4: 1 | J4: 6.2 | K4: 1.1 | L4: 1.1 | M4: 0 | N4: 2 | O4: 91 | P4: 35 | Q4: 56 | R4: 20.991 | S4: 0.13660012 | T4: 0.24288153 | U4: -0.040943688 | V4: -0.30185111 | W4: -0.35053976 | X4: -0.16565519 | Y4: 0.43845122 | Z4: 48.203487 | AA4: 10.316877 | AB4: -8.0180948 | AD4: 2 | AE4: 214.22345 | AF4: 2.7176978 | AG4: 2 | AH4: 2 | AI4: 1 | AJ4: 4 | AK4: 4 | AL4: 7 | AM4: 2 | AN4: 2 | AO4: 13 | AP4: 2023 | AQ4: 3
A5: =INDEX(Index!$E$1:$E$32,MATCH($F5,Index!$D$1:$D$32,0)) -> MIA | B5: 4 | C5: 1 | D5: Dolphins | E5: https://a.espncdn.com/i/teamlogos/nfl/500/mia.png | F5: MIA | G5: #008E97 | H5: 1621 | I5: 14 | J5: 5.2 | K5: 0.9 | L5: 2.2 | M5: 5 | N5: 3 | O5: 130 | P5: 71 | Q5: 59 | R5: 62.7963 | S5: 0.35681285 | T5: 0.68841296 | U5: -0.089351559 | V5: -0.063618937 | W5: -0.10590129 | X5: -0.018097123 | Y5: 0.42043178 | Z5: 61.514738 | AA5: 22.930829 | AB5: -0.42548868 | AD5: 3 | AE5: 337.24321 | AF5: 2.4223407 | AG5: 5 | AH5: 1 | AI5: 2 | AJ5: 1 | AK5: 1 | AL5: 15 | AM5: 15 | AN5: 8 | AO5: 23 | AP5: 2023 | AQ5: 3
A6: =INDEX(Index!$E$1:$E$32,MATCH($F6,Index!$D$1:$D$32,0)) -> DAL | B6: 5 | C6: -3 | D6: Cowboys | E6: https://a.espncdn.com/i/teamlogos/nfl/500/dal.png | F6: DAL | G6: #002244 | H6: 1613 | I6: 7 | J6: 4.9 | K6: -0.3 | L6: 1 | M6: 1 | N6: 2 | O6: 86 | P6: 38 | Q6: 48 | R6: 21.8751 | S6: 0.045383411 | T6: 0.11037486 | U6: 0.00552597 | V6: -0.28925894 | W6: -0.31407484 | X6: -0.2607119 | Y6: 0.33464235 | Z6: 33.775332 | AA6: 6.5542942 | AB6: -6.3380064 | AD6: 2 | AE6: 183.41104 | AF6: 2.6216448 | AG6: 6 | AH6: 3.5 | AI6: 4 | AJ6: 7 | AK6: 10 | AL6: 6 | AM6: 3 | AN6: 3 | AO6: 5 | AP6: 2023 | AQ6: 3
A7: =INDEX(Index!$E$1:$E$32,MATCH($F7,Index!$D$1:$D$32,0)) -> PHI | B7: 6 | C7: 0 | D7: Eagles | E7: https://a.espncdn.com/i/teamlogos/nfl/500/phi.png | F7: PHI | G7: #004C54 | H7: 1609 | I7: 2 | J7: 4.8 | K7: 0.6 | L7: 0.5 | M7: -1 | N7: 3 | O7: 84 | P7: 59 | Q7: 25 | R7: 26.0995 | S7: 0.029144689 | T7: 0.0066852799 | U7: 0.029203835 | V7: -0.10728852 | W7: -0.014430779 | X7: -0.44906592 | Y7: 0.13643321 | Z7: 21.273021 | AA7: 4.7101184 | AB7: -3.4659891 | AD7: 2 | AE7: 172.11857 | AF7: 2.0936711 | AG7: 4 | AH7: 7 | AI7: 7 | AJ7: 10 | AK7: 16 | AL7: 2 | AM7: 10 | AN7: 19 | AO7: 1 | AP7: 2023 | AQ7: 3
A8: =INDEX(Index!$E$1:$E$32,MATCH($F8,Index!$D$1:$D$32,0)) -> CLE | B8: 7 | C8: 1 | D8: Browns | E8: https://a.espncdn.com/i/teamlogos/nfl/500/cle.png | F8: CLE | G8: #FF3C00 | H8: 1582 | I8: 7 | J8: 3.7 | K8: 0.4 | L8: 1.1 | M8: 4 | N8: 2 | O8: 73 | P8: 32 | Q8: 41 | R8: 16.5705 | S8: -0.10858317 | T8: -0.13099399 | U8: -0.0841192 | V8: -0.42979259 | W8: -0.49089665 | X8: -0.32436308 | Y8: 0.32120942 | Z8: 34.12889 | AA8: -8.5445236 | AB8: -21.570196 | AD8: 3 | AE8: 135.49467 | AF8: 2.6278404 | AG8: 7 | AH8: 5 | AI8: 5 | AJ8: 22 | AK8: 23 | AL8: 13 | AM8: 1 | AN8: 1 | AO8: 3 | AP8: 2023 | AQ8: 3
A9: =INDEX(Index!$E$1:$E$32,MATCH($F9,Index!$D$1:$D$32,0)) -> BAL | B9: 8 | C9: -1 | D9: Ravens | E9: https://a.espncdn.com/i/teamlogos/nfl/500/bal.png | F9: BAL | G9: #241773 | H9: 1569 | I9: 10 | J9: 3.2 | K9: -0.7 | L9: -0.5 | M9: -1 | N9: 2 | O9: 71 | P9: 55 | Q9: 16 | R9: 22.6329 | S9: 0.0060388532 | T9: -0.00020185501 | U9: 0.0084967385 | V9: -0.12274933 | W9: -0.12155766 | X9: -0.13122732 | Y9: 0.12878818 | Z9: 19.755646 | AA9: -2.8346535 | AB9: -10.438368 | AD9: 3 | AE9: 243.92041 | AF9: 1.9405158 | AG9: 8 | AH9: 9 | AI9: 8 | AJ9: 11 | AK9: 18 | AL9: 5 | AM9: 8 | AN9: 7 | AO9: 17 | AP9: 2023 | AQ9: 3
A10: =INDEX(Index!$E$1:$E$32,MATCH($F10,Index!$D$1:$D$32,0)) -> DET | B10: 9 | C10: 2 | D10: Lions | E10: https://a.espncdn.com/i/teamlogos/nfl/500/det.png | F10: DET | G10: #0076B6 | H10: 1553 | I10: 6 | J10: 2.5 | K10: 0.9 | L10: 0.6 | M10: 3 | N10: 2 | O10: 72 | P10: 63 | Q10: 9 | R10: 19.0965 | S10: -0.039156704 | T10: 0.11595501 | U10: -0.22724025 | V10: -0.079572526 | W10: -0.032493859 | X10: -0.18875751 | Y10: 0.040415822 | Z10: 4.3392678 | AA10: -1.6979432 | AB10: -3.4862033 | AD10: 3 | AE10: 225.97896 | AF10: 1.7353907 | AG10: 10 | AH10: 10 | AI10: 13 | AJ10: 15 | AK10: 8 | AL10: 25 | AM10: 12 | AN10: 15 | AO10: 10 | AP10: 2023 | AQ10: 3
A11: =INDEX(Index!$E$1:$E$32,MATCH($F11,Index!$D$1:$D$32,0)) -> CIN | B11: 10 | C11: -1 | D11: Bengals | E11: https://a.espncdn.com/i/teamlogos/nfl/500/cin.png | F11: CIN | G11: #FB4F14 | H11: 1547 | I11: -6 | J11: 2.3 | K11: -0.4 | L11: -2.3 | M11: -6 | N11: 1 | O11: 46 | P11: 67 | Q11: -21 | R11: -21.4012 | S11: -0.16931075 | T11: -0.22609796 | U11: -0.060459215 | V11: -0.017483553 | W11: -0.02848207 | X11: -0.0078523952 | Y11: -0.15182719 | Z11: -33.330018 | AA11: -13.434088 | AB11: -1.0125247 | AD11: 1 | AE11: 59.655587 | AF11: 0.87256114 | AG11: 9 | AH11: 25 | AI11: 23 | AJ11: 26 | AK11: 28 | AL11: 11 | AM11: 20 | AN11: 16 | AO11: 25 | AP11: 2023 | AQ11: 3
A12: =INDEX(Index!$E$1:$E$32,MATCH($F12,Index!$D$1:$D$32,0)) -> LAC | B12: 11 | C12: -1 | D12: Chargers | E12: https://a.espncdn.com/i/teamlogos/nfl/500/lac.png | F12: LAC | G12: #007BC7 | H12: 1539 | I12: 1 | J12: 2 | K12: 0.2 | L12: -0.6 | M12: -1 | N12: 1 | O12: 86 | P12: 87 | Q12: -1 | R12: -15.5097 | S12: 0.14565295 | T12: 0.22483077 | U12: -0.18026821 | V12: 0.089442784 | W12: 0.20892508 | X12: -0.17945851 | Y12: 0.056210162 | Z12: 24.967942 | AA12: 11.757758 | AB12: 2.1878314 | AD12: 0 | AE12: 307.20304 | AF12: 1.4794519 | AG12: 11 | AH12: 17 | AI12: 11 | AJ12: 3 | AK12: 5 | AL12: 22 | AM12: 28 | AN12: 27 | AO12: 11 | AP12: 2023 | AQ12: 3
A13: =INDEX(Index!$E$1:$E$32,MATCH($F13,Index!$D$1:$D$32,0)) -> SEA | B13: 12 | C13: 7 | D13: Seahawks | E13: https://a.espncdn.com/i/teamlogos/nfl/500/sea.png | F13: SEA | G13: #002244 | H13: 1513 | I13: 2 | J13: 0.9 | K13: 0.9 | L13: 0.8 | M13: 8 | N13: 2 | O13: 87 | P13: 88 | Q13: -1 | R13: 0.6567 | S13: 0.10444154 | T13: 0.11108382 | U13: 0.083567284 | V13: 0.092488778 | W13: 0.26857675 | X13: -0.16825431 | Y13: 0.011952759 | Z13: 10.019782 | AA13: 7.7998892 | AB13: 3.8687932 | AD13: 2 | AE13: 190.61702 | AF13: 1.4796867 | AG13: 14 | AH13: 17 | AI13: 16 | AJ13: 5 | AK13: 9 | AL13: 1 | AM13: 29 | AN13: 30 | AO13: 12 | AP13: 2023 | AQ13: 3
... A97: =INDEX(Index!$E$1:$E$32,MATCH($F97,Index!$D$1:$D$32,0)) -> CAR | B97: 32 | C97: 0 | D97: Panthers | E97: https://a.espncdn.com/i/teamlogos/nfl/500-dark/car.png | F97: CAR | G97: #0085CA | H97: 1360 | I97: -10 | J97: -4.7 | K97: -0.3 | L97: -3.4 | M97: -5 | N97: 0 | O97: 91 | P97: 144 | Q97: -53 | R97: -53.0461 | S97: -0.14131518 | T97: -0.14060053 | U97: -0.17196975 | V97: 0.022926267 | W97: -0.080985262 | X97: 0.12001864 | Y97: -0.16424145 | Z97: -54.931334 | AA97: -10.466296 | AB97: 1.815234 | AD97: 1 | AE97: 111.40963 | AF97: 1.2602388 | AG97: 31 | AH97: 29 | AI97: 26 | AJ97: 26 | AK97: 26 | AL97: 23 | AM97: 26 | AN97: 9 | AO97: 32 | AP97: 2023 | AQ97: 5
A98: =INDEX(Index!$E$1:$E$32,MATCH($F98,Index!$D$1:$D$32,0)) -> SF | B98: 1 | C98: 0 | D98: 49ers | E98: https://a.espncdn.com/i/teamlogos/nfl/500/sf.png | F98: SF | G98: #AA0000 | H98: 1707 | I98: 17 | J98: 9 | K98: -0.5 | L98: 3.9 | M98: 2 | N98: 5 | O98: 184 | P98: 87 | Q98: 97 | R98: 85.1766 | S98: 0.15175997 | T98: 0.36168181 | U98: 0.004867546 | V98: -0.19389988 | W98: -0.2418113 | X98: -0.083345476 | Y98: 0.34565986 | Z98: 69.981852 | AA98: 7.2702354 | AB98: -6.0806185 | AC98: 4.3382749 | AD98: 5 | AE98: 215.98361 | AF98: 5.1306156 | AG98: 1 | AH98: 1 | AI98: 1 | AJ98: 3 | AK98: 1 | AL98: 6 | AM98: 4 | AN98: 2 | AO98: 20 | AP98: 2023 | AQ98: 6
A99: =INDEX(Index!$E$1:$E$32,MATCH($F99,Index!$D$1:$D$32,0)) -> MIA | B99: 2 | C99: 1 | D99: Dolphins | E99: https://a.espncdn.com/i/teamlogos/nfl/500/mia.png | F99: MIA | G99: #008E97 | H99: 1649 | I99: 21 | J99: 6.7 | K99: 0.4 | L99: 3.3 | M99: 7 | N99: 5 | O99: 223 | P99: 156 | Q99: 67 | R99: 79.3668 | S99: 0.21644831 | T99: 0.35514894 | U99: 0.051572884 | V99: -0.015352531 | W99: 0.021358596 | X99: -0.056297789 | Y99: 0.23180084 | Z99: 87.732342 | AA99: 15.750432 | AB99: -0.94839222 | AC99: 3.6175025 | AD99: 5 | AE99: 282.74668 | AF99: 4.199421 | AG99: 4 | AH99: 3 | AI99: 3 | AJ99: 1 | AK99: 2 | AL99: 2 | AM99: 23 | AN99: 18 | AO99: 23 | AP99: 2023 | AQ99: 6
A100: =INDEX(Index!$E$1:$E$32,MATCH($F100,Index!$D$1:$D$32,0)) -> KC | B100: 3 | C100: 1 | D100: Chiefs | E100: https://a.espncdn.com/i/teamlogos/nfl/500/kc.png | F100: KC | G100: #E31837 | H100: 1647 | I100: 3 | J100: 6.6 | K100: 0.4 | L100: 0.5 | M100: -2 | N100: 5 | O100: 147 | P100: 88 | Q100: 59 | R100: 11.9226 | S100: 0.045577762 | T100: 0.20617032 | U100: -0.23942625 | V100: -0.15551228 | W100: -0.23701351 | X100: -0.058724078 | Y100: 0.20109004 | Z100: 79.038182 | AA100: 9.1249778 | AB100: -5.9340165 | AC100: 4.5812008 | AD100: 4 | AE100: 246.56616 | AF100: 4.6281923 | AG100: 2 | AH100: 4 | AI100: 4 | AJ100: 8 | AK100: 4 | AL100: 30 | AM100: 7 | AN100: 3 | AO100: 22 | AP100: 2023 | AQ100: 6
A101: =INDEX(Index!$E$1:$E$32,MATCH($F101,Index!$D$1:$D$32,0)) -> BUF | B101: 4 | C101: -2 | D101: Bills | E101: https://a.espncdn.com/i/teamlogos/nfl/500/buf.png | F101: BUF | G101: #00338D | H101: 1643 | I101: 16 | J101: 6.4 | K101: -0.4 | L101: 1.1 | M101: -2 | N101: 4 | O101: 173 | P101: 89 | Q101: 84 | R101: 46.0236 | S101: 0.16391509 | T101: 0.2848912 | U101: -0.045163955 | V101: -0.16203629 | W101: -0.16663445 | X101: -0.1066335 | Y101: 0.32595138 | Z101: 85.470802 | AA101: 10.350208 | AB101: -5.9220608 | AC101: 4.1688405 | AD101: 5 | AE101: 266.63119 | AF101: 4.9711699 | AG101: 3 | AH101: 2 | AI101: 2 | AJ101: 2 | AK101: 3 | AL101: 8 | AM101: 6 | AN101: 6 | AO101: 18 | AP101: 2023 | AQ101: 6
A102: =INDEX(Index!$E$1:$E$32,MATCH($F102,Index!$D$1:$D$32,0)) -> DAL | B102: 5 | C102: 0 | D102: Cowboys | E102: https://a.espncdn.com/i/teamlogos/nfl/500/dal.png | F102: DAL | G102: #002244 | H102: 1615 | I102: -6 | J102: 5.3 | K102: -0.2 | L102: 1.1 | M102: 1 | N102: 4 | O102: 154 | P102: 100 | Q102: 54 | R102: 23.3342 | S102: -0.040501428 | T102: 0.05046299 | U102: -0.15152145 | V102: -0.21414228 | W102: -0.12941207 | X102: -0.28781091 | Y102: 0.17364085 | Z102: 43.658827 | AA102: 1.6003193 | AB102: -6.7856735 | AC102: 3.3424343 | AD102: 4 | AE102: 158.36608 | AF102: 4.4137178 | AG102: 5 | AH102: 6 | AI102: 6 | AJ102: 12 | AK102: 11 | AL102: 19 | AM102: 2 | AN102: 7 | AO102: 1 | AP102: 2023 | AQ102: 6
A103: =INDEX(Index!$E$1:$E$32,MATCH($F103,Index!$D$1:$D$32,0)) -> PHI | B103: 6 | C103: 0 | D103: Eagles | E103: https://a.espncdn.com/i/teamlogos/nfl/500/phi.png | F103: PHI | G103: #004C54 | H103: 1596 | I103: 9 | J103: 4.5 | K103: -0.6 | L103: 0 | M103: -1 | N103: 5 | O103: 155 | P103: 124 | Q103: 31 | R103: 34.0251 | S103: 0.048610251 | T103: 0.060410961 | U103: 0.027289227 | V103: -0.050824752 | W103: -0.017271625 | X103: -0.18639844 | Y103: 0.099435004 | Z103: 66.17246 | AA103: 9.8524965 | AB103: -2.7798571 | AC103: 4.2041807 | AD103: 4 | AE103: 217.17812 | AF103: 3.7752894 | AG103: 6 | AH103: 8 | AI103: 8 | AJ103: 7 | AK103: 9 | AL103: 4 | AM103: 16 | AN103: 14 | AO103: 8 | AP103: 2023 | AQ103: 6
A104: =INDEX(Index!$E$1:$E$32,MATCH($F104,Index!$D$1:$D$32,0)) -> DET | B104: 7 | C104: 0 | D104: Lions | E104: https://a.espncdn.com/i/teamlogos/nfl/500/det.png | F104: DET | G104: #0076B6 | H104: 1591 | I104: 8 | J104: 4.3 | K104: 0.4 | L104: 2.1 | M104: 5 | N104: 5 | O104: 168 | P104: 113 | Q104: 55 | R104: 61.5585 | S104: 0.052894708 | T104: 0.17438473 | U104: -0.13743093 | V104: -0.13046535 | W104: -0.10351275 | X104: -0.18020429 | Y104: 0.18336005 | Z104: 36.369021 | AA104: 2.2534766 | AB104: -4.7575652 | AC104: 3.3627838 | AD104: 6 | AE104: 231.05828 | AF104: 4.3144592 | AG104: 7 | AH104: 5 | AI104: 5 | AJ104: 6 | AK104: 5 | AL104: 17 | AM104: 8 | AN104: 8 | AO104: 10 | AP104: 2023 | AQ104: 6
A105: =INDEX(Index!$E$1:$E$32,MATCH($F105,Index!$D$1:$D$32,0)) -> BAL | B105: 8 | C105: 0 | D105: Ravens | E105: https://a.espncdn.com/i/teamlogos/nfl/500/bal.png | F105: BAL | G105: #241773 | H105: 1576 | I105: 13 | J105: 3.7 | K105: -0.1 | L105: -0.2 | M105: -1 | N105: 4 | O105: 133 | P105: 91 | Q105: 42 | R105: 35.4144 | S105: -0.029120682 | T105: -0.0044552197 | U105: -0.024990991 | V105: -0.19124158 | W105: -0.2153977 | X105: -0.13270909 | Y105: 0.1621209 | Z105: 54.497664 | AA105: -1.7733135 | AB105: -12.20365 | AC105: 3.843639 | AD105: 6 | AE105: 225.30862 | AF105: 4.2649453 | AG105: 8 | AH105: 7 | AI105: 7 | AJ105: 11 | AK105: 16 | AL105: 7 | AM105: 5 | AN105: 4 | AO105: 17 | AP105: 2023 | AQ105: 6
A106: =INDEX(Index!$E$1:$E$32,MATCH($F106,Index!$D$1:$D$32,0)) -> JAX | B106: 9 | C106: 1 | D106: Jaguars | E106: https://a.espncdn.com/i/teamlogos/nfl/500/jax.png | F106: JAX | G106: #006778 | H106: 1540 | I106: 5 | J106: 2.3 | K106: 0.4 | L106: 0.6 | M106: 5 | N106: 4 | O106: 142 | P106: 122 | Q106: 20 | R106: -5.3805 | S106: -0.10336664 | T106: -0.039681892 | U106: -0.20415738 | V106: -0.075812249 | W106: -0.0014385779 | X106: -0.24085004 | Y106: -0.027554388 | Z106: -2.6207787 | AA106: -2.6230439 | AB106: -2.2801081 | AC106: 3.3189351 | AD106: 3 | AE106: 167.21551 | AF106: 3.5339234 | AG106: 12 | AH106: 11 | AI106: 19 | AJ106: 23 | AK106: 18 | AL106: 24 | AM106: 10 | AN106: 16 | AO106: 3 | AP106: 2023 | AQ106: 6
A107: =INDEX(Index!$E$1:$E$32,MATCH($F107,Index!$D$1:$D$32,0)) -> CIN | B107: 10 | C107: 2 | D107: Bengals | E107: https://a.espncdn.com/i/teamlogos/nfl/500/cin.png | F107: CIN | G107: #FB4F14 | H107: 1533 | I107: -12 | J107: 2 | K107: 0.3 | L107: -2.9 | M107: -6 | N107: 3 | O107: 100 | P107: 127 | Q107: -27 | R107: -47.3121 | S107: -0.1374181 | T107: -0.14552685 | U107: -0.11839099 | V107: -0.047071721 | W107: -0.039456442 | X107: -0.04136212 | Y107: -0.090346378 | Z107: -35.961446 | AA107: -8.1777377 | AB107: -1.5463233 | AC107: 3.8605094 | AD107: 1 | AE107: 99.948491 | AF107: 2.1723104 | AG107: 11 | AH107: 23 | AI107: 22 | AJ107: 25 | AK107: 25 | AL107: 15 | AM107: 17 | AN107: 10 | AO107: 25 | AP107: 2023 | AQ107: 6
A108: =INDEX(Index!$E$1:$E$32,MATCH($F108,Index!$D$1:$D$32,0)) -> LAC | B108: 11 | C108: -2 | D108: Chargers | E108: https://a.espncdn.com/i/teamlogos/nfl/500/lac.png | F108: LAC | G108: #007BC7 | H108: 1526 | I108: 9 | J108: 1.7 | K108: -0.9 | L108: -1.1 | M108: -1 | N108: 2 | O108: 127 | P108: 124 | Q108: 3 | R108: -20.8589 | S108: 0.053244855 | T108: 0.13812465 | U108: -0.20760371 | V108: 0.026573847 | W108: 0.12640997 | X108: -0.17507974 | Y108: 0.026671008 | Z108: 24.463269 | AA108: 5.9273188 | AB108: 0.23903746 | AC108: 2.8589357 | AD108: 0 | AE108: 247.579 | AF108: 2.5708012 | AG108: 14 | AH108: 15 | AI108: 13 | AJ108: 5 | AK108: 7 | AL108: 25 | AM108: 26 | AN108: 29 | AO108: 13 | AP108: 2023 | AQ108: 6
A109: =INDEX(Index!$E$1:$E$32,MATCH($F109,Index!$D$1:$D$32,0)) -> SEA | B109: 12 | C109: -1 | D109: Seahawks | E109: https://a.espncdn.com/i/teamlogos/nfl/500/sea.png | F109: SEA | G109: #002244 | H109: 1521 | I109: -3 | J109: 1.5 | K109: -0.2 | L109: 1.1 | M109: 8 | N109: 3 | O109: 124 | P109: 108 | Q109: 16 | R109: 27.9122 | S109: 0.026349104 | T109: 0.011360252 | U109: 0.037961109 | V109: -0.054933654 | W109: 0.0446969 | X109: -0.200903 | Y109: 0.081282758 | Z109: 11.256305 | AA109: 1.2057639 | AB109: -1.4933136 | AC109: 2.5996384 | AD109: 4 | AE109: 143.22701 | AF109: 2.905653 | AG109: 13 | AH109: 13 | AI109: 12 | AJ109: 9 | AK109: 15 | AL109: 3 | AM109: 13 | AN109: 22 | AO109: 6 | AP109: 2023 | AQ109: 6
... A225: =INDEX(Index!$E$1:$E$32,MATCH($F225,Index!$D$1:$D$32,0)) -> CAR | B225: 32 | C225: -2 | D225: Panthers | E225: https://a.espncdn.com/i/teamlogos/nfl/500-dark/car.png | F225: CAR | G225: #0085CA | H225: 1317 | I225: -16 | J225: -6 | K225: -1.6 | L225: -5.1 | M225: -5 | N225: 1 | O225: 140 | P225: 226 | Q225: -86 | R225: -85.6063 | S225: -0.16288359 | T225: -0.179022 | U225: -0.15092211 | V225: 0.011605817 | W225: -0.02950828 | X225: 0.049238478 | Y225: -0.1744894 | Z225: -73.574387 | AA225: -9.4142223 | AB225: 0.84220761 | AC225: 3.0544993 | AD225: 1 | AE225: 84.309502 | AF225: 1.9459526 | AG225: 31 | AH225: 29 | AI225: 30 | AJ225: 27 | AK225: 27 | AL225: 19 | AM225: 28 | AN225: 12 | AO225: 32 | AP225: 2023 | AQ225: 9

Sheet Multiples
A1: Home Adjustment | B1: 1.2 | C1: <-Editable
A2: Away Adjustment | B2: =2-B1 -> 0.8
A3: Line Value Weighting | B3: 0.6 | C3: <-Editable
A4: DVOA Multiplier | B4: 0.16 | C4: <-Editable

Sheet Tracker
A1: Week | B1: Season | C1: W/S | D1: ID | E1: H/A | F1: Team | G1: Opp | H1: Open | I1: Close | J1: Indicator | K1: Diff | L1: Line Val | M1: DVOA | N1: L4 DVOA | O1: VAR | P1: Opp DOVA | Q1: L4 Opp DVOA | R1: Opp VAR | S1: Game VAR | T1: DVOA Diff | U1: L4 DVOA Diff | V1: Expected Line | W1: Exp Line Diff | X1: ELD Closing | Y1: Index | Z1: Result | AA1: Opp | AB1: Outright | AC1: Diff O | AD1: Diff C | AE1: Cov O | AF1: Cov C | AG1: Picked | AH1: Weekly T5 | AI1: JH Rank | AJ1: Notes & Injuries
A2: 1 | B2: 2022 | C2: =B2&" "&"W"&A2 -> 2022 W1 | D2: 1 | E2: A | F2: BUF | G2: LAR | H2: -2.5 | I2: -2.5 | J2: =IF(I2>0,"D","F")&K2 -> F0 | K2: =H2-I2 -> 0 | L2: =IF(K2=0,0, IF(J2="D0.5",0.5*SUMIFS('Key Numbers'!$C$2:$C$71,'Key Numbers'!$A$2:$A$71,">="&ABS($I2),'Key Numbers'!$A$2:$A$71,"<="&ABS($H2)), IF(J2="D-0.5",0.5*-1*SUMIFS('Key Numbers'!$C$2:$C$71,'Key Numbers'!$A$2:$A$71,"<="&ABS($I2),'Key Numbers'!$A$2:$A$71,">="&ABS($H2)), IF(J2="F0.5",0.5*SUMIFS('Key Numbers'!$C$2:$C$71,'Key Numbers'!$A$2:$A$71,"<="&ABS($I2),'Key Numbers'!$A$2:$A$71,">="&ABS($H2)), IF(J2="F-0.5",0.5*-1*SUMIFS('Key Numbers'!$C$2:$C$71,'Key Numbers'!$A$2:$A$71,">="&ABS($I2),'Key Numbers'!$A$2:$A$71,"<="&ABS($H2)), IF(AND(LEFT(J2,1)="F",K2<0),-1*SUMIFS('Key Numbers'!$C$2:$C$71,'Key Numbers'!$A$2:$A$71,">="&ABS($I2),'Key Numbers'!$A$2:$A$71,"<="&ABS($H2)), IF(AND(LEFT(J2,1)="F",K2>0),SUMIFS('Key Numbers'!$C$2:$C$71,'Key Numbers'!$A$2:$A$71,"<="&ABS($I2),'Key Numbers'!$A$2:$A$71,">="&ABS($H2)), IF(AND(LEFT(J2,1)="D",K2<0),-1*SUMIFS('Key Numbers'!$C$2:$C$71,'Key Numbers'!$A$2:$A$71,"<="&ABS($I2),'Key Numbers'!$A$2:$A$71,">="&ABS($H2)), SUMIFS('Key Numbers'!$C$2:$C$71,'Key Numbers'!$A$2:$A$71,">="&ABS($I2),'Key Numbers'!$A$2:$A$71,"<="&ABS($H2)))))))))) -> 0 | M2: {=IFERROR(INDEX(DVOA!$E$2:$E$20095,MATCH($F2&$A2-1&$B2,DVOA!$C$2:$C$20095&DVOA!$A$2:$A21276&DVOA!$B$2:$B$20095,0)),0)} -> 0 | O2: {=IFERROR(INDEX(DVOA!$AC$2:$AC$20095,MATCH($F2&$A2-1&$B2,DVOA!$C$2:$C$20095&DVOA!$A$2:$A$20095&DVOA!$B$2:$B$20095,0) ),0)} -> 0 | P2: {=IFERROR(INDEX(DVOA!$E$2:$E$20095,MATCH($G2&$A2-1&$B2,DVOA!$C$2:$C$20095&DVOA!$A$2:$A21276&DVOA!$B$2:$B$20095,0)),0)} -> 0 | R2: {=IFERROR(INDEX(DVOA!$AC$2:$AC$20095,MATCH($G2&$A2-1&$B2,DVOA!$C$2:$C$20095&DVOA!$A$2:$A$20095&DVOA!$B$2:$B$20095,0) ),0)} -> 0 | S2: =IF(O2=0,"",AVERAGE(O2,R2)) | T2: =IF(A2=1,"",M2-P2) | U2: =IF(N2=0,"",N2-Q2) | V2: {=IFERROR(IF(E2="H",INDEX('DVOA Pred'!$G$2:$G$1000,MATCH($F2&$B2&$A2,'DVOA Pred'!$C$2:$C$1000&'DVOA Pred'!$A$2:$A$1000&'DVOA Pred'!$B$2:$B$1000,0)), INDEX('DVOA Pred'!$H$2:$H$1000,MATCH($F2&$B2&$A2,'DVOA Pred'!$D$2:$D$1000&'DVOA Pred'!$A$2:$A$1000&'DVOA Pred'!$B$2:$B$1000,0))),"")} | W2: =IFERROR(H2-V2,"") | X2: =IFERROR(I2-V2,"") | Y2: =IFERROR((PERCENTRANK($L$2:$L$20355,L2)*Multiples!$B$3)+((PERCENTRANK($W$2:$W$20355,W2)*(1-Multiples!$B$3))),"") | Z2: 31 | AA2: 10 | AB2: =IF(Z2<>"",Z2-AA2,"") -> 21 | AC2: =IF(Z2<>"",Z2+H2-AA2,"") -> 18.5 | AD2: =IF(Z2<>"",Z2+I2-AA2,"") -> 18.5 | AE2: =IF(Z2<>"",IF(AC2>0,"Yes","No"),"") -> Yes | AF2: =IF(AA2<>"",IF(AD2>0,"Yes","No"),"") -> Yes | AI2: No
A3: 1 | B3: 2022 | C3: =B3&" "&"W"&A3 -> 2022 W1 | D3: 1 | E3: H | F3: LAR | G3: BUF | H3: 2.5 | I3: 2.5 | J3: =IF(I3>0,"D","F")&K3 -> D0 | K3: =H3-I3 -> 0 | L3: =IF(K3=0,0, IF(J3="D0.5",0.5*SUMIFS('Key Numbers'!$C$2:$C$71,'Key Numbers'!$A$2:$A$71,">="&ABS($I3),'Key Numbers'!$A$2:$A$71,"<="&ABS($H3)), IF(J3="D-0.5",0.5*-1*SUMIFS('Key Numbers'!$C$2:$C$71,'Key Numbers'!$A$2:$A$71,"<="&ABS($I3),'Key Numbers'!$A$2:$A$71,">="&ABS($H3)), IF(J3="F0.5",0.5*SUMIFS('Key Numbers'!$C$2:$C$71,'Key Numbers'!$A$2:$A$71,"<="&ABS($I3),'Key Numbers'!$A$2:$A$71,">="&ABS($H3)), IF(J3="F-0.5",0.5*-1*SUMIFS('Key Numbers'!$C$2:$C$71,'Key Numbers'!$A$2:$A$71,">="&ABS($I3),'Key Numbers'!$A$2:$A$71,"<="&ABS($H3)), IF(AND(LEFT(J3,1)="F",K3<0),-1*SUMIFS('Key Numbers'!$C$2:$C$71,'Key Numbers'!$A$2:$A$71,">="&ABS($I3),'Key Numbers'!$A$2:$A$71,"<="&ABS($H3)), IF(AND(LEFT(J3,1)="F",K3>0),SUMIFS('Key Numbers'!$C$2:$C$71,'Key Numbers'!$A$2:$A$71,"<="&ABS($I3),'Key Numbers'!$A$2:$A$71,">="&ABS($H3)), IF(AND(LEFT(J3,1)="D",K3<0),-1*SUMIFS('Key Numbers'!$C$2:$C$71,'Key Numbers'!$A$2:$A$71,"<="&ABS($I3),'Key Numbers'!$A$2:$A$71,">="&ABS($H3)), SUMIFS('Key Numbers'!$C$2:$C$71,'Key Numbers'!$A$2:$A$71,">="&ABS($I3),'Key Numbers'!$A$2:$A$71,"<="&ABS($H3)))))))))) -> 0 | M3: {=IFERROR(INDEX(DVOA!$E$2:$E$20095,MATCH($F3&$A3-1&$B3,DVOA!$C$2:$C$20095&DVOA!$A$2:$A21277&DVOA!$B$2:$B$20095,0)),0)} -> 0 | O3: {=IFERROR(INDEX(DVOA!$AC$2:$AC$20095,MATCH($F3&$A3-1&$B3,DVOA!$C$2:$C$20095&DVOA!$A$2:$A$20095&DVOA!$B$2:$B$20095,0) ),0)} -> 0 | P3: {=IFERROR(INDEX(DVOA!$E$2:$E$20095,MATCH($G3&$A3-1&$B3,DVOA!$C$2:$C$20095&DVOA!$A$2:$A21277&DVOA!$B$2:$B$20095,0)),0)} -> 0 | R3: {=IFERROR(INDEX(DVOA!$AC$2:$AC$20095,MATCH($G3&$A3-1&$B3,DVOA!$C$2:$C$20095&DVOA!$A$2:$A$20095&DVOA!$B$2:$B$20095,0) ),0)} -> 0 | S3: =IF(O3=0,"",AVERAGE(O3,R3)) | T3: =IF(A3=1,"",M3-P3) | U3: =IF(N3=0,"",N3-Q3) | V3: {=IFERROR(IF(E3="H",INDEX('DVOA Pred'!$G$2:$G$1000,MATCH($F3&$B3&$A3,'DVOA Pred'!$C$2:$C$1000&'DVOA Pred'!$A$2:$A$1000&'DVOA Pred'!$B$2:$B$1000,0)), INDEX('DVOA Pred'!$H$2:$H$1000,MATCH($F3&$B3&$A3,'DVOA Pred'!$D$2:$D$1000&'DVOA Pred'!$A$2:$A$1000&'DVOA Pred'!$B$2:$B$1000,0))),"")} | W3: =IFERROR(H3-V3,"") | X3: =IFERROR(I3-V3,"") | Y3: =IFERROR((PERCENTRANK($L$2:$L$20355,L3)*Multiples!$B$3)+((PERCENTRANK($W$2:$W$20355,W3)*(1-Multiples!$B$3))),"") | Z3: 10 | AA3: 31 | AB3: =IF(Z3<>"",Z3-AA3,"") -> -21 | AC3: =IF(Z3<>"",Z3+H3-AA3,"") -> -18.5 | AD3: =IF(Z3<>"",Z3+I3-AA3,"") -> -18.5 | AE3: =IF(Z3<>"",IF(AC3>0,"Yes","No"),"") -> No | AF3: =IF(AA3<>"",IF(AD3>0,"Yes","No"),"") -> No | AI3: No
A4: 1 | B4: 2022 | C4: =B4&" "&"W"&A4 -> 2022 W1 | D4: 2 | E4: H | F4: ATL | G4: NO | H4: 5.5 | I4: 5.5 | J4: =IF(I4>0,"D","F")&K4 -> D0 | K4: =H4-I4 -> 0 | L4: =IF(K4=0,0, IF(J4="D0.5",0.5*SUMIFS('Key Numbers'!$C$2:$C$71,'Key Numbers'!$A$2:$A$71,">="&ABS($I4),'Key Numbers'!$A$2:$A$71,"<="&ABS($H4)), IF(J4="D-0.5",0.5*-1*SUMIFS('Key Numbers'!$C$2:$C$71,'Key Numbers'!$A$2:$A$71,"<="&ABS($I4),'Key Numbers'!$A$2:$A$71,">="&ABS($H4)), IF(J4="F0.5",0.5*SUMIFS('Key Numbers'!$C$2:$C$71,'Key Numbers'!$A$2:$A$71,"<="&ABS($I4),'Key Numbers'!$A$2:$A$71,">="&ABS($H4)), IF(J4="F-0.5",0.5*-1*SUMIFS('Key Numbers'!$C$2:$C$71,'Key Numbers'!$A$2:$A$71,">="&ABS($I4),'Key Numbers'!$A$2:$A$71,"<="&ABS($H4)), IF(AND(LEFT(J4,1)="F",K4<0),-1*SUMIFS('Key Numbers'!$C$2:$C$71,'Key Numbers'!$A$2:$A$71,">="&ABS($I4),'Key Numbers'!$A$2:$A$71,"<="&ABS($H4)), IF(AND(LEFT(J4,1)="F",K4>0),SUMIFS('Key Numbers'!$C$2:$C$71,'Key Numbers'!$A$2:$A$71,"<="&ABS($I4),'Key Numbers'!$A$2:$A$71,">="&ABS($H4)), IF(AND(LEFT(J4,1)="D",K4<0),-1*SUMIFS('Key Numbers'!$C$2:$C$71,'Key Numbers'!$A$2:$A$71,"<="&ABS($I4),'Key Numbers'!$A$2:$A$71,">="&ABS($H4)), SUMIFS('Key Numbers'!$C$2:$C$71,'Key Numbers'!$A$2:$A$71,">="&ABS($I4),'Key Numbers'!$A$2:$A$71,"<="&ABS($H4)))))))))) -> 0 | M4: {=IFERROR(INDEX(DVOA!$E$2:$E$20095,MATCH($F4&$A4-1&$B4,DVOA!$C$2:$C$20095&DVOA!$A$2:$A21278&DVOA!$B$2:$B$20095,0)),0)} -> 0 | O4: {=IFERROR(INDEX(DVOA!$AC$2:$AC$20095,MATCH($F4&$A4-1&$B4,DVOA!$C$2:$C$20095&DVOA!$A$2:$A$20095&DVOA!$B$2:$B$20095,0) ),0)} -> 0 | P4: {=IFERROR(INDEX(DVOA!$E$2:$E$20095,MATCH($G4&$A4-1&$B4,DVOA!$C$2:$C$20095&DVOA!$A$2:$A21278&DVOA!$B$2:$B$20095,0)),0)} -> 0 | R4: {=IFERROR(INDEX(DVOA!$AC$2:$AC$20095,MATCH($G4&$A4-1&$B4,DVOA!$C$2:$C$20095&DVOA!$A$2:$A$20095&DVOA!$B$2:$B$20095,0) ),0)} -> 0 | S4: =IF(O4=0,"",AVERAGE(O4,R4)) | T4: =IF(A4=1,"",M4-P4) | U4: =IF(N4=0,"",N4-Q4) | V4: {=IFERROR(IF(E4="H",INDEX('DVOA Pred'!$G$2:$G$1000,MATCH($F4&$B4&$A4,'DVOA Pred'!$C$2:$C$1000&'DVOA Pred'!$A$2:$A$1000&'DVOA Pred'!$B$2:$B$1000,0)), INDEX('DVOA Pred'!$H$2:$H$1000,MATCH($F4&$B4&$A4,'DVOA Pred'!$D$2:$D$1000&'DVOA Pred'!$A$2:$A$1000&'DVOA Pred'!$B$2:$B$1000,0))),"")} | W4: =IFERROR(H4-V4,"") | X4: =IFERROR(I4-V4,"") | Y4: =IFERROR((PERCENTRANK($L$2:$L$20355,L4)*Multiples!$B$3)+((PERCENTRANK($W$2:$W$20355,W4)*(1-Multiples!$B$3))),"") | Z4: 26 | AA4: 27 | AB4: =IF(Z4<>"",Z4-AA4,"") -> -1 | AC4: =IF(Z4<>"",Z4+H4-AA4,"") -> 4.5 | AD4: =IF(Z4<>"",Z4+I4-AA4,"") -> 4.5 | AE4: =IF(Z4<>"",IF(AC4>0,"Yes","No"),"") -> Yes | AF4: =IF(AA4<>"",IF(AD4>0,"Yes","No"),"") -> Yes | AI4: No
A5: 1 | B5: 2022 | C5: =B5&" "&"W"&A5 -> 2022 W1 | D5: 2 | E5: A | F5: NO | G5: ATL | H5: -5.5 | I5: -5.5 | J5: =IF(I5>0,"D","F")&K5 -> F0 | K5: =H5-I5 -> 0 | L5: =IF(K5=0,0, IF(J5="D0.5",0.5*SUMIFS('Key Numbers'!$C$2:$C$71,'Key Numbers'!$A$2:$A$71,">="&ABS($I5),'Key Numbers'!$A$2:$A$71,"<="&ABS($H5)), IF(J5="D-0.5",0.5*-1*SUMIFS('Key Numbers'!$C$2:$C$71,'Key Numbers'!$A$2:$A$71,"<="&ABS($I5),'Key Numbers'!$A$2:$A$71,">="&ABS($H5)), IF(J5="F0.5",0.5*SUMIFS('Key Numbers'!$C$2:$C$71,'Key Numbers'!$A$2:$A$71,"<="&ABS($I5),'Key Numbers'!$A$2:$A$71,">="&ABS($H5)), IF(J5="F-0.5",0.5*-1*SUMIFS('Key Numbers'!$C$2:$C$71,'Key Numbers'!$A$2:$A$71,">="&ABS($I5),'Key Numbers'!$A$2:$A$71,"<="&ABS($H5)), IF(AND(LEFT(J5,1)="F",K5<0),-1*SUMIFS('Key Numbers'!$C$2:$C$71,'Key Numbers'!$A$2:$A$71,">="&ABS($I5),'Key Numbers'!$A$2:$A$71,"<="&ABS($H5)), IF(AND(LEFT(J5,1)="F",K5>0),SUMIFS('Key Numbers'!$C$2:$C$71,'Key Numbers'!$A$2:$A$71,"<="&ABS($I5),'Key Numbers'!$A$2:$A$71,">="&ABS($H5)), IF(AND(LEFT(J5,1)="D",K5<0),-1*SUMIFS('Key Numbers'!$C$2:$C$71,'Key Numbers'!$A$2:$A$71,"<="&ABS($I5),'Key Numbers'!$A$2:$A$71,">="&ABS($H5)), SUMIFS('Key Numbers'!$C$2:$C$71,'Key Numbers'!$A$2:$A$71,">="&ABS($I5),'Key Numbers'!$A$2:$A$71,"<="&ABS($H5)))))))))) -> 0 | M5: {=IFERROR(INDEX(DVOA!$E$2:$E$20095,MATCH($F5&$A5-1&$B5,DVOA!$C$2:$C$20095&DVOA!$A$2:$A21279&DVOA!$B$2:$B$20095,0)),0)} -> 0 | O5: {=IFERROR(INDEX(DVOA!$AC$2:$AC$20095,MATCH($F5&$A5-1&$B5,DVOA!$C$2:$C$20095&DVOA!$A$2:$A$20095&DVOA!$B$2:$B$20095,0) ),0)} -> 0 | P5: {=IFERROR(INDEX(DVOA!$E$2:$E$20095,MATCH($G5&$A5-1&$B5,DVOA!$C$2:$C$20095&DVOA!$A$2:$A21279&DVOA!$B$2:$B$20095,0)),0)} -> 0 | R5: {=IFERROR(INDEX(DVOA!$AC$2:$AC$20095,MATCH($G5&$A5-1&$B5,DVOA!$C$2:$C$20095&DVOA!$A$2:$A$20095&DVOA!$B$2:$B$20095,0) ),0)} -> 0 | S5: =IF(O5=0,"",AVERAGE(O5,R5)) | T5: =IF(A5=1,"",M5-P5) | U5: =IF(N5=0,"",N5-Q5) | V5: {=IFERROR(IF(E5="H",INDEX('DVOA Pred'!$G$2:$G$1000,MATCH($F5&$B5&$A5,'DVOA Pred'!$C$2:$C$1000&'DVOA Pred'!$A$2:$A$1000&'DVOA Pred'!$B$2:$B$1000,0)), INDEX('DVOA Pred'!$H$2:$H$1000,MATCH($F5&$B5&$A5,'DVOA Pred'!$D$2:$D$1000&'DVOA Pred'!$A$2:$A$1000&'DVOA Pred'!$B$2:$B$1000,0))),"")} | W5: =IFERROR(H5-V5,"") | X5: =IFERROR(I5-V5,"") | Y5: =IFERROR((PERCENTRANK($L$2:$L$20355,L5)*Multiples!$B$3)+((PERCENTRANK($W$2:$W$20355,W5)*(1-Multiples!$B$3))),"") | Z5: 27 | AA5: 26 | AB5: =IF(Z5<>"",Z5-AA5,"") -> 1 | AC5: =IF(Z5<>"",Z5+H5-AA5,"") -> -4.5 | AD5: =IF(Z5<>"",Z5+I5-AA5,"") -> -4.5 | AE5: =IF(Z5<>"",IF(AC5>0,"Yes","No"),"") -> No | AF5: =IF(AA5<>"",IF(AD5>0,"Yes","No"),"") -> No | AI5: No
A6: 1 | B6: 2022 | C6: =B6&" "&"W"&A6 -> 2022 W1 | D6: 3 | E6: H | F6: CHI | G6: SF | H6: 6.5 | I6: 6.5 | J6: =IF(I6>0,"D","F")&K6 -> D0 | K6: =H6-I6 -> 0 | L6: =IF(K6=0,0, IF(J6="D0.5",0.5*SUMIFS('Key Numbers'!$C$2:$C$71,'Key Numbers'!$A$2:$A$71,">="&ABS($I6),'Key Numbers'!$A$2:$A$71,"<="&ABS($H6)), IF(J6="D-0.5",0.5*-1*SUMIFS('Key Numbers'!$C$2:$C$71,'Key Numbers'!$A$2:$A$71,"<="&ABS($I6),'Key Numbers'!$A$2:$A$71,">="&ABS($H6)), IF(J6="F0.5",0.5*SUMIFS('Key Numbers'!$C$2:$C$71,'Key Numbers'!$A$2:$A$71,"<="&ABS($I6),'Key Numbers'!$A$2:$A$71,">="&ABS($H6)), IF(J6="F-0.5",0.5*-1*SUMIFS('Key Numbers'!$C$2:$C$71,'Key Numbers'!$A$2:$A$71,">="&ABS($I6),'Key Numbers'!$A$2:$A$71,"<="&ABS($H6)), IF(AND(LEFT(J6,1)="F",K6<0),-1*SUMIFS('Key Numbers'!$C$2:$C$71,'Key Numbers'!$A$2:$A$71,">="&ABS($I6),'Key Numbers'!$A$2:$A$71,"<="&ABS($H6)), IF(AND(LEFT(J6,1)="F",K6>0),SUMIFS('Key Numbers'!$C$2:$C$71,'Key Numbers'!$A$2:$A$71,"<="&ABS($I6),'Key Numbers'!$A$2:$A$71,">="&ABS($H6)), IF(AND(LEFT(J6,1)="D",K6<0),-1*SUMIFS('Key Numbers'!$C$2:$C$71,'Key Numbers'!$A$2:$A$71,"<="&ABS($I6),'Key Numbers'!$A$2:$A$71,">="&ABS($H6)), SUMIFS('Key Numbers'!$C$2:$C$71,'Key Numbers'!$A$2:$A$71,">="&ABS($I6),'Key Numbers'!$A$2:$A$71,"<="&ABS($H6)))))))))) -> 0 | M6: {=IFERROR(INDEX(DVOA!$E$2:$E$20095,MATCH($F6&$A6-1&$B6,DVOA!$C$2:$C$20095&DVOA!$A$2:$A21280&DVOA!$B$2:$B$20095,0)),0)} -> 0 | O6: {=IFERROR(INDEX(DVOA!$AC$2:$AC$20095,MATCH($F6&$A6-1&$B6,DVOA!$C$2:$C$20095&DVOA!$A$2:$A$20095&DVOA!$B$2:$B$20095,0) ),0)} -> 0 | P6: {=IFERROR(INDEX(DVOA!$E$2:$E$20095,MATCH($G6&$A6-1&$B6,DVOA!$C$2:$C$20095&DVOA!$A$2:$A21280&DVOA!$B$2:$B$20095,0)),0)} -> 0 | R6: {=IFERROR(INDEX(DVOA!$AC$2:$AC$20095,MATCH($G6&$A6-1&$B6,DVOA!$C$2:$C$20095&DVOA!$A$2:$A$20095&DVOA!$B$2:$B$20095,0) ),0)} -> 0 | S6: =IF(O6=0,"",AVERAGE(O6,R6)) | T6: =IF(A6=1,"",M6-P6) | U6: =IF(N6=0,"",N6-Q6) | V6: {=IFERROR(IF(E6="H",INDEX('DVOA Pred'!$G$2:$G$1000,MATCH($F6&$B6&$A6,'DVOA Pred'!$C$2:$C$1000&'DVOA Pred'!$A$2:$A$1000&'DVOA Pred'!$B$2:$B$1000,0)), INDEX('DVOA Pred'!$H$2:$H$1000,MATCH($F6&$B6&$A6,'DVOA Pred'!$D$2:$D$1000&'DVOA Pred'!$A$2:$A$1000&'DVOA Pred'!$B$2:$B$1000,0))),"")} | W6: =IFERROR(H6-V6,"") | X6: =IFERROR(I6-V6,"") | Y6: =IFERROR((PERCENTRANK($L$2:$L$20355,L6)*Multiples!$B$3)+((PERCENTRANK($W$2:$W$20355,W6)*(1-Multiples!$B$3))),"") | Z6: 19 | AA6: 10 | AB6: =IF(Z6<>"",Z6-AA6,"") -> 9 | AC6: =IF(Z6<>"",Z6+H6-AA6,"") -> 15.5 | AD6: =IF(Z6<>"",Z6+I6-AA6,"") -> 15.5 | AE6: =IF(Z6<>"",IF(AC6>0,"Yes","No"),"") -> Yes | AF6: =IF(AA6<>"",IF(AD6>0,"Yes","No"),"") -> Yes | AI6: No
A7: 1 | B7: 2022 | C7: =B7&" "&"W"&A7 -> 2022 W1 | D7: 3 | E7: A | F7: SF | G7: CHI | H7: -6.5 | I7: -6.5 | J7: =IF(I7>0,"D","F")&K7 -> F0 | K7: =H7-I7 -> 0 | L7: =IF(K7=0,0, IF(J7="D0.5",0.5*SUMIFS('Key Numbers'!$C$2:$C$71,'Key Numbers'!$A$2:$A$71,">="&ABS($I7),'Key Numbers'!$A$2:$A$71,"<="&ABS($H7)), IF(J7="D-0.5",0.5*-1*SUMIFS('Key Numbers'!$C$2:$C$71,'Key Numbers'!$A$2:$A$71,"<="&ABS($I7),'Key Numbers'!$A$2:$A$71,">="&ABS($H7)), IF(J7="F0.5",0.5*SUMIFS('Key Numbers'!$C$2:$C$71,'Key Numbers'!$A$2:$A$71,"<="&ABS($I7),'Key Numbers'!$A$2:$A$71,">="&ABS($H7)), IF(J7="F-0.5",0.5*-1*SUMIFS('Key Numbers'!$C$2:$C$71,'Key Numbers'!$A$2:$A$71,">="&ABS($I7),'Key Numbers'!$A$2:$A$71,"<="&ABS($H7)), IF(AND(LEFT(J7,1)="F",K7<0),-1*SUMIFS('Key Numbers'!$C$2:$C$71,'Key Numbers'!$A$2:$A$71,">="&ABS($I7),'Key Numbers'!$A$2:$A$71,"<="&ABS($H7)), IF(AND(LEFT(J7,1)="F",K7>0),SUMIFS('Key Numbers'!$C$2:$C$71,'Key Numbers'!$A$2:$A$71,"<="&ABS($I7),'Key Numbers'!$A$2:$A$71,">="&ABS($H7)), IF(AND(LEFT(J7,1)="D",K7<0),-1*SUMIFS('Key Numbers'!$C$2:$C$71,'Key Numbers'!$A$2:$A$71,"<="&ABS($I7),'Key Numbers'!$A$2:$A$71,">="&ABS($H7)), SUMIFS('Key Numbers'!$C$2:$C$71,'Key Numbers'!$A$2:$A$71,">="&ABS($I7),'Key Numbers'!$A$2:$A$71,"<="&ABS($H7)))))))))) -> 0 | M7: {=IFERROR(INDEX(DVOA!$E$2:$E$20095,MATCH($F7&$A7-1&$B7,DVOA!$C$2:$C$20095&DVOA!$A$2:$A21281&DVOA!$B$2:$B$20095,0)),0)} -> 0 | O7: {=IFERROR(INDEX(DVOA!$AC$2:$AC$20095,MATCH($F7&$A7-1&$B7,DVOA!$C$2:$C$20095&DVOA!$A$2:$A$20095&DVOA!$B$2:$B$20095,0) ),0)} -> 0 | P7: {=IFERROR(INDEX(DVOA!$E$2:$E$20095,MATCH($G7&$A7-1&$B7,DVOA!$C$2:$C$20095&DVOA!$A$2:$A21281&DVOA!$B$2:$B$20095,0)),0)} -> 0 | R7: {=IFERROR(INDEX(DVOA!$AC$2:$AC$20095,MATCH($G7&$A7-1&$B7,DVOA!$C$2:$C$20095&DVOA!$A$2:$A$20095&DVOA!$B$2:$B$20095,0) ),0)} -> 0 | S7: =IF(O7=0,"",AVERAGE(O7,R7)) | T7: =IF(A7=1,"",M7-P7) | U7: =IF(N7=0,"",N7-Q7) | V7: {=IFERROR(IF(E7="H",INDEX('DVOA Pred'!$G$2:$G$1000,MATCH($F7&$B7&$A7,'DVOA Pred'!$C$2:$C$1000&'DVOA Pred'!$A$2:$A$1000&'DVOA Pred'!$B$2:$B$1000,0)), INDEX('DVOA Pred'!$H$2:$H$1000,MATCH($F7&$B7&$A7,'DVOA Pred'!$D$2:$D$1000&'DVOA Pred'!$A$2:$A$1000&'DVOA Pred'!$B$2:$B$1000,0))),"")} | W7: =IFERROR(H7-V7,"") | X7: =IFERROR(I7-V7,"") | Y7: =IFERROR((PERCENTRANK($L$2:$L$20355,L7)*Multiples!$B$3)+((PERCENTRANK($W$2:$W$20355,W7)*(1-Multiples!$B$3))),"") | Z7: 10 | AA7: 19 | AB7: =IF(Z7<>"",Z7-AA7,"") -> -9 | AC7: =IF(Z7<>"",Z7+H7-AA7,"") -> -15.5 | AD7: =IF(Z7<>"",Z7+I7-AA7,"") -> -15.5 | AE7: =IF(Z7<>"",IF(AC7>0,"Yes","No"),"") -> No | AF7: =IF(AA7<>"",IF(AD7>0,"Yes","No"),"") -> No | AI7: No
A8: 1 | B8: 2022 | C8: =B8&" "&"W"&A8 -> 2022 W1 | D8: 4 | E8: H | F8: CIN | G8: PIT | H8: -6.5 | I8: -6.5 | J8: =IF(I8>0,"D","F")&K8 -> F0 | K8: =H8-I8 -> 0 | L8: =IF(K8=0,0, IF(J8="D0.5",0.5*SUMIFS('Key Numbers'!$C$2:$C$71,'Key Numbers'!$A$2:$A$71,">="&ABS($I8),'Key Numbers'!$A$2:$A$71,"<="&ABS($H8)), IF(J8="D-0.5",0.5*-1*SUMIFS('Key Numbers'!$C$2:$C$71,'Key Numbers'!$A$2:$A$71,"<="&ABS($I8),'Key Numbers'!$A$2:$A$71,">="&ABS($H8)), IF(J8="F0.5",0.5*SUMIFS('Key Numbers'!$C$2:$C$71,'Key Numbers'!$A$2:$A$71,"<="&ABS($I8),'Key Numbers'!$A$2:$A$71,">="&ABS($H8)), IF(J8="F-0.5",0.5*-1*SUMIFS('Key Numbers'!$C$2:$C$71,'Key Numbers'!$A$2:$A$71,">="&ABS($I8),'Key Numbers'!$A$2:$A$71,"<="&ABS($H8)), IF(AND(LEFT(J8,1)="F",K8<0),-1*SUMIFS('Key Numbers'!$C$2:$C$71,'Key Numbers'!$A$2:$A$71,">="&ABS($I8),'Key Numbers'!$A$2:$A$71,"<="&ABS($H8)), IF(AND(LEFT(J8,1)="F",K8>0),SUMIFS('Key Numbers'!$C$2:$C$71,'Key Numbers'!$A$2:$A$71,"<="&ABS($I8),'Key Numbers'!$A$2:$A$71,">="&ABS($H8)), IF(AND(LEFT(J8,1)="D",K8<0),-1*SUMIFS('Key Numbers'!$C$2:$C$71,'Key Numbers'!$A$2:$A$71,"<="&ABS($I8),'Key Numbers'!$A$2:$A$71,">="&ABS($H8)), SUMIFS('Key Numbers'!$C$2:$C$71,'Key Numbers'!$A$2:$A$71,">="&ABS($I8),'Key Numbers'!$A$2:$A$71,"<="&ABS($H8)))))))))) -> 0 | M8: {=IFERROR(INDEX(DVOA!$E$2:$E$20095,MATCH($F8&$A8-1&$B8,DVOA!$C$2:$C$20095&DVOA!$A$2:$A21282&DVOA!$B$2:$B$20095,0)),0)} -> 0 | O8: {=IFERROR(INDEX(DVOA!$AC$2:$AC$20095,MATCH($F8&$A8-1&$B8,DVOA!$C$2:$C$20095&DVOA!$A$2:$A$20095&DVOA!$B$2:$B$20095,0) ),0)} -> 0 | P8: {=IFERROR(INDEX(DVOA!$E$2:$E$20095,MATCH($G8&$A8-1&$B8,DVOA!$C$2:$C$20095&DVOA!$A$2:$A21282&DVOA!$B$2:$B$20095,0)),0)} -> 0 | R8: {=IFERROR(INDEX(DVOA!$AC$2:$AC$20095,MATCH($G8&$A8-1&$B8,DVOA!$C$2:$C$20095&DVOA!$A$2:$A$20095&DVOA!$B$2:$B$20095,0) ),0)} -> 0 | S8: =IF(O8=0,"",AVERAGE(O8,R8)) | T8: =IF(A8=1,"",M8-P8) | U8: =IF(N8=0,"",N8-Q8) | V8: {=IFERROR(IF(E8="H",INDEX('DVOA Pred'!$G$2:$G$1000,MATCH($F8&$B8&$A8,'DVOA Pred'!$C$2:$C$1000&'DVOA Pred'!$A$2:$A$1000&'DVOA Pred'!$B$2:$B$1000,0)), INDEX('DVOA Pred'!$H$2:$H$1000,MATCH($F8&$B8&$A8,'DVOA Pred'!$D$2:$D$1000&'DVOA Pred'!$A$2:$A$1000&'DVOA Pred'!$B$2:$B$1000,0))),"")} | W8: =IFERROR(H8-V8,"") | X8: =IFERROR(I8-V8,"") | Y8: =IFERROR((PERCENTRANK($L$2:$L$20355,L8)*Multiples!$B$3)+((PERCENTRANK($W$2:$W$20355,W8)*(1-Multiples!$B$3))),"") | Z8: 20 | AA8: 23 | AB8: =IF(Z8<>"",Z8-AA8,"") -> -3 | AC8: =IF(Z8<>"",Z8+H8-AA8,"") -> -9.5 | AD8: =IF(Z8<>"",Z8+I8-AA8,"") -> -9.5 | AE8: =IF(Z8<>"",IF(AC8>0,"Yes","No"),"") -> No | AF8: =IF(AA8<>"",IF(AD8>0,"Yes","No"),"") -> No | AI8: No
A9: 1 | B9: 2022 | C9: =B9&" "&"W"&A9 -> 2022 W1 | D9: 4 | E9: A | F9: PIT | G9: CIN | H9: 6.5 | I9: 6.5 | J9: =IF(I9>0,"D","F")&K9 -> D0 | K9: =H9-I9 -> 0 | L9: =IF(K9=0,0, IF(J9="D0.5",0.5*SUMIFS('Key Numbers'!$C$2:$C$71,'Key Numbers'!$A$2:$A$71,">="&ABS($I9),'Key Numbers'!$A$2:$A$71,"<="&ABS($H9)), IF(J9="D-0.5",0.5*-1*SUMIFS('Key Numbers'!$C$2:$C$71,'Key Numbers'!$A$2:$A$71,"<="&ABS($I9),'Key Numbers'!$A$2:$A$71,">="&ABS($H9)), IF(J9="F0.5",0.5*SUMIFS('Key Numbers'!$C$2:$C$71,'Key Numbers'!$A$2:$A$71,"<="&ABS($I9),'Key Numbers'!$A$2:$A$71,">="&ABS($H9)), IF(J9="F-0.5",0.5*-1*SUMIFS('Key Numbers'!$C$2:$C$71,'Key Numbers'!$A$2:$A$71,">="&ABS($I9),'Key Numbers'!$A$2:$A$71,"<="&ABS($H9)), IF(AND(LEFT(J9,1)="F",K9<0),-1*SUMIFS('Key Numbers'!$C$2:$C$71,'Key Numbers'!$A$2:$A$71,">="&ABS($I9),'Key Numbers'!$A$2:$A$71,"<="&ABS($H9)), IF(AND(LEFT(J9,1)="F",K9>0),SUMIFS('Key Numbers'!$C$2:$C$71,'Key Numbers'!$A$2:$A$71,"<="&ABS($I9),'Key Numbers'!$A$2:$A$71,">="&ABS($H9)), IF(AND(LEFT(J9,1)="D",K9<0),-1*SUMIFS('Key Numbers'!$C$2:$C$71,'Key Numbers'!$A$2:$A$71,"<="&ABS($I9),'Key Numbers'!$A$2:$A$71,">="&ABS($H9)), SUMIFS('Key Numbers'!$C$2:$C$71,'Key Numbers'!$A$2:$A$71,">="&ABS($I9),'Key Numbers'!$A$2:$A$71,"<="&ABS($H9)))))))))) -> 0 | M9: {=IFERROR(INDEX(DVOA!$E$2:$E$20095,MATCH($F9&$A9-1&$B9,DVOA!$C$2:$C$20095&DVOA!$A$2:$A21283&DVOA!$B$2:$B$20095,0)),0)} -> 0 | O9: {=IFERROR(INDEX(DVOA!$AC$2:$AC$20095,MATCH($F9&$A9-1&$B9,DVOA!$C$2:$C$20095&DVOA!$A$2:$A$20095&DVOA!$B$2:$B$20095,0) ),0)} -> 0 | P9: {=IFERROR(INDEX(DVOA!$E$2:$E$20095,MATCH($G9&$A9-1&$B9,DVOA!$C$2:$C$20095&DVOA!$A$2:$A21283&DVOA!$B$2:$B$20095,0)),0)} -> 0 | R9: {=IFERROR(INDEX(DVOA!$AC$2:$AC$20095,MATCH($G9&$A9-1&$B9,DVOA!$C$2:$C$20095&DVOA!$A$2:$A$20095&DVOA!$B$2:$B$20095,0) ),0)} -> 0 | S9: =IF(O9=0,"",AVERAGE(O9,R9)) | T9: =IF(A9=1,"",M9-P9) | U9: =IF(N9=0,"",N9-Q9) | V9: {=IFERROR(IF(E9="H",INDEX('DVOA Pred'!$G$2:$G$1000,MATCH($F9&$B9&$A9,'DVOA Pred'!$C$2:$C$1000&'DVOA Pred'!$A$2:$A$1000&'DVOA Pred'!$B$2:$B$1000,0)), INDEX('DVOA Pred'!$H$2:$H$1000,MATCH($F9&$B9&$A9,'DVOA Pred'!$D$2:$D$1000&'DVOA Pred'!$A$2:$A$1000&'DVOA Pred'!$B$2:$B$1000,0))),"")} | W9: =IFERROR(H9-V9,"") | X9: =IFERROR(I9-V9,"") | Y9: =IFERROR((PERCENTRANK($L$2:$L$20355,L9)*Multiples!$B$3)+((PERCENTRANK($W$2:$W$20355,W9)*(1-Multiples!$B$3))),"") | Z9: 23 | AA9: 20 | AB9: =IF(Z9<>"",Z9-AA9,"") -> 3 | AC9: =IF(Z9<>"",Z9+H9-AA9,"") -> 9.5 | AD9: =IF(Z9<>"",Z9+I9-AA9,"") -> 9.5 | AE9: =IF(Z9<>"",IF(AC9>0,"Yes","No"),"") -> Yes | AF9: =IF(AA9<>"",IF(AD9>0,"Yes","No"),"") -> Yes | AI9: No
A10: 1 | B10: 2022 | C10: =B10&" "&"W"&A10 -> 2022 W1 | D10: 5 | E10: H | F10: DET | G10: PHI | H10: 3.5 | I10: 4.5 | J10: =IF(I10>0,"D","F")&K10 -> D-1 | K10: =H10-I10 -> -1 | L10: =IF(K10=0,0, IF(J10="D0.5",0.5*SUMIFS('Key Numbers'!$C$2:$C$71,'Key Numbers'!$A$2:$A$71,">="&ABS($I10),'Key Numbers'!$A$2:$A$71,"<="&ABS($H10)), IF(J10="D-0.5",0.5*-1*SUMIFS('Key Numbers'!$C$2:$C$71,'Key Numbers'!$A$2:$A$71,"<="&ABS($I10),'Key Numbers'!$A$2:$A$71,">="&ABS($H10)), IF(J10="F0.5",0.5*SUMIFS('Key Numbers'!$C$2:$C$71,'Key Numbers'!$A$2:$A$71,"<="&ABS($I10),'Key Numbers'!$A$2:$A$71,">="&ABS($H10)), IF(J10="F-0.5",0.5*-1*SUMIFS('Key Numbers'!$C$2:$C$71,'Key Numbers'!$A$2:$A$71,">="&ABS($I10),'Key Numbers'!$A$2:$A$71,"<="&ABS($H10)), IF(AND(LEFT(J10,1)="F",K10<0),-1*SUMIFS('Key Numbers'!$C$2:$C$71,'Key Numbers'!$A$2:$A$71,">="&ABS($I10),'Key Numbers'!$A$2:$A$71,"<="&ABS($H10)), IF(AND(LEFT(J10,1)="F",K10>0),SUMIFS('Key Numbers'!$C$2:$C$71,'Key Numbers'!$A$2:$A$71,"<="&ABS($I10),'Key Numbers'!$A$2:$A$71,">="&ABS($H10)), IF(AND(LEFT(J10,1)="D",K10<0),-1*SUMIFS('Key Numbers'!$C$2:$C$71,'Key Numbers'!$A$2:$A$71,"<="&ABS($I10),'Key Numbers'!$A$2:$A$71,">="&ABS($H10)), SUMIFS('Key Numbers'!$C$2:$C$71,'Key Numbers'!$A$2:$A$71,">="&ABS($I10),'Key Numbers'!$A$2:$A$71,"<="&ABS($H10)))))))))) -> -0.058715596 | M10: {=IFERROR(INDEX(DVOA!$E$2:$E$20095,MATCH($F10&$A10-1&$B10,DVOA!$C$2:$C$20095&DVOA!$A$2:$A21284&DVOA!$B$2:$B$20095,0)),0)} -> 0 | O10: {=IFERROR(INDEX(DVOA!$AC$2:$AC$20095,MATCH($F10&$A10-1&$B10,DVOA!$C$2:$C$20095&DVOA!$A$2:$A$20095&DVOA!$B$2:$B$20095,0) ),0)} -> 0 | P10: {=IFERROR(INDEX(DVOA!$E$2:$E$20095,MATCH($G10&$A10-1&$B10,DVOA!$C$2:$C$20095&DVOA!$A$2:$A21284&DVOA!$B$2:$B$20095,0)),0)} -> 0 | R10: {=IFERROR(INDEX(DVOA!$AC$2:$AC$20095,MATCH($G10&$A10-1&$B10,DVOA!$C$2:$C$20095&DVOA!$A$2:$A$20095&DVOA!$B$2:$B$20095,0) ),0)} -> 0 | S10: =IF(O10=0,"",AVERAGE(O10,R10)) | T10: =IF(A10=1,"",M10-P10) | U10: =IF(N10=0,"",N10-Q10) | V10: {=IFERROR(IF(E10="H",INDEX('DVOA Pred'!$G$2:$G$1000,MATCH($F10&$B10&$A10,'DVOA Pred'!$C$2:$C$1000&'DVOA Pred'!$A$2:$A$1000&'DVOA Pred'!$B$2:$B$1000,0)), INDEX('DVOA Pred'!$H$2:$H$1000,MATCH($F10&$B10&$A10,'DVOA Pred'!$D$2:$D$1000&'DVOA Pred'!$A$2:$A$1000&'DVOA Pred'!$B$2:$B$1000,0))),"")} | W10: =IFERROR(H10-V10,"") | X10: =IFERROR(I10-V10,"") | Y10: =IFERROR((PERCENTRANK($L$2:$L$20355,L10)*Multiples!$B$3)+((PERCENTRANK($W$2:$W$20355,W10)*(1-Multiples!$B$3))),"") | Z10: 35 | AA10: 38 | AB10: =IF(Z10<>"",Z10-AA10,"") -> -3 | AC10: =IF(Z10<>"",Z10+H10-AA10,"") -> 0.5 | AD10: =IF(Z10<>"",Z10+I10-AA10,"") -> 1.5 | AE10: =IF(Z10<>"",IF(AC10>0,"Yes","No"),"") -> Yes | AF10: =IF(AA10<>"",IF(AD10>0,"Yes","No"),"") -> Yes | AI10: No
A11: 1 | B11: 2022 | C11: =B11&" "&"W"&A11 -> 2022 W1 | D11: 5 | E11: A | F11: PHI | G11: DET | H11: -3.5 | I11: -4.5 | J11: =IF(I11>0,"D","F")&K11 -> F1 | K11: =H11-I11 -> 1 | L11: =IF(K11=0,0, IF(J11="D0.5",0.5*SUMIFS('Key Numbers'!$C$2:$C$71,'Key Numbers'!$A$2:$A$71,">="&ABS($I11),'Key Numbers'!$A$2:$A$71,"<="&ABS($H11)), IF(J11="D-0.5",0.5*-1*SUMIFS('Key Numbers'!$C$2:$C$71,'Key Numbers'!$A$2:$A$71,"<="&ABS($I11),'Key Numbers'!$A$2:$A$71,">="&ABS($H11)), IF(J11="F0.5",0.5*SUMIFS('Key Numbers'!$C$2:$C$71,'Key Numbers'!$A$2:$A$71,"<="&ABS($I11),'Key Numbers'!$A$2:$A$71,">="&ABS($H11)), IF(J11="F-0.5",0.5*-1*SUMIFS('Key Numbers'!$C$2:$C$71,'Key Numbers'!$A$2:$A$71,">="&ABS($I11),'Key Numbers'!$A$2:$A$71,"<="&ABS($H11)), IF(AND(LEFT(J11,1)="F",K11<0),-1*SUMIFS('Key Numbers'!$C$2:$C$71,'Key Numbers'!$A$2:$A$71,">="&ABS($I11),'Key Numbers'!$A$2:$A$71,"<="&ABS($H11)), IF(AND(LEFT(J11,1)="F",K11>0),SUMIFS('Key Numbers'!$C$2:$C$71,'Key Numbers'!$A$2:$A$71,"<="&ABS($I11),'Key Numbers'!$A$2:$A$71,">="&ABS($H11)), IF(AND(LEFT(J11,1)="D",K11<0),-1*SUMIFS('Key Numbers'!$C$2:$C$71,'Key Numbers'!$A$2:$A$71,"<="&ABS($I11),'Key Numbers'!$A$2:$A$71,">="&ABS($H11)), SUMIFS('Key Numbers'!$C$2:$C$71,'Key Numbers'!$A$2:$A$71,">="&ABS($I11),'Key Numbers'!$A$2:$A$71,"<="&ABS($H11)))))))))) -> 0.058715596 | M11: {=IFERROR(INDEX(DVOA!$E$2:$E$20095,MATCH($F11&$A11-1&$B11,DVOA!$C$2:$C$20095&DVOA!$A$2:$A21285&DVOA!$B$2:$B$20095,0)),0)} -> 0 | O11: {=IFERROR(INDEX(DVOA!$AC$2:$AC$20095,MATCH($F11&$A11-1&$B11,DVOA!$C$2:$C$20095&DVOA!$A$2:$A$20095&DVOA!$B$2:$B$20095,0) ),0)} -> 0 | P11: {=IFERROR(INDEX(DVOA!$E$2:$E$20095,MATCH($G11&$A11-1&$B11,DVOA!$C$2:$C$20095&DVOA!$A$2:$A21285&DVOA!$B$2:$B$20095,0)),0)} -> 0 | R11: {=IFERROR(INDEX(DVOA!$AC$2:$AC$20095,MATCH($G11&$A11-1&$B11,DVOA!$C$2:$C$20095&DVOA!$A$2:$A$20095&DVOA!$B$2:$B$20095,0) ),0)} -> 0 | S11: =IF(O11=0,"",AVERAGE(O11,R11)) | T11: =IF(A11=1,"",M11-P11) | U11: =IF(N11=0,"",N11-Q11) | V11: {=IFERROR(IF(E11="H",INDEX('DVOA Pred'!$G$2:$G$1000,MATCH($F11&$B11&$A11,'DVOA Pred'!$C$2:$C$1000&'DVOA Pred'!$A$2:$A$1000&'DVOA Pred'!$B$2:$B$1000,0)), INDEX('DVOA Pred'!$H$2:$H$1000,MATCH($F11&$B11&$A11,'DVOA Pred'!$D$2:$D$1000&'DVOA Pred'!$A$2:$A$1000&'DVOA Pred'!$B$2:$B$1000,0))),"")} | W11: =IFERROR(H11-V11,"") | X11: =IFERROR(I11-V11,"") | Y11: =IFERROR((PERCENTRANK($L$2:$L$20355,L11)*Multiples!$B$3)+((PERCENTRANK($W$2:$W$20355,W11)*(1-Multiples!$B$3))),"") | Z11: 38 | AA11: 35 | AB11: =IF(Z11<>"",Z11-AA11,"") -> 3 | AC11: =IF(Z11<>"",Z11+H11-AA11,"") -> -0.5 | AD11: =IF(Z11<>"",Z11+I11-AA11,"") -> -1.5 | AE11: =IF(Z11<>"",IF(AC11>0,"Yes","No"),"") -> No | AF11: =IF(AA11<>"",IF(AD11>0,"Yes","No"),"") -> No | AI11: No
A12: 1 | B12: 2022 | C12: =B12&" "&"W"&A12 -> 2022 W1 | D12: 6 | E12: H | F12: MIA | G12: NE | H12: -3.5 | I12: -3.5 | J12: =IF(I12>0,"D","F")&K12 -> F0 | K12: =H12-I12 -> 0 | L12: =IF(K12=0,0, IF(J12="D0.5",0.5*SUMIFS('Key Numbers'!$C$2:$C$71,'Key Numbers'!$A$2:$A$71,">="&ABS($I12),'Key Numbers'!$A$2:$A$71,"<="&ABS($H12)), IF(J12="D-0.5",0.5*-1*SUMIFS('Key Numbers'!$C$2:$C$71,'Key Numbers'!$A$2:$A$71,"<="&ABS($I12),'Key Numbers'!$A$2:$A$71,">="&ABS($H12)), IF(J12="F0.5",0.5*SUMIFS('Key Numbers'!$C$2:$C$71,'Key Numbers'!$A$2:$A$71,"<="&ABS($I12),'Key Numbers'!$A$2:$A$71,">="&ABS($H12)), IF(J12="F-0.5",0.5*-1*SUMIFS('Key Numbers'!$C$2:$C$71,'Key Numbers'!$A$2:$A$71,">="&ABS($I12),'Key Numbers'!$A$2:$A$71,"<="&ABS($H12)), IF(AND(LEFT(J12,1)="F",K12<0),-1*SUMIFS('Key Numbers'!$C$2:$C$71,'Key Numbers'!$A$2:$A$71,">="&ABS($I12),'Key Numbers'!$A$2:$A$71,"<="&ABS($H12)), IF(AND(LEFT(J12,1)="F",K12>0),SUMIFS('Key Numbers'!$C$2:$C$71,'Key Numbers'!$A$2:$A$71,"<="&ABS($I12),'Key Numbers'!$A$2:$A$71,">="&ABS($H12)), IF(AND(LEFT(J12,1)="D",K12<0),-1*SUMIFS('Key Numbers'!$C$2:$C$71,'Key Numbers'!$A$2:$A$71,"<="&ABS($I12),'Key Numbers'!$A$2:$A$71,">="&ABS($H12)), SUMIFS('Key Numbers'!$C$2:$C$71,'Key Numbers'!$A$2:$A$71,">="&ABS($I12),'Key Numbers'!$A$2:$A$71,"<="&ABS($H12)))))))))) -> 0 | M12: {=IFERROR(INDEX(DVOA!$E$2:$E$20095,MATCH($F12&$A12-1&$B12,DVOA!$C$2:$C$20095&DVOA!$A$2:$A21286&DVOA!$B$2:$B$20095,0)),0)} -> 0 | O12: {=IFERROR(INDEX(DVOA!$AC$2:$AC$20095,MATCH($F12&$A12-1&$B12,DVOA!$C$2:$C$20095&DVOA!$A$2:$A$20095&DVOA!$B$2:$B$20095,0) ),0)} -> 0 | P12: {=IFERROR(INDEX(DVOA!$E$2:$E$20095,MATCH($G12&$A12-1&$B12,DVOA!$C$2:$C$20095&DVOA!$A$2:$A21286&DVOA!$B$2:$B$20095,0)),0)} -> 0 | R12: {=IFERROR(INDEX(DVOA!$AC$2:$AC$20095,MATCH($G12&$A12-1&$B12,DVOA!$C$2:$C$20095&DVOA!$A$2:$A$20095&DVOA!$B$2:$B$20095,0) ),0)} -> 0 | S12: =IF(O12=0,"",AVERAGE(O12,R12)) | T12: =IF(A12=1,"",M12-P12) | U12: =IF(N12=0,"",N12-Q12) | V12: {=IFERROR(IF(E12="H",INDEX('DVOA Pred'!$G$2:$G$1000,MATCH($F12&$B12&$A12,'DVOA Pred'!$C$2:$C$1000&'DVOA Pred'!$A$2:$A$1000&'DVOA Pred'!$B$2:$B$1000,0)), INDEX('DVOA Pred'!$H$2:$H$1000,MATCH($F12&$B12&$A12,'DVOA Pred'!$D$2:$D$1000&'DVOA Pred'!$A$2:$A$1000&'DVOA Pred'!$B$2:$B$1000,0))),"")} | W12: =IFERROR(H12-V12,"") | X12: =IFERROR(I12-V12,"") | Y12: =IFERROR((PERCENTRANK($L$2:$L$20355,L12)*Multiples!$B$3)+((PERCENTRANK($W$2:$W$20355,W12)*(1-Multiples!$B$3))),"") | Z12: 20 | AA12: 7 | AB12: =IF(Z12<>"",Z12-AA12,"") -> 13 | AC12: =IF(Z12<>"",Z12+H12-AA12,"") -> 9.5 | AD12: =IF(Z12<>"",Z12+I12-AA12,"") -> 9.5 | AE12: =IF(Z12<>"",IF(AC12>0,"Yes","No"),"") -> Yes | AF12: =IF(AA12<>"",IF(AD12>0,"Yes","No"),"") -> Yes | AI12: No
A13: 1 | B13: 2022 | C13: =B13&" "&"W"&A13 -> 2022 W1 | D13: 6 | E13: A | F13: NE | G13: MIA | H13: 3.5 | I13: 3.5 | J13: =IF(I13>0,"D","F")&K13 -> D0 | K13: =H13-I13 -> 0 | L13: =IF(K13=0,0, IF(J13="D0.5",0.5*SUMIFS('Key Numbers'!$C$2:$C$71,'Key Numbers'!$A$2:$A$71,">="&ABS($I13),'Key Numbers'!$A$2:$A$71,"<="&ABS($H13)), IF(J13="D-0.5",0.5*-1*SUMIFS('Key Numbers'!$C$2:$C$71,'Key Numbers'!$A$2:$A$71,"<="&ABS($I13),'Key Numbers'!$A$2:$A$71,">="&ABS($H13)), IF(J13="F0.5",0.5*SUMIFS('Key Numbers'!$C$2:$C$71,'Key Numbers'!$A$2:$A$71,"<="&ABS($I13),'Key Numbers'!$A$2:$A$71,">="&ABS($H13)), IF(J13="F-0.5",0.5*-1*SUMIFS('Key Numbers'!$C$2:$C$71,'Key Numbers'!$A$2:$A$71,">="&ABS($I13),'Key Numbers'!$A$2:$A$71,"<="&ABS($H13)), IF(AND(LEFT(J13,1)="F",K13<0),-1*SUMIFS('Key Numbers'!$C$2:$C$71,'Key Numbers'!$A$2:$A$71,">="&ABS($I13),'Key Numbers'!$A$2:$A$71,"<="&ABS($H13)), IF(AND(LEFT(J13,1)="F",K13>0),SUMIFS('Key Numbers'!$C$2:$C$71,'Key Numbers'!$A$2:$A$71,"<="&ABS($I13),'Key Numbers'!$A$2:$A$71,">="&ABS($H13)), IF(AND(LEFT(J13,1)="D",K13<0),-1*SUMIFS('Key Numbers'!$C$2:$C$71,'Key Numbers'!$A$2:$A$71,"<="&ABS($I13),'Key Numbers'!$A$2:$A$71,">="&ABS($H13)), SUMIFS('Key Numbers'!$C$2:$C$71,'Key Numbers'!$A$2:$A$71,">="&ABS($I13),'Key Numbers'!$A$2:$A$71,"<="&ABS($H13)))))))))) -> 0 | M13: {=IFERROR(INDEX(DVOA!$E$2:$E$20095,MATCH($F13&$A13-1&$B13,DVOA!$C$2:$C$20095&DVOA!$A$2:$A21287&DVOA!$B$2:$B$20095,0)),0)} -> 0 | O13: {=IFERROR(INDEX(DVOA!$AC$2:$AC$20095,MATCH($F13&$A13-1&$B13,DVOA!$C$2:$C$20095&DVOA!$A$2:$A$20095&DVOA!$B$2:$B$20095,0) ),0)} -> 0 | P13: {=IFERROR(INDEX(DVOA!$E$2:$E$20095,MATCH($G13&$A13-1&$B13,DVOA!$C$2:$C$20095&DVOA!$A$2:$A21287&DVOA!$B$2:$B$20095,0)),0)} -> 0 | R13: {=IFERROR(INDEX(DVOA!$AC$2:$AC$20095,MATCH($G13&$A13-1&$B13,DVOA!$C$2:$C$20095&DVOA!$A$2:$A$20095&DVOA!$B$2:$B$20095,0) ),0)} -> 0 | S13: =IF(O13=0,"",AVERAGE(O13,R13)) | T13: =IF(A13=1,"",M13-P13) | U13: =IF(N13=0,"",N13-Q13) | V13: {=IFERROR(IF(E13="H",INDEX('DVOA Pred'!$G$2:$G$1000,MATCH($F13&$B13&$A13,'DVOA Pred'!$C$2:$C$1000&'DVOA Pred'!$A$2:$A$1000&'DVOA Pred'!$B$2:$B$1000,0)), INDEX('DVOA Pred'!$H$2:$H$1000,MATCH($F13&$B13&$A13,'DVOA Pred'!$D$2:$D$1000&'DVOA Pred'!$A$2:$A$1000&'DVOA Pred'!$B$2:$B$1000,0))),"")} | W13: =IFERROR(H13-V13,"") | X13: =IFERROR(I13-V13,"") | Y13: =IFERROR((PERCENTRANK($L$2:$L$20355,L13)*Multiples!$B$3)+((PERCENTRANK($W$2:$W$20355,W13)*(1-Multiples!$B$3))),"") | Z13: 7 | AA13: 20 | AB13: =IF(Z13<>"",Z13-AA13,"") -> -13 | AC13: =IF(Z13<>"",Z13+H13-AA13,"") -> -9.5 | AD13: =IF(Z13<>"",Z13+I13-AA13,"") -> -9.5 | AE13: =IF(Z13<>"",IF(AC13>0,"Yes","No"),"") -> No | AF13: =IF(AA13<>"",IF(AD13>0,"Yes","No"),"") -> No | AI13: No
... A33: 1 | B33: 2022 | C33: =B33&" "&"W"&A33 -> 2022 W1 | D33: 16 | E33: H | F33: SEA | G33: DEN | H33: 6.5 | I33: 6.5 | J33: =IF(I33>0,"D","F")&K33 -> D0 | K33: =H33-I33 -> 0 | L33: =IF(K33=0,0, IF(J33="D0.5",0.5*SUMIFS('Key Numbers'!$C$2:$C$71,'Key Numbers'!$A$2:$A$71,">="&ABS($I33),'Key Numbers'!$A$2:$A$71,"<="&ABS($H33)), IF(J33="D-0.5",0.5*-1*SUMIFS('Key Numbers'!$C$2:$C$71,'Key Numbers'!$A$2:$A$71,"<="&ABS($I33),'Key Numbers'!$A$2:$A$71,">="&ABS($H33)), IF(J33="F0.5",0.5*SUMIFS('Key Numbers'!$C$2:$C$71,'Key Numbers'!$A$2:$A$71,"<="&ABS($I33),'Key Numbers'!$A$2:$A$71,">="&ABS($H33)), IF(J33="F-0.5",0.5*-1*SUMIFS('Key Numbers'!$C$2:$C$71,'Key Numbers'!$A$2:$A$71,">="&ABS($I33),'Key Numbers'!$A$2:$A$71,"<="&ABS($H33)), IF(AND(LEFT(J33,1)="F",K33<0),-1*SUMIFS('Key Numbers'!$C$2:$C$71,'Key Numbers'!$A$2:$A$71,">="&ABS($I33),'Key Numbers'!$A$2:$A$71,"<="&ABS($H33)), IF(AND(LEFT(J33,1)="F",K33>0),SUMIFS('Key Numbers'!$C$2:$C$71,'Key Numbers'!$A$2:$A$71,"<="&ABS($I33),'Key Numbers'!$A$2:$A$71,">="&ABS($H33)), IF(AND(LEFT(J33,1)="D",K33<0),-1*SUMIFS('Key Numbers'!$C$2:$C$71,'Key Numbers'!$A$2:$A$71,"<="&ABS($I33),'Key Numbers'!$A$2:$A$71,">="&ABS($H33)), SUMIFS('Key Numbers'!$C$2:$C$71,'Key Numbers'!$A$2:$A$71,">="&ABS($I33),'Key Numbers'!$A$2:$A$71,"<="&ABS($H33)))))))))) -> 0 | M33: {=IFERROR(INDEX(DVOA!$E$2:$E$20095,MATCH($F33&$A33-1&$B33,DVOA!$C$2:$C$20095&DVOA!$A$2:$A21307&DVOA!$B$2:$B$20095,0)),0)} -> 0 | O33: {=IFERROR(INDEX(DVOA!$AC$2:$AC$20095,MATCH($F33&$A33-1&$B33,DVOA!$C$2:$C$20095&DVOA!$A$2:$A$20095&DVOA!$B$2:$B$20095,0) ),0)} -> 0 | P33: {=IFERROR(INDEX(DVOA!$E$2:$E$20095,MATCH($G33&$A33-1&$B33,DVOA!$C$2:$C$20095&DVOA!$A$2:$A21307&DVOA!$B$2:$B$20095,0)),0)} -> 0 | R33: {=IFERROR(INDEX(DVOA!$AC$2:$AC$20095,MATCH($G33&$A33-1&$B33,DVOA!$C$2:$C$20095&DVOA!$A$2:$A$20095&DVOA!$B$2:$B$20095,0) ),0)} -> 0 | S33: =IF(O33=0,"",AVERAGE(O33,R33)) | T33: =IF(A33=1,"",M33-P33) | U33: =IF(N33=0,"",N33-Q33) | V33: {=IFERROR(IF(E33="H",INDEX('DVOA Pred'!$G$2:$G$1000,MATCH($F33&$B33&$A33,'DVOA Pred'!$C$2:$C$1000&'DVOA Pred'!$A$2:$A$1000&'DVOA Pred'!$B$2:$B$1000,0)), INDEX('DVOA Pred'!$H$2:$H$1000,MATCH($F33&$B33&$A33,'DVOA Pred'!$D$2:$D$1000&'DVOA Pred'!$A$2:$A$1000&'DVOA Pred'!$B$2:$B$1000,0))),"")} | W33: =IFERROR(H33-V33,"") | X33: =IFERROR(I33-V33,"") | Y33: =IFERROR((PERCENTRANK($L$2:$L$20355,L33)*Multiples!$B$3)+((PERCENTRANK($W$2:$W$20355,W33)*(1-Multiples!$B$3))),"") | Z33: 17 | AA33: 16 | AB33: =IF(Z33<>"",Z33-AA33,"") -> 1 | AC33: =IF(Z33<>"",Z33+H33-AA33,"") -> 7.5 | AD33: =IF(Z33<>"",Z33+I33-AA33,"") -> 7.5 | AE33: =IF(Z33<>"",IF(AC33>0,"Yes","No"),"") -> Yes | AF33: =IF(AA33<>"",IF(AD33>0,"Yes","No"),"") -> Yes | AI33: No
A34: 2 | B34: 2022 | C34: =B34&" "&"W"&A34 -> 2022 W2 | D34: 17 | E34: H | F34: KC | G34: LAC | H34: -3.5 | I34: -4 | J34: =IF(I34>0,"D","F")&K34 -> F0.5 | K34: =H34-I34 -> 0.5 | L34: =IF(K34=0,0, IF(J34="D0.5",0.5*SUMIFS('Key Numbers'!$C$2:$C$71,'Key Numbers'!$A$2:$A$71,">="&ABS($I34),'Key Numbers'!$A$2:$A$71,"<="&ABS($H34)), IF(J34="D-0.5",0.5*-1*SUMIFS('Key Numbers'!$C$2:$C$71,'Key Numbers'!$A$2:$A$71,"<="&ABS($I34),'Key Numbers'!$A$2:$A$71,">="&ABS($H34)), IF(J34="F0.5",0.5*SUMIFS('Key Numbers'!$C$2:$C$71,'Key Numbers'!$A$2:$A$71,"<="&ABS($I34),'Key Numbers'!$A$2:$A$71,">="&ABS($H34)), IF(J34="F-0.5",0.5*-1*SUMIFS('Key Numbers'!$C$2:$C$71,'Key Numbers'!$A$2:$A$71,">="&ABS($I34),'Key Numbers'!$A$2:$A$71,"<="&ABS($H34)), IF(AND(LEFT(J34,1)="F",K34<0),-1*SUMIFS('Key Numbers'!$C$2:$C$71,'Key Numbers'!$A$2:$A$71,">="&ABS($I34),'Key Numbers'!$A$2:$A$71,"<="&ABS($H34)), IF(AND(LEFT(J34,1)="F",K34>0),SUMIFS('Key Numbers'!$C$2:$C$71,'Key Numbers'!$A$2:$A$71,"<="&ABS($I34),'Key Numbers'!$A$2:$A$71,">="&ABS($H34)), IF(AND(LEFT(J34,1)="D",K34<0),-1*SUMIFS('Key Numbers'!$C$2:$C$71,'Key Numbers'!$A$2:$A$71,"<="&ABS($I34),'Key Numbers'!$A$2:$A$71,">="&ABS($H34)), SUMIFS('Key Numbers'!$C$2:$C$71,'Key Numbers'!$A$2:$A$71,">="&ABS($I34),'Key Numbers'!$A$2:$A$71,"<="&ABS($H34)))))))))) -> 0.029357798 | M34: {=IFERROR(INDEX(DVOA!$E$2:$E$20095,MATCH($F34&$A34-1&$B34,DVOA!$C$2:$C$20095&DVOA!$A$2:$A21100&DVOA!$B$2:$B$20095,0)),0)} -> 0.60747095 | O34: {=IFERROR(INDEX(DVOA!$AC$2:$AC$20095,MATCH($F34&$A34-1&$B34,DVOA!$C$2:$C$20095&DVOA!$A$2:$A$20095&DVOA!$B$2:$B$20095,0) ),0)} -> 0 | P34: {=IFERROR(INDEX(DVOA!$E$2:$E$20095,MATCH($G34&$A34-1&$B34,DVOA!$C$2:$C$20095&DVOA!$A$2:$A21100&DVOA!$B$2:$B$20095,0)),0)} -> 0.36574825 | R34: {=IFERROR(INDEX(DVOA!$AC$2:$AC$20095,MATCH($G34&$A34-1&$B34,DVOA!$C$2:$C$20095&DVOA!$A$2:$A$20095&DVOA!$B$2:$B$20095,0) ),0)} -> 0 | S34: =IF(O34=0,"",AVERAGE(O34,R34)) | T34: =IF(A34=1,"",M34-P34) -> 0.24172269 | U34: =IF(N34=0,"",N34-Q34) | V34: {=IFERROR(IF(E34="H",INDEX('DVOA Pred'!$G$2:$G$1000,MATCH($F34&$B34&$A34,'DVOA Pred'!$C$2:$C$1000&'DVOA Pred'!$A$2:$A$1000&'DVOA Pred'!$B$2:$B$1000,0)), INDEX('DVOA Pred'!$H$2:$H$1000,MATCH($F34&$B34&$A34,'DVOA Pred'!$D$2:$D$1000&'DVOA Pred'!$A$2:$A$1000&'DVOA Pred'!$B$2:$B$1000,0))),"")} | W34: =IFERROR(H34-V34,"") | X34: =IFERROR(I34-V34,"") | Y34: =IFERROR((PERCENTRANK($L$2:$L$20355,L34)*Multiples!$B$3)+((PERCENTRANK($W$2:$W$20355,W34)*(1-Multiples!$B$3))),"") | Z34: 27 | AA34: 24 | AB34: =IF(Z34<>"",Z34-AA34,"") -> 3 | AC34: =IF(Z34<>"",Z34+H34-AA34,"") -> -0.5 | AD34: =IF(Z34<>"",Z34+I34-AA34,"") -> -1 | AE34: =IF(Z34<>"",IF(AC34>0,"Yes","No"),"") -> No | AF34: =IF(AA34<>"",IF(AD34>0,"Yes","No"),"") -> No
A35: 2 | B35: 2022 | C35: =B35&" "&"W"&A35 -> 2022 W2 | D35: 17 | E35: A | F35: LAC | G35: KC | H35: 3.5 | I35: 4 | J35: =IF(I35>0,"D","F")&K35 -> D-0.5 | K35: =H35-I35 -> -0.5 | L35: =IF(K35=0,0, IF(J35="D0.5",0.5*SUMIFS('Key Numbers'!$C$2:$C$71,'Key Numbers'!$A$2:$A$71,">="&ABS($I35),'Key Numbers'!$A$2:$A$71,"<="&ABS($H35)), IF(J35="D-0.5",0.5*-1*SUMIFS('Key Numbers'!$C$2:$C$71,'Key Numbers'!$A$2:$A$71,"<="&ABS($I35),'Key Numbers'!$A$2:$A$71,">="&ABS($H35)), IF(J35="F0.5",0.5*SUMIFS('Key Numbers'!$C$2:$C$71,'Key Numbers'!$A$2:$A$71,"<="&ABS($I35),'Key Numbers'!$A$2:$A$71,">="&ABS($H35)), IF(J35="F-0.5",0.5*-1*SUMIFS('Key Numbers'!$C$2:$C$71,'Key Numbers'!$A$2:$A$71,">="&ABS($I35),'Key Numbers'!$A$2:$A$71,"<="&ABS($H35)), IF(AND(LEFT(J35,1)="F",K35<0),-1*SUMIFS('Key Numbers'!$C$2:$C$71,'Key Numbers'!$A$2:$A$71,">="&ABS($I35),'Key Numbers'!$A$2:$A$71,"<="&ABS($H35)), IF(AND(LEFT(J35,1)="F",K35>0),SUMIFS('Key Numbers'!$C$2:$C$71,'Key Numbers'!$A$2:$A$71,"<="&ABS($I35),'Key Numbers'!$A$2:$A$71,">="&ABS($H35)), IF(AND(LEFT(J35,1)="D",K35<0),-1*SUMIFS('Key Numbers'!$C$2:$C$71,'Key Numbers'!$A$2:$A$71,"<="&ABS($I35),'Key Numbers'!$A$2:$A$71,">="&ABS($H35)), SUMIFS('Key Numbers'!$C$2:$C$71,'Key Numbers'!$A$2:$A$71,">="&ABS($I35),'Key Numbers'!$A$2:$A$71,"<="&ABS($H35)))))))))) -> -0.029357798 | M35: {=IFERROR(INDEX(DVOA!$E$2:$E$20095,MATCH($F35&$A35-1&$B35,DVOA!$C$2:$C$20095&DVOA!$A$2:$A21101&DVOA!$B$2:$B$20095,0)),0)} -> 0.36574825 | O35: {=IFERROR(INDEX(DVOA!$AC$2:$AC$20095,MATCH($F35&$A35-1&$B35,DVOA!$C$2:$C$20095&DVOA!$A$2:$A$20095&DVOA!$B$2:$B$20095,0) ),0)} -> 0 | P35: {=IFERROR(INDEX(DVOA!$E$2:$E$20095,MATCH($G35&$A35-1&$B35,DVOA!$C$2:$C$20095&DVOA!$A$2:$A21101&DVOA!$B$2:$B$20095,0)),0)} -> 0.60747095 | R35: {=IFERROR(INDEX(DVOA!$AC$2:$AC$20095,MATCH($G35&$A35-1&$B35,DVOA!$C$2:$C$20095&DVOA!$A$2:$A$20095&DVOA!$B$2:$B$20095,0) ),0)} -> 0 | S35: =IF(O35=0,"",AVERAGE(O35,R35)) | T35: =IF(A35=1,"",M35-P35) -> -0.24172269 | U35: =IF(N35=0,"",N35-Q35) | V35: {=IFERROR(IF(E35="H",INDEX('DVOA Pred'!$G$2:$G$1000,MATCH($F35&$B35&$A35,'DVOA Pred'!$C$2:$C$1000&'DVOA Pred'!$A$2:$A$1000&'DVOA Pred'!$B$2:$B$1000,0)), INDEX('DVOA Pred'!$H$2:$H$1000,MATCH($F35&$B35&$A35,'DVOA Pred'!$D$2:$D$1000&'DVOA Pred'!$A$2:$A$1000&'DVOA Pred'!$B$2:$B$1000,0))),"")} | W35: =IFERROR(H35-V35,"") | X35: =IFERROR(I35-V35,"") | Y35: =IFERROR((PERCENTRANK($L$2:$L$20355,L35)*Multiples!$B$3)+((PERCENTRANK($W$2:$W$20355,W35)*(1-Multiples!$B$3))),"") | Z35: 24 | AA35: 27 | AB35: =IF(Z35<>"",Z35-AA35,"") -> -3 | AC35: =IF(Z35<>"",Z35+H35-AA35,"") -> 0.5 | AD35: =IF(Z35<>"",Z35+I35-AA35,"") -> 1 | AE35: =IF(Z35<>"",IF(AC35>0,"Yes","No"),"") -> Yes | AF35: =IF(AA35<>"",IF(AD35>0,"Yes","No"),"") -> Yes
A36: 2 | B36: 2022 | C36: =B36&" "&"W"&A36 -> 2022 W2 | D36: 18 | E36: H | F36: CLE | G36: NYJ | H36: -5.5 | I36: -6.5 | J36: =IF(I36>0,"D","F")&K36 -> F1 | K36: =H36-I36 -> 1 | L36: =IF(K36=0,0, IF(J36="D0.5",0.5*SUMIFS('Key Numbers'!$C$2:$C$71,'Key Numbers'!$A$2:$A$71,">="&ABS($I36),'Key Numbers'!$A$2:$A$71,"<="&ABS($H36)), IF(J36="D-0.5",0.5*-1*SUMIFS('Key Numbers'!$C$2:$C$71,'Key Numbers'!$A$2:$A$71,"<="&ABS($I36),'Key Numbers'!$A$2:$A$71,">="&ABS($H36)), IF(J36="F0.5",0.5*SUMIFS('Key Numbers'!$C$2:$C$71,'Key Numbers'!$A$2:$A$71,"<="&ABS($I36),'Key Numbers'!$A$2:$A$71,">="&ABS($H36)), IF(J36="F-0.5",0.5*-1*SUMIFS('Key Numbers'!$C$2:$C$71,'Key Numbers'!$A$2:$A$71,">="&ABS($I36),'Key Numbers'!$A$2:$A$71,"<="&ABS($H36)), IF(AND(LEFT(J36,1)="F",K36<0),-1*SUMIFS('Key Numbers'!$C$2:$C$71,'Key Numbers'!$A$2:$A$71,">="&ABS($I36),'Key Numbers'!$A$2:$A$71,"<="&ABS($H36)), IF(AND(LEFT(J36,1)="F",K36>0),SUMIFS('Key Numbers'!$C$2:$C$71,'Key Numbers'!$A$2:$A$71,"<="&ABS($I36),'Key Numbers'!$A$2:$A$71,">="&ABS($H36)), IF(AND(LEFT(J36,1)="D",K36<0),-1*SUMIFS('Key Numbers'!$C$2:$C$71,'Key Numbers'!$A$2:$A$71,"<="&ABS($I36),'Key Numbers'!$A$2:$A$71,">="&ABS($H36)), SUMIFS('Key Numbers'!$C$2:$C$71,'Key Numbers'!$A$2:$A$71,">="&ABS($I36),'Key Numbers'!$A$2:$A$71,"<="&ABS($H36)))))))))) -> 0.073394495 | M36: {=IFERROR(INDEX(DVOA!$E$2:$E$20095,MATCH($F36&$A36-1&$B36,DVOA!$C$2:$C$20095&DVOA!$A$2:$A21102&DVOA!$B$2:$B$20095,0)),0)} -> 0.34823648 | O36: {=IFERROR(INDEX(DVOA!$AC$2:$AC$20095,MATCH($F36&$A36-1&$B36,DVOA!$C$2:$C$20095&DVOA!$A$2:$A$20095&DVOA!$B$2:$B$20095,0) ),0)} -> 0 | P36: {=IFERROR(INDEX(DVOA!$E$2:$E$20095,MATCH($G36&$A36-1&$B36,DVOA!$C$2:$C$20095&DVOA!$A$2:$A21102&DVOA!$B$2:$B$20095,0)),0)} -> -0.50962668 | R36: {=IFERROR(INDEX(DVOA!$AC$2:$AC$20095,MATCH($G36&$A36-1&$B36,DVOA!$C$2:$C$20095&DVOA!$A$2:$A$20095&DVOA!$B$2:$B$20095,0) ),0)} -> 0 | S36: =IF(O36=0,"",AVERAGE(O36,R36)) | T36: =IF(A36=1,"",M36-P36) -> 0.85786316 | U36: =IF(N36=0,"",N36-Q36) | V36: {=IFERROR(IF(E36="H",INDEX('DVOA Pred'!$G$2:$G$1000,MATCH($F36&$B36&$A36,'DVOA Pred'!$C$2:$C$1000&'DVOA Pred'!$A$2:$A$1000&'DVOA Pred'!$B$2:$B$1000,0)), INDEX('DVOA Pred'!$H$2:$H$1000,MATCH($F36&$B36&$A36,'DVOA Pred'!$D$2:$D$1000&'DVOA Pred'!$A$2:$A$1000&'DVOA Pred'!$B$2:$B$1000,0))),"")} | W36: =IFERROR(H36-V36,"") | X36: =IFERROR(I36-V36,"") | Y36: =IFERROR((PERCENTRANK($L$2:$L$20355,L36)*Multiples!$B$3)+((PERCENTRANK($W$2:$W$20355,W36)*(1-Multiples!$B$3))),"") | Z36: 30 | AA36: 31 | AB36: =IF(Z36<>"",Z36-AA36,"") -> -1 | AC36: =IF(Z36<>"",Z36+H36-AA36,"") -> -6.5 | AD36: =IF(Z36<>"",Z36+I36-AA36,"") -> -7.5 | AE36: =IF(Z36<>"",IF(AC36>0,"Yes","No"),"") -> No | AF36: =IF(AA36<>"",IF(AD36>0,"Yes","No"),"") -> No
A37: 2 | B37: 2022 | C37: =B37&" "&"W"&A37 -> 2022 W2 | D37: 18 | E37: A | F37: NYJ | G37: CLE | H37: 5.5 | I37: 6.5 | J37: =IF(I37>0,"D","F")&K37 -> D-1 | K37: =H37-I37 -> -1 | L37: =IF(K37=0,0, IF(J37="D0.5",0.5*SUMIFS('Key Numbers'!$C$2:$C$71,'Key Numbers'!$A$2:$A$71,">="&ABS($I37),'Key Numbers'!$A$2:$A$71,"<="&ABS($H37)), IF(J37="D-0.5",0.5*-1*SUMIFS('Key Numbers'!$C$2:$C$71,'Key Numbers'!$A$2:$A$71,"<="&ABS($I37),'Key Numbers'!$A$2:$A$71,">="&ABS($H37)), IF(J37="F0.5",0.5*SUMIFS('Key Numbers'!$C$2:$C$71,'Key Numbers'!$A$2:$A$71,"<="&ABS($I37),'Key Numbers'!$A$2:$A$71,">="&ABS($H37)), IF(J37="F-0.5",0.5*-1*SUMIFS('Key Numbers'!$C$2:$C$71,'Key Numbers'!$A$2:$A$71,">="&ABS($I37),'Key Numbers'!$A$2:$A$71,"<="&ABS($H37)), IF(AND(LEFT(J37,1)="F",K37<0),-1*SUMIFS('Key Numbers'!$C$2:$C$71,'Key Numbers'!$A$2:$A$71,">="&ABS($I37),'Key Numbers'!$A$2:$A$71,"<="&ABS($H37)), IF(AND(LEFT(J37,1)="F",K37>0),SUMIFS('Key Numbers'!$C$2:$C$71,'Key Numbers'!$A$2:$A$71,"<="&ABS($I37),'Key Numbers'!$A$2:$A$71,">="&ABS($H37)), IF(AND(LEFT(J37,1)="D",K37<0),-1*SUMIFS('Key Numbers'!$C$2:$C$71,'Key Numbers'!$A$2:$A$71,"<="&ABS($I37),'Key Numbers'!$A$2:$A$71,">="&ABS($H37)), SUMIFS('Key Numbers'!$C$2:$C$71,'Key Numbers'!$A$2:$A$71,">="&ABS($I37),'Key Numbers'!$A$2:$A$71,"<="&ABS($H37)))))))))) -> -0.073394495 | M37: {=IFERROR(INDEX(DVOA!$E$2:$E$20095,MATCH($F37&$A37-1&$B37,DVOA!$C$2:$C$20095&DVOA!$A$2:$A21103&DVOA!$B$2:$B$20095,0)),0)} -> -0.50962668 | O37: {=IFERROR(INDEX(DVOA!$AC$2:$AC$20095,MATCH($F37&$A37-1&$B37,DVOA!$C$2:$C$20095&DVOA!$A$2:$A$20095&DVOA!$B$2:$B$20095,0) ),0)} -> 0 | P37: {=IFERROR(INDEX(DVOA!$E$2:$E$20095,MATCH($G37&$A37-1&$B37,DVOA!$C$2:$C$20095&DVOA!$A$2:$A21103&DVOA!$B$2:$B$20095,0)),0)} -> 0.34823648 | R37: {=IFERROR(INDEX(DVOA!$AC$2:$AC$20095,MATCH($G37&$A37-1&$B37,DVOA!$C$2:$C$20095&DVOA!$A$2:$A$20095&DVOA!$B$2:$B$20095,0) ),0)} -> 0 | S37: =IF(O37=0,"",AVERAGE(O37,R37)) | T37: =IF(A37=1,"",M37-P37) -> -0.85786316 | U37: =IF(N37=0,"",N37-Q37) | V37: {=IFERROR(IF(E37="H",INDEX('DVOA Pred'!$G$2:$G$1000,MATCH($F37&$B37&$A37,'DVOA Pred'!$C$2:$C$1000&'DVOA Pred'!$A$2:$A$1000&'DVOA Pred'!$B$2:$B$1000,0)), INDEX('DVOA Pred'!$H$2:$H$1000,MATCH($F37&$B37&$A37,'DVOA Pred'!$D$2:$D$1000&'DVOA Pred'!$A$2:$A$1000&'DVOA Pred'!$B$2:$B$1000,0))),"")} | W37: =IFERROR(H37-V37,"") | X37: =IFERROR(I37-V37,"") | Y37: =IFERROR((PERCENTRANK($L$2:$L$20355,L37)*Multiples!$B$3)+((PERCENTRANK($W$2:$W$20355,W37)*(1-Multiples!$B$3))),"") | Z37: 31 | AA37: 30 | AB37: =IF(Z37<>"",Z37-AA37,"") -> 1 | AC37: =IF(Z37<>"",Z37+H37-AA37,"") -> 6.5 | AD37: =IF(Z37<>"",Z37+I37-AA37,"") -> 7.5 | AE37: =IF(Z37<>"",IF(AC37>0,"Yes","No"),"") -> Yes | AF37: =IF(AA37<>"",IF(AD37>0,"Yes","No"),"") -> Yes
A38: 2 | B38: 2022 | C38: =B38&" "&"W"&A38 -> 2022 W2 | D38: 19 | E38: H | F38: DET | G38: WAS | H38: -2.5 | I38: -1 | J38: =IF(I38>0,"D","F")&K38 -> F-1.5 | K38: =H38-I38 -> -1.5 | L38: =IF(K38=0,0, IF(J38="D0.5",0.5*SUMIFS('Key Numbers'!$C$2:$C$71,'Key Numbers'!$A$2:$A$71,">="&ABS($I38),'Key Numbers'!$A$2:$A$71,"<="&ABS($H38)), IF(J38="D-0.5",0.5*-1*SUMIFS('Key Numbers'!$C$2:$C$71,'Key Numbers'!$A$2:$A$71,"<="&ABS($I38),'Key Numbers'!$A$2:$A$71,">="&ABS($H38)), IF(J38="F0.5",0.5*SUMIFS('Key Numbers'!$C$2:$C$71,'Key Numbers'!$A$2:$A$71,"<="&ABS($I38),'Key Numbers'!$A$2:$A$71,">="&ABS($H38)), IF(J38="F-0.5",0.5*-1*SUMIFS('Key Numbers'!$C$2:$C$71,'Key Numbers'!$A$2:$A$71,">="&ABS($I38),'Key Numbers'!$A$2:$A$71,"<="&ABS($H38)), IF(AND(LEFT(J38,1)="F",K38<0),-1*SUMIFS('Key Numbers'!$C$2:$C$71,'Key Numbers'!$A$2:$A$71,">="&ABS($I38),'Key Numbers'!$A$2:$A$71,"<="&ABS($H38)), IF(AND(LEFT(J38,1)="F",K38>0),SUMIFS('Key Numbers'!$C$2:$C$71,'Key Numbers'!$A$2:$A$71,"<="&ABS($I38),'Key Numbers'!$A$2:$A$71,">="&ABS($H38)), IF(AND(LEFT(J38,1)="D",K38<0),-1*SUMIFS('Key Numbers'!$C$2:$C$71,'Key Numbers'!$A$2:$A$71,"<="&ABS($I38),'Key Numbers'!$A$2:$A$71,">="&ABS($H38)), SUMIFS('Key Numbers'!$C$2:$C$71,'Key Numbers'!$A$2:$A$71,">="&ABS($I38),'Key Numbers'!$A$2:$A$71,"<="&ABS($H38)))))))))) -> -0.11009174 | M38: {=IFERROR(INDEX(DVOA!$E$2:$E$20095,MATCH($F38&$A38-1&$B38,DVOA!$C$2:$C$20095&DVOA!$A$2:$A21104&DVOA!$B$2:$B$20095,0)),0)} -> -0.13559012 | O38: {=IFERROR(INDEX(DVOA!$AC$2:$AC$20095,MATCH($F38&$A38-1&$B38,DVOA!$C$2:$C$20095&DVOA!$A$2:$A$20095&DVOA!$B$2:$B$20095,0) ),0)} -> 0 | P38: {=IFERROR(INDEX(DVOA!$E$2:$E$20095,MATCH($G38&$A38-1&$B38,DVOA!$C$2:$C$20095&DVOA!$A$2:$A21104&DVOA!$B$2:$B$20095,0)),0)} -> -0.00035573116 | R38: {=IFERROR(INDEX(DVOA!$AC$2:$AC$20095,MATCH($G38&$A38-1&$B38,DVOA!$C$2:$C$20095&DVOA!$A$2:$A$20095&DVOA!$B$2:$B$20095,0) ),0)} -> 0 | S38: =IF(O38=0,"",AVERAGE(O38,R38)) | T38: =IF(A38=1,"",M38-P38) -> -0.13523438 | U38: =IF(N38=0,"",N38-Q38) | V38: {=IFERROR(IF(E38="H",INDEX('DVOA Pred'!$G$2:$G$1000,MATCH($F38&$B38&$A38,'DVOA Pred'!$C$2:$C$1000&'DVOA Pred'!$A$2:$A$1000&'DVOA Pred'!$B$2:$B$1000,0)), INDEX('DVOA Pred'!$H$2:$H$1000,MATCH($F38&$B38&$A38,'DVOA Pred'!$D$2:$D$1000&'DVOA Pred'!$A$2:$A$1000&'DVOA Pred'!$B$2:$B$1000,0))),"")} | W38: =IFERROR(H38-V38,"") | X38: =IFERROR(I38-V38,"") | Y38: =IFERROR((PERCENTRANK($L$2:$L$20355,L38)*Multiples!$B$3)+((PERCENTRANK($W$2:$W$20355,W38)*(1-Multiples!$B$3))),"") | Z38: 36 | AA38: 27 | AB38: =IF(Z38<>"",Z38-AA38,"") -> 9 | AC38: =IF(Z38<>"",Z38+H38-AA38,"") -> 6.5 | AD38: =IF(Z38<>"",Z38+I38-AA38,"") -> 8 | AE38: =IF(Z38<>"",IF(AC38>0,"Yes","No"),"") -> Yes | AF38: =IF(AA38<>"",IF(AD38>0,"Yes","No"),"") -> Yes
A39: 2 | B39: 2022 | C39: =B39&" "&"W"&A39 -> 2022 W2 | D39: 19 | E39: A | F39: WAS | G39: DET | H39: 2.5 | I39: 1 | J39: =IF(I39>0,"D","F")&K39 -> D1.5 | K39: =H39-I39 -> 1.5 | L39: =IF(K39=0,0, IF(J39="D0.5",0.5*SUMIFS('Key Numbers'!$C$2:$C$71,'Key Numbers'!$A$2:$A$71,">="&ABS($I39),'Key Numbers'!$A$2:$A$71,"<="&ABS($H39)), IF(J39="D-0.5",0.5*-1*SUMIFS('Key Numbers'!$C$2:$C$71,'Key Numbers'!$A$2:$A$71,"<="&ABS($I39),'Key Numbers'!$A$2:$A$71,">="&ABS($H39)), IF(J39="F0.5",0.5*SUMIFS('Key Numbers'!$C$2:$C$71,'Key Numbers'!$A$2:$A$71,"<="&ABS($I39),'Key Numbers'!$A$2:$A$71,">="&ABS($H39)), IF(J39="F-0.5",0.5*-1*SUMIFS('Key Numbers'!$C$2:$C$71,'Key Numbers'!$A$2:$A$71,">="&ABS($I39),'Key Numbers'!$A$2:$A$71,"<="&ABS($H39)), IF(AND(LEFT(J39,1)="F",K39<0),-1*SUMIFS('Key Numbers'!$C$2:$C$71,'Key Numbers'!$A$2:$A$71,">="&ABS($I39),'Key Numbers'!$A$2:$A$71,"<="&ABS($H39)), IF(AND(LEFT(J39,1)="F",K39>0),SUMIFS('Key Numbers'!$C$2:$C$71,'Key Numbers'!$A$2:$A$71,"<="&ABS($I39),'Key Numbers'!$A$2:$A$71,">="&ABS($H39)), IF(AND(LEFT(J39,1)="D",K39<0),-1*SUMIFS('Key Numbers'!$C$2:$C$71,'Key Numbers'!$A$2:$A$71,"<="&ABS($I39),'Key Numbers'!$A$2:$A$71,">="&ABS($H39)), SUMIFS('Key Numbers'!$C$2:$C$71,'Key Numbers'!$A$2:$A$71,">="&ABS($I39),'Key Numbers'!$A$2:$A$71,"<="&ABS($H39)))))))))) -> 0.11009174 | M39: {=IFERROR(INDEX(DVOA!$E$2:$E$20095,MATCH($F39&$A39-1&$B39,DVOA!$C$2:$C$20095&DVOA!$A$2:$A21105&DVOA!$B$2:$B$20095,0)),0)} -> -0.00035573116 | O39: {=IFERROR(INDEX(DVOA!$AC$2:$AC$20095,MATCH($F39&$A39-1&$B39,DVOA!$C$2:$C$20095&DVOA!$A$2:$A$20095&DVOA!$B$2:$B$20095,0) ),0)} -> 0 | P39: {=IFERROR(INDEX(DVOA!$E$2:$E$20095,MATCH($G39&$A39-1&$B39,DVOA!$C$2:$C$20095&DVOA!$A$2:$A21105&DVOA!$B$2:$B$20095,0)),0)} -> -0.13559012 | R39: {=IFERROR(INDEX(DVOA!$AC$2:$AC$20095,MATCH($G39&$A39-1&$B39,DVOA!$C$2:$C$20095&DVOA!$A$2:$A$20095&DVOA!$B$2:$B$20095,0) ),0)} -> 0 | S39: =IF(O39=0,"",AVERAGE(O39,R39)) | T39: =IF(A39=1,"",M39-P39) -> 0.13523438 | U39: =IF(N39=0,"",N39-Q39) | V39: {=IFERROR(IF(E39="H",INDEX('DVOA Pred'!$G$2:$G$1000,MATCH($F39&$B39&$A39,'DVOA Pred'!$C$2:$C$1000&'DVOA Pred'!$A$2:$A$1000&'DVOA Pred'!$B$2:$B$1000,0)), INDEX('DVOA Pred'!$H$2:$H$1000,MATCH($F39&$B39&$A39,'DVOA Pred'!$D$2:$D$1000&'DVOA Pred'!$A$2:$A$1000&'DVOA Pred'!$B$2:$B$1000,0))),"")} | W39: =IFERROR(H39-V39,"") | X39: =IFERROR(I39-V39,"") | Y39: =IFERROR((PERCENTRANK($L$2:$L$20355,L39)*Multiples!$B$3)+((PERCENTRANK($W$2:$W$20355,W39)*(1-Multiples!$B$3))),"") | Z39: 27 | AA39: 36 | AB39: =IF(Z39<>"",Z39-AA39,"") -> -9 | AC39: =IF(Z39<>"",Z39+H39-AA39,"") -> -6.5 | AD39: =IF(Z39<>"",Z39+I39-AA39,"") -> -8 | AE39: =IF(Z39<>"",IF(AC39>0,"Yes","No"),"") -> No | AF39: =IF(AA39<>"",IF(AD39>0,"Yes","No"),"") -> No
A40: 2 | B40: 2022 | C40: =B40&" "&"W"&A40 -> 2022 W2 | D40: 20 | E40: H | F40: NO | G40: TB | H40: 2.5 | I40: 2.5 | J40: =IF(I40>0,"D","F")&K40 -> D0 | K40: =H40-I40 -> 0 | L40: =IF(K40=0,0, IF(J40="D0.5",0.5*SUMIFS('Key Numbers'!$C$2:$C$71,'Key Numbers'!$A$2:$A$71,">="&ABS($I40),'Key Numbers'!$A$2:$A$71,"<="&ABS($H40)), IF(J40="D-0.5",0.5*-1*SUMIFS('Key Numbers'!$C$2:$C$71,'Key Numbers'!$A$2:$A$71,"<="&ABS($I40),'Key Numbers'!$A$2:$A$71,">="&ABS($H40)), IF(J40="F0.5",0.5*SUMIFS('Key Numbers'!$C$2:$C$71,'Key Numbers'!$A$2:$A$71,"<="&ABS($I40),'Key Numbers'!$A$2:$A$71,">="&ABS($H40)), IF(J40="F-0.5",0.5*-1*SUMIFS('Key Numbers'!$C$2:$C$71,'Key Numbers'!$A$2:$A$71,">="&ABS($I40),'Key Numbers'!$A$2:$A$71,"<="&ABS($H40)), IF(AND(LEFT(J40,1)="F",K40<0),-1*SUMIFS('Key Numbers'!$C$2:$C$71,'Key Numbers'!$A$2:$A$71,">="&ABS($I40),'Key Numbers'!$A$2:$A$71,"<="&ABS($H40)), IF(AND(LEFT(J40,1)="F",K40>0),SUMIFS('Key Numbers'!$C$2:$C$71,'Key Numbers'!$A$2:$A$71,"<="&ABS($I40),'Key Numbers'!$A$2:$A$71,">="&ABS($H40)), IF(AND(LEFT(J40,1)="D",K40<0),-1*SUMIFS('Key Numbers'!$C$2:$C$71,'Key Numbers'!$A$2:$A$71,"<="&ABS($I40),'Key Numbers'!$A$2:$A$71,">="&ABS($H40)), SUMIFS('Key Numbers'!$C$2:$C$71,'Key Numbers'!$A$2:$A$71,">="&ABS($I40),'Key Numbers'!$A$2:$A$71,"<="&ABS($H40)))))))))) -> 0 | M40: {=IFERROR(INDEX(DVOA!$E$2:$E$20095,MATCH($F40&$A40-1&$B40,DVOA!$C$2:$C$20095&DVOA!$A$2:$A21106&DVOA!$B$2:$B$20095,0)),0)} -> -0.20043609 | O40: {=IFERROR(INDEX(DVOA!$AC$2:$AC$20095,MATCH($F40&$A40-1&$B40,DVOA!$C$2:$C$20095&DVOA!$A$2:$A$20095&DVOA!$B$2:$B$20095,0) ),0)} -> 0 | P40: {=IFERROR(INDEX(DVOA!$E$2:$E$20095,MATCH($G40&$A40-1&$B40,DVOA!$C$2:$C$20095&DVOA!$A$2:$A21106&DVOA!$B$2:$B$20095,0)),0)} -> 0.46979719 | R40: {=IFERROR(INDEX(DVOA!$AC$2:$AC$20095,MATCH($G40&$A40-1&$B40,DVOA!$C$2:$C$20095&DVOA!$A$2:$A$20095&DVOA!$B$2:$B$20095,0) ),0)} -> 0 | S40: =IF(O40=0,"",AVERAGE(O40,R40)) | T40: =IF(A40=1,"",M40-P40) -> -0.67023328 | U40: =IF(N40=0,"",N40-Q40) | V40: {=IFERROR(IF(E40="H",INDEX('DVOA Pred'!$G$2:$G$1000,MATCH($F40&$B40&$A40,'DVOA Pred'!$C$2:$C$1000&'DVOA Pred'!$A$2:$A$1000&'DVOA Pred'!$B$2:$B$1000,0)), INDEX('DVOA Pred'!$H$2:$H$1000,MATCH($F40&$B40&$A40,'DVOA Pred'!$D$2:$D$1000&'DVOA Pred'!$A$2:$A$1000&'DVOA Pred'!$B$2:$B$1000,0))),"")} | W40: =IFERROR(H40-V40,"") | X40: =IFERROR(I40-V40,"") | Y40: =IFERROR((PERCENTRANK($L$2:$L$20355,L40)*Multiples!$B$3)+((PERCENTRANK($W$2:$W$20355,W40)*(1-Multiples!$B$3))),"") | Z40: 10 | AA40: 20 | AB40: =IF(Z40<>"",Z40-AA40,"") -> -10 | AC40: =IF(Z40<>"",Z40+H40-AA40,"") -> -7.5 | AD40: =IF(Z40<>"",Z40+I40-AA40,"") -> -7.5 | AE40: =IF(Z40<>"",IF(AC40>0,"Yes","No"),"") -> No | AF40: =IF(AA40<>"",IF(AD40>0,"Yes","No"),"") -> No
A41: 2 | B41: 2022 | C41: =B41&" "&"W"&A41 -> 2022 W2 | D41: 20 | E41: A | F41: TB | G41: NO | H41: -2.5 | I41: -2.5 | J41: =IF(I41>0,"D","F")&K41 -> F0 | K41: =H41-I41 -> 0 | L41: =IF(K41=0,0, IF(J41="D0.5",0.5*SUMIFS('Key Numbers'!$C$2:$C$71,'Key Numbers'!$A$2:$A$71,">="&ABS($I41),'Key Numbers'!$A$2:$A$71,"<="&ABS($H41)), IF(J41="D-0.5",0.5*-1*SUMIFS('Key Numbers'!$C$2:$C$71,'Key Numbers'!$A$2:$A$71,"<="&ABS($I41),'Key Numbers'!$A$2:$A$71,">="&ABS($H41)), IF(J41="F0.5",0.5*SUMIFS('Key Numbers'!$C$2:$C$71,'Key Numbers'!$A$2:$A$71,"<="&ABS($I41),'Key Numbers'!$A$2:$A$71,">="&ABS($H41)), IF(J41="F-0.5",0.5*-1*SUMIFS('Key Numbers'!$C$2:$C$71,'Key Numbers'!$A$2:$A$71,">="&ABS($I41),'Key Numbers'!$A$2:$A$71,"<="&ABS($H41)), IF(AND(LEFT(J41,1)="F",K41<0),-1*SUMIFS('Key Numbers'!$C$2:$C$71,'Key Numbers'!$A$2:$A$71,">="&ABS($I41),'Key Numbers'!$A$2:$A$71,"<="&ABS($H41)), IF(AND(LEFT(J41,1)="F",K41>0),SUMIFS('Key Numbers'!$C$2:$C$71,'Key Numbers'!$A$2:$A$71,"<="&ABS($I41),'Key Numbers'!$A$2:$A$71,">="&ABS($H41)), IF(AND(LEFT(J41,1)="D",K41<0),-1*SUMIFS('Key Numbers'!$C$2:$C$71,'Key Numbers'!$A$2:$A$71,"<="&ABS($I41),'Key Numbers'!$A$2:$A$71,">="&ABS($H41)), SUMIFS('Key Numbers'!$C$2:$C$71,'Key Numbers'!$A$2:$A$71,">="&ABS($I41),'Key Numbers'!$A$2:$A$71,"<="&ABS($H41)))))))))) -> 0 | M41: {=IFERROR(INDEX(DVOA!$E$2:$E$20095,MATCH($F41&$A41-1&$B41,DVOA!$C$2:$C$20095&DVOA!$A$2:$A21107&DVOA!$B$2:$B$20095,0)),0)} -> 0.46979719 | O41: {=IFERROR(INDEX(DVOA!$AC$2:$AC$20095,MATCH($F41&$A41-1&$B41,DVOA!$C$2:$C$20095&DVOA!$A$2:$A$20095&DVOA!$B$2:$B$20095,0) ),0)} -> 0 | P41: {=IFERROR(INDEX(DVOA!$E$2:$E$20095,MATCH($G41&$A41-1&$B41,DVOA!$C$2:$C$20095&DVOA!$A$2:$A21107&DVOA!$B$2:$B$20095,0)),0)} -> -0.20043609 | R41: {=IFERROR(INDEX(DVOA!$AC$2:$AC$20095,MATCH($G41&$A41-1&$B41,DVOA!$C$2:$C$20095&DVOA!$A$2:$A$20095&DVOA!$B$2:$B$20095,0) ),0)} -> 0 | S41: =IF(O41=0,"",AVERAGE(O41,R41)) | T41: =IF(A41=1,"",M41-P41) -> 0.67023328 | U41: =IF(N41=0,"",N41-Q41) | V41: {=IFERROR(IF(E41="H",INDEX('DVOA Pred'!$G$2:$G$1000,MATCH($F41&$B41&$A41,'DVOA Pred'!$C$2:$C$1000&'DVOA Pred'!$A$2:$A$1000&'DVOA Pred'!$B$2:$B$1000,0)), INDEX('DVOA Pred'!$H$2:$H$1000,MATCH($F41&$B41&$A41,'DVOA Pred'!$D$2:$D$1000&'DVOA Pred'!$A$2:$A$1000&'DVOA Pred'!$B$2:$B$1000,0))),"")} | W41: =IFERROR(H41-V41,"") | X41: =IFERROR(I41-V41,"") | Y41: =IFERROR((PERCENTRANK($L$2:$L$20355,L41)*Multiples!$B$3)+((PERCENTRANK($W$2:$W$20355,W41)*(1-Multiples!$B$3))),"") | Z41: 20 | AA41: 10 | AB41: =IF(Z41<>"",Z41-AA41,"") -> 10 | AC41: =IF(Z41<>"",Z41+H41-AA41,"") -> 7.5 | AD41: =IF(Z41<>"",Z41+I41-AA41,"") -> 7.5 | AE41: =IF(Z41<>"",IF(AC41>0,"Yes","No"),"") -> Yes | AF41: =IF(AA41<>"",IF(AD41>0,"Yes","No"),"") -> Yes
A42: 2 | B42: 2022 | C42: =B42&" "&"W"&A42 -> 2022 W2 | D42: 21 | E42: A | F42: CAR | G42: NYG | H42: 2.5 | I42: 1 | J42: =IF(I42>0,"D","F")&K42 -> D1.5 | K42: =H42-I42 -> 1.5 | L42: =IF(K42=0,0, IF(J42="D0.5",0.5*SUMIFS('Key Numbers'!$C$2:$C$71,'Key Numbers'!$A$2:$A$71,">="&ABS($I42),'Key Numbers'!$A$2:$A$71,"<="&ABS($H42)), IF(J42="D-0.5",0.5*-1*SUMIFS('Key Numbers'!$C$2:$C$71,'Key Numbers'!$A$2:$A$71,"<="&ABS($I42),'Key Numbers'!$A$2:$A$71,">="&ABS($H42)), IF(J42="F0.5",0.5*SUMIFS('Key Numbers'!$C$2:$C$71,'Key Numbers'!$A$2:$A$71,"<="&ABS($I42),'Key Numbers'!$A$2:$A$71,">="&ABS($H42)), IF(J42="F-0.5",0.5*-1*SUMIFS('Key Numbers'!$C$2:$C$71,'Key Numbers'!$A$2:$A$71,">="&ABS($I42),'Key Numbers'!$A$2:$A$71,"<="&ABS($H42)), IF(AND(LEFT(J42,1)="F",K42<0),-1*SUMIFS('Key Numbers'!$C$2:$C$71,'Key Numbers'!$A$2:$A$71,">="&ABS($I42),'Key Numbers'!$A$2:$A$71,"<="&ABS($H42)), IF(AND(LEFT(J42,1)="F",K42>0),SUMIFS('Key Numbers'!$C$2:$C$71,'Key Numbers'!$A$2:$A$71,"<="&ABS($I42),'Key Numbers'!$A$2:$A$71,">="&ABS($H42)), IF(AND(LEFT(J42,1)="D",K42<0),-1*SUMIFS('Key Numbers'!$C$2:$C$71,'Key Numbers'!$A$2:$A$71,"<="&ABS($I42),'Key Numbers'!$A$2:$A$71,">="&ABS($H42)), SUMIFS('Key Numbers'!$C$2:$C$71,'Key Numbers'!$A$2:$A$71,">="&ABS($I42),'Key Numbers'!$A$2:$A$71,"<="&ABS($H42)))))))))) -> 0.11009174 | M42: {=IFERROR(INDEX(DVOA!$E$2:$E$20095,MATCH($F42&$A42-1&$B42,DVOA!$C$2:$C$20095&DVOA!$A$2:$A21108&DVOA!$B$2:$B$20095,0)),0)} -> -0.30949492 | O42: {=IFERROR(INDEX(DVOA!$AC$2:$AC$20095,MATCH($F42&$A42-1&$B42,DVOA!$C$2:$C$20095&DVOA!$A$2:$A$20095&DVOA!$B$2:$B$20095,0) ),0)} -> 0 | P42: {=IFERROR(INDEX(DVOA!$E$2:$E$20095,MATCH($G42&$A42-1&$B42,DVOA!$C$2:$C$20095&DVOA!$A$2:$A21108&DVOA!$B$2:$B$20095,0)),0)} -> -0.19627738 | R42: {=IFERROR(INDEX(DVOA!$AC$2:$AC$20095,MATCH($G42&$A42-1&$B42,DVOA!$C$2:$C$20095&DVOA!$A$2:$A$20095&DVOA!$B$2:$B$20095,0) ),0)} -> 0 | S42: =IF(O42=0,"",AVERAGE(O42,R42)) | T42: =IF(A42=1,"",M42-P42) -> -0.11321754 | U42: =IF(N42=0,"",N42-Q42) | V42: {=IFERROR(IF(E42="H",INDEX('DVOA Pred'!$G$2:$G$1000,MATCH($F42&$B42&$A42,'DVOA Pred'!$C$2:$C$1000&'DVOA Pred'!$A$2:$A$1000&'DVOA Pred'!$B$2:$B$1000,0)), INDEX('DVOA Pred'!$H$2:$H$1000,MATCH($F42&$B42&$A42,'DVOA Pred'!$D$2:$D$1000&'DVOA Pred'!$A$2:$A$1000&'DVOA Pred'!$B$2:$B$1000,0))),"")} | W42: =IFERROR(H42-V42,"") | X42: =IFERROR(I42-V42,"") | Y42: =IFERROR((PERCENTRANK($L$2:$L$20355,L42)*Multiples!$B$3)+((PERCENTRANK($W$2:$W$20355,W42)*(1-Multiples!$B$3))),"") | Z42: 16 | AA42: 19 | AB42: =IF(Z42<>"",Z42-AA42,"") -> -3 | AC42: =IF(Z42<>"",Z42+H42-AA42,"") -> -0.5 | AD42: =IF(Z42<>"",Z42+I42-AA42,"") -> -2 | AE42: =IF(Z42<>"",IF(AC42>0,"Yes","No"),"") -> No | AF42: =IF(AA42<>"",IF(AD42>0,"Yes","No"),"") -> No
A43: 2 | B43: 2022 | C43: =B43&" "&"W"&A43 -> 2022 W2 | D43: 21 | E43: H | F43: NYG | G43: CAR | H43: -2.5 | I43: -1 | J43: =IF(I43>0,"D","F")&K43 -> F-1.5 | K43: =H43-I43 -> -1.5 | L43: =IF(K43=0,0, IF(J43="D0.5",0.5*SUMIFS('Key Numbers'!$C$2:$C$71,'Key Numbers'!$A$2:$A$71,">="&ABS($I43),'Key Numbers'!$A$2:$A$71,"<="&ABS($H43)), IF(J43="D-0.5",0.5*-1*SUMIFS('Key Numbers'!$C$2:$C$71,'Key Numbers'!$A$2:$A$71,"<="&ABS($I43),'Key Numbers'!$A$2:$A$71,">="&ABS($H43)), IF(J43="F0.5",0.5*SUMIFS('Key Numbers'!$C$2:$C$71,'Key Numbers'!$A$2:$A$71,"<="&ABS($I43),'Key Numbers'!$A$2:$A$71,">="&ABS($H43)), IF(J43="F-0.5",0.5*-1*SUMIFS('Key Numbers'!$C$2:$C$71,'Key Numbers'!$A$2:$A$71,">="&ABS($I43),'Key Numbers'!$A$2:$A$71,"<="&ABS($H43)), IF(AND(LEFT(J43,1)="F",K43<0),-1*SUMIFS('Key Numbers'!$C$2:$C$71,'Key Numbers'!$A$2:$A$71,">="&ABS($I43),'Key Numbers'!$A$2:$A$71,"<="&ABS($H43)), IF(AND(LEFT(J43,1)="F",K43>0),SUMIFS('Key Numbers'!$C$2:$C$71,'Key Numbers'!$A$2:$A$71,"<="&ABS($I43),'Key Numbers'!$A$2:$A$71,">="&ABS($H43)), IF(AND(LEFT(J43,1)="D",K43<0),-1*SUMIFS('Key Numbers'!$C$2:$C$71,'Key Numbers'!$A$2:$A$71,"<="&ABS($I43),'Key Numbers'!$A$2:$A$71,">="&ABS($H43)), SUMIFS('Key Numbers'!$C$2:$C$71,'Key Numbers'!$A$2:$A$71,">="&ABS($I43),'Key Numbers'!$A$2:$A$71,"<="&ABS($H43)))))))))) -> -0.11009174 | M43: {=IFERROR(INDEX(DVOA!$E$2:$E$20095,MATCH($F43&$A43-1&$B43,DVOA!$C$2:$C$20095&DVOA!$A$2:$A21109&DVOA!$B$2:$B$20095,0)),0)} -> -0.19627738 | O43: {=IFERROR(INDEX(DVOA!$AC$2:$AC$20095,MATCH($F43&$A43-1&$B43,DVOA!$C$2:$C$20095&DVOA!$A$2:$A$20095&DVOA!$B$2:$B$20095,0) ),0)} -> 0 | P43: {=IFERROR(INDEX(DVOA!$E$2:$E$20095,MATCH($G43&$A43-1&$B43,DVOA!$C$2:$C$20095&DVOA!$A$2:$A21109&DVOA!$B$2:$B$20095,0)),0)} -> -0.30949492 | R43: {=IFERROR(INDEX(DVOA!$AC$2:$AC$20095,MATCH($G43&$A43-1&$B43,DVOA!$C$2:$C$20095&DVOA!$A$2:$A$20095&DVOA!$B$2:$B$20095,0) ),0)} -> 0 | S43: =IF(O43=0,"",AVERAGE(O43,R43)) | T43: =IF(A43=1,"",M43-P43) -> 0.11321754 | U43: =IF(N43=0,"",N43-Q43) | V43: {=IFERROR(IF(E43="H",INDEX('DVOA Pred'!$G$2:$G$1000,MATCH($F43&$B43&$A43,'DVOA Pred'!$C$2:$C$1000&'DVOA Pred'!$A$2:$A$1000&'DVOA Pred'!$B$2:$B$1000,0)), INDEX('DVOA Pred'!$H$2:$H$1000,MATCH($F43&$B43&$A43,'DVOA Pred'!$D$2:$D$1000&'DVOA Pred'!$A$2:$A$1000&'DVOA Pred'!$B$2:$B$1000,0))),"")} | W43: =IFERROR(H43-V43,"") | X43: =IFERROR(I43-V43,"") | Y43: =IFERROR((PERCENTRANK($L$2:$L$20355,L43)*Multiples!$B$3)+((PERCENTRANK($W$2:$W$20355,W43)*(1-Multiples!$B$3))),"") | Z43: 19 | AA43: 16 | AB43: =IF(Z43<>"",Z43-AA43,"") -> 3 | AC43: =IF(Z43<>"",Z43+H43-AA43,"") -> 0.5 | AD43: =IF(Z43<>"",Z43+I43-AA43,"") -> 2 | AE43: =IF(Z43<>"",IF(AC43>0,"Yes","No"),"") -> Yes | AF43: =IF(AA43<>"",IF(AD43>0,"Yes","No"),"") -> Yes
A44: 2 | B44: 2022 | C44: =B44&" "&"W"&A44 -> 2022 W2 | D44: 22 | E44: A | F44: NE | G44: PIT | H44: 0.5 | I44: -3 | J44: =IF(I44>0,"D","F")&K44 -> F3.5 | K44: =H44-I44 -> 3.5 | L44: =IF(K44=0,0, IF(J44="D0.5",0.5*SUMIFS('Key Numbers'!$C$2:$C$71,'Key Numbers'!$A$2:$A$71,">="&ABS($I44),'Key Numbers'!$A$2:$A$71,"<="&ABS($H44)), IF(J44="D-0.5",0.5*-1*SUMIFS('Key Numbers'!$C$2:$C$71,'Key Numbers'!$A$2:$A$71,"<="&ABS($I44),'Key Numbers'!$A$2:$A$71,">="&ABS($H44)), IF(J44="F0.5",0.5*SUMIFS('Key Numbers'!$C$2:$C$71,'Key Numbers'!$A$2:$A$71,"<="&ABS($I44),'Key Numbers'!$A$2:$A$71,">="&ABS($H44)), IF(J44="F-0.5",0.5*-1*SUMIFS('Key Numbers'!$C$2:$C$71,'Key Numbers'!$A$2:$A$71,">="&ABS($I44),'Key Numbers'!$A$2:$A$71,"<="&ABS($H44)), IF(AND(LEFT(J44,1)="F",K44<0),-1*SUMIFS('Key Numbers'!$C$2:$C$71,'Key Numbers'!$A$2:$A$71,">="&ABS($I44),'Key Numbers'!$A$2:$A$71,"<="&ABS($H44)), IF(AND(LEFT(J44,1)="F",K44>0),SUMIFS('Key Numbers'!$C$2:$C$71,'Key Numbers'!$A$2:$A$71,"<="&ABS($I44),'Key Numbers'!$A$2:$A$71,">="&ABS($H44)), IF(AND(LEFT(J44,1)="D",K44<0),-1*SUMIFS('Key Numbers'!$C$2:$C$71,'Key Numbers'!$A$2:$A$71,"<="&ABS($I44),'Key Numbers'!$A$2:$A$71,">="&ABS($H44)), SUMIFS('Key Numbers'!$C$2:$C$71,'Key Numbers'!$A$2:$A$71,">="&ABS($I44),'Key Numbers'!$A$2:$A$71,"<="&ABS($H44)))))))))) -> 0.25504587 | M44: {=IFERROR(INDEX(DVOA!$E$2:$E$20095,MATCH($F44&$A44-1&$B44,DVOA!$C$2:$C$20095&DVOA!$A$2:$A21110&DVOA!$B$2:$B$20095,0)),0)} -> -0.084771837 | O44: {=IFERROR(INDEX(DVOA!$AC$2:$AC$20095,MATCH($F44&$A44-1&$B44,DVOA!$C$2:$C$20095&DVOA!$A$2:$A$20095&DVOA!$B$2:$B$20095,0) ),0)} -> 0 | P44: {=IFERROR(INDEX(DVOA!$E$2:$E$20095,MATCH($G44&$A44-1&$B44,DVOA!$C$2:$C$20095&DVOA!$A$2:$A21110&DVOA!$B$2:$B$20095,0)),0)} -> 0.08680346 | R44: {=IFERROR(INDEX(DVOA!$AC$2:$AC$20095,MATCH($G44&$A44-1&$B44,DVOA!$C$2:$C$20095&DVOA!$A$2:$A$20095&DVOA!$B$2:$B$20095,0) ),0)} -> 0 | S44: =IF(O44=0,"",AVERAGE(O44,R44)) | T44: =IF(A44=1,"",M44-P44) -> -0.1715753 | U44: =IF(N44=0,"",N44-Q44) | V44: {=IFERROR(IF(E44="H",INDEX('DVOA Pred'!$G$2:$G$1000,MATCH($F44&$B44&$A44,'DVOA Pred'!$C$2:$C$1000&'DVOA Pred'!$A$2:$A$1000&'DVOA Pred'!$B$2:$B$1000,0)), INDEX('DVOA Pred'!$H$2:$H$1000,MATCH($F44&$B44&$A44,'DVOA Pred'!$D$2:$D$1000&'DVOA Pred'!$A$2:$A$1000&'DVOA Pred'!$B$2:$B$1000,0))),"")} | W44: =IFERROR(H44-V44,"") | X44: =IFERROR(I44-V44,"") | Y44: =IFERROR((PERCENTRANK($L$2:$L$20355,L44)*Multiples!$B$3)+((PERCENTRANK($W$2:$W$20355,W44)*(1-Multiples!$B$3))),"") | Z44: 17 | AA44: 14 | AB44: =IF(Z44<>"",Z44-AA44,"") -> 3 | AC44: =IF(Z44<>"",Z44+H44-AA44,"") -> 3.5 | AD44: =IF(Z44<>"",Z44+I44-AA44,"") -> 0 | AE44: =IF(Z44<>"",IF(AC44>0,"Yes","No"),"") -> Yes | AF44: =IF(AA44<>"",IF(AD44>0,"Yes","No"),"") -> No
